Sale_ID,Timestamp,Buyer_ID,Seller_ID,Warehouse_ID,Part_ID,Quantity_Sold,Quantity_Returned,Unit_Price_USD
SALE-00001,2026-03-31 19:55:16,CUST-102,Mumbai West Hub,WH-West-CA,FIL-4003,7,0,45.17
SALE-00002,2026-07-24 18:09:11,CUST-131,Kolkata East Hub,WH-East-NC,FAS-3003,8,0,22.06
SALE-00003,2025-12-08 18:56:47,CUST-140,Bengaluru Technology Hub,WH-Pacific-WA,ELE-2002,3,0,123.54
SALE-00004,2026-07-18 19:27:37,CUST-155,Bengaluru Technology Hub,WH-Pacific-WA,FAS-3002,8,0,18.76
SALE-00005,2026-02-11 17:47:52,CUST-145,Bengaluru Technology Hub,WH-Pacific-WA,ELE-2003,3,0,70.52
SALE-00006,2026-02-19 20:56:53,CUST-130,Guwahati Northeast Hub,WH-Northeast-NY,FAS-3001,8,0,26.21
SALE-00007,2026-07-10 20:16:06,CUST-107,Mumbai West Hub,WH-West-CA,ELE-2001,1,0,667.54
SALE-00008,2025-09-26 19:04:32,CUST-106,Kolkata East Hub,WH-East-NC,FAS-3004,9,0,36.03
SALE-00009,2026-03-17 19:51:21,CUST-147,Delhi North Hub,WH-North-IL,FIL-4005,5,0,63.55
SALE-00010,2026-01-18 17:56:30,CUST-140,Hyderabad Central Hub,WH-Central-TX,FAS-3003,5,0,22.39
SALE-00011,2025-12-27 20:41:31,CUST-145,Coimbatore South Central Hub,WH-SouthCentral-OK,FIL-4005,6,0,66.6
SALE-00012,2026-03-24 17:45:16,CUST-113,Hyderabad Central Hub,WH-Central-TX,FAS-3005,11,0,29.74
SALE-00013,2026-03-13 18:25:07,CUST-103,Chennai South Hub,WH-South-FL,ELE-2003,2,0,78.79
SALE-00014,2026-02-28 20:34:01,CUST-134,Nagpur Central Hub,WH-GreatLakes-MI,HYD-1004,3,0,165.56
SALE-00015,2025-11-08 18:44:41,CUST-122,Bengaluru Technology Hub,WH-Pacific-WA,FAS-3004,13,0,35.98
SALE-00016,2025-09-09 18:24:54,CUST-120,Bengaluru Technology Hub,WH-Pacific-WA,HYD-1002,3,0,329.56
SALE-00017,2025-12-27 17:52:19,CUST-160,Chennai South Hub,WH-South-FL,FIL-4003,7,0,44.74
SALE-00018,2025-12-29 18:23:55,CUST-116,Delhi North Hub,WH-North-IL,HYD-1005,1,0,137.12
SALE-00019,2026-01-20 20:51:33,CUST-109,Mumbai West Hub,WH-West-CA,FIL-4001,9,0,53.26
SALE-00020,2025-12-14 17:50:07,CUST-123,Jaipur Regional Hub,WH-Mountain-CO,FAS-3002,9,0,18.17
SALE-00021,2025-10-24 20:52:03,CUST-102,Indore Central-West Hub,WH-Rockies-UT,FAS-3001,14,0,23.56
SALE-00022,2026-01-18 20:53:10,CUST-157,Hyderabad Central Hub,WH-Central-TX,FAS-3001,6,0,24.94
SALE-00023,2026-06-21 19:42:55,CUST-109,Guwahati Northeast Hub,WH-Northeast-NY,FAS-3005,12,0,30.34
SALE-00024,2026-07-16 19:29:53,CUST-101,Coimbatore South Central Hub,WH-SouthCentral-OK,FAS-3005,7,0,31.74
SALE-00025,2026-01-10 19:49:17,CUST-104,Mumbai West Hub,WH-West-CA,HYD-1004,2,0,185.12
SALE-00026,2026-01-12 18:48:52,CUST-132,Guwahati Northeast Hub,WH-Northeast-NY,ELE-2003,3,0,79.07
SALE-00027,2026-04-23 20:08:47,CUST-131,Guwahati Northeast Hub,WH-Northeast-NY,FAS-3002,13,0,18.89
SALE-00028,2026-06-03 20:23:56,CUST-125,Bhubaneswar Southeast Hub,WH-Southeast-GA,FAS-3005,7,0,31.46
SALE-00029,2025-10-01 20:39:11,CUST-127,Coimbatore South Central Hub,WH-SouthCentral-OK,FAS-3002,9,0,17.52
SALE-00030,2026-03-25 17:15:55,CUST-129,Indore Central-West Hub,WH-Rockies-UT,HYD-1001,1,0,442.21
SALE-00031,2026-05-08 19:03:21,CUST-135,Mumbai West Hub,WH-West-CA,FAS-3002,11,0,17.01
SALE-00032,2026-07-02 19:57:04,CUST-144,Guwahati Northeast Hub,WH-Northeast-NY,FAS-3004,7,0,36.63
SALE-00033,2026-01-27 19:03:03,CUST-107,Hyderabad Central Hub,WH-Central-TX,ELE-2005,3,0,207.13
SALE-00034,2026-06-26 20:00:18,CUST-137,Guwahati Northeast Hub,WH-Northeast-NY,FIL-4004,3,0,46.1
SALE-00035,2026-04-20 20:13:59,CUST-126,Bengaluru Technology Hub,WH-Pacific-WA,HYD-1005,4,0,146.4
SALE-00036,2026-04-23 20:27:34,CUST-158,Pune Midwest Hub,WH-Midwest-OH,FAS-3003,7,0,20.97
SALE-00037,2025-11-16 20:24:25,CUST-125,Jaipur Regional Hub,WH-Mountain-CO,HYD-1001,3,0,447.91
SALE-00038,2026-07-15 17:14:29,CUST-153,Guwahati Northeast Hub,WH-Northeast-NY,FAS-3004,10,0,37.59
SALE-00039,2026-03-17 18:52:44,CUST-102,Kolkata East Hub,WH-East-NC,HYD-1001,7,0,433.32
SALE-00040,2025-12-27 18:05:06,CUST-119,Indore Central-West Hub,WH-Rockies-UT,ELE-2001,1,0,666.81
SALE-00041,2026-01-15 19:29:19,CUST-113,Lucknow Mid-India Hub,WH-MidAtlantic-VA,ELE-2002,3,0,134.79
SALE-00042,2025-09-14 19:19:35,CUST-107,Ahmedabad Southwest Hub,WH-Southwest-AZ,FAS-3002,16,0,17.2
SALE-00043,2026-05-13 17:32:09,CUST-107,Nagpur Central Hub,WH-GreatLakes-MI,ELE-2002,1,0,130.84
SALE-00044,2026-07-07 20:16:35,CUST-131,Indore Central-West Hub,WH-Rockies-UT,HYD-1004,4,0,179.26
SALE-00045,2026-02-18 19:13:16,CUST-129,Jaipur Regional Hub,WH-Mountain-CO,FIL-4003,13,7,41.15
SALE-00046,2026-04-22 20:07:34,CUST-134,Mumbai West Hub,WH-West-CA,FIL-4005,4,0,63.39
SALE-00047,2026-04-04 18:16:55,CUST-123,Bengaluru Technology Hub,WH-Pacific-WA,FIL-4003,5,0,44.04
SALE-00048,2026-05-08 18:41:48,CUST-111,Jaipur Regional Hub,WH-Mountain-CO,FIL-4001,9,0,57.9
SALE-00049,2026-04-10 20:04:57,CUST-128,Mumbai West Hub,WH-West-CA,FIL-4003,8,0,41.18
SALE-00050,2026-03-12 17:34:16,CUST-107,Chennai South Hub,WH-South-FL,FAS-3004,11,0,33.99
SALE-00051,2026-04-04 19:04:18,CUST-148,Indore Central-West Hub,WH-Rockies-UT,FIL-4004,11,0,49.7
SALE-00052,2025-11-23 19:22:42,CUST-138,Hyderabad Central Hub,WH-Central-TX,FIL-4002,8,0,31.72
SALE-00053,2025-09-22 17:28:36,CUST-116,Pune Midwest Hub,WH-Midwest-OH,HYD-1002,7,0,342.07
SALE-00054,2026-05-06 19:34:59,CUST-118,Bengaluru Technology Hub,WH-Pacific-WA,FAS-3003,10,0,21.91
SALE-00055,2026-01-22 17:43:51,CUST-105,Guwahati Northeast Hub,WH-Northeast-NY,FAS-3001,6,0,25.97
SALE-00056,2026-07-26 18:08:41,CUST-122,Indore Central-West Hub,WH-Rockies-UT,HYD-1003,8,0,79.92
SALE-00057,2025-10-19 17:35:37,CUST-141,Indore Central-West Hub,WH-Rockies-UT,ELE-2004,3,0,406.12
SALE-00058,2025-10-10 20:05:47,CUST-159,Nagpur Central Hub,WH-GreatLakes-MI,HYD-1005,5,0,133.04
SALE-00059,2025-10-17 20:12:44,CUST-153,Hyderabad Central Hub,WH-Central-TX,FIL-4001,9,0,56.19
SALE-00060,2025-11-29 19:03:39,CUST-112,Jaipur Regional Hub,WH-Mountain-CO,FAS-3002,13,0,18.2
SALE-00061,2025-11-08 20:05:41,CUST-114,Ahmedabad Southwest Hub,WH-Southwest-AZ,ELE-2005,4,0,205.77
SALE-00062,2025-10-31 20:46:37,CUST-115,Pune Midwest Hub,WH-Midwest-OH,FIL-4003,9,0,40.32
SALE-00063,2026-02-18 18:33:39,CUST-157,Coimbatore South Central Hub,WH-SouthCentral-OK,FIL-4002,4,0,32.72
SALE-00064,2026-07-11 17:00:57,CUST-124,Chennai South Hub,WH-South-FL,FAS-3004,4,0,37.07
SALE-00065,2026-01-27 20:20:25,CUST-136,Lucknow Mid-India Hub,WH-MidAtlantic-VA,FAS-3003,8,0,22.52
SALE-00066,2026-03-09 19:46:53,CUST-145,Pune Midwest Hub,WH-Midwest-OH,FIL-4005,8,0,59.38
SALE-00067,2026-06-03 19:01:00,CUST-134,Coimbatore South Central Hub,WH-SouthCentral-OK,HYD-1003,3,0,86.79
SALE-00068,2026-01-31 20:44:10,CUST-116,Delhi North Hub,WH-North-IL,FAS-3001,12,0,26.5
SALE-00069,2026-05-05 18:20:59,CUST-142,Bhubaneswar Southeast Hub,WH-Southeast-GA,FIL-4001,8,0,58.71
SALE-00070,2026-05-19 19:20:55,CUST-139,Delhi North Hub,WH-North-IL,FAS-3004,12,0,33.27
SALE-00071,2025-09-02 17:04:21,CUST-119,Nagpur Central Hub,WH-GreatLakes-MI,FAS-3002,12,0,17.0
SALE-00072,2025-11-27 20:58:55,CUST-124,Indore Central-West Hub,WH-Rockies-UT,FIL-4005,5,0,64.77
SALE-00073,2026-03-29 20:23:43,CUST-146,Kolkata East Hub,WH-East-NC,HYD-1005,1,0,132.54
SALE-00074,2026-06-28 19:01:11,CUST-143,Mumbai West Hub,WH-West-CA,ELE-2004,2,0,411.27
SALE-00075,2026-01-03 20:14:38,CUST-159,Ahmedabad Southwest Hub,WH-Southwest-AZ,FAS-3002,9,0,19.29
SALE-00076,2026-05-22 18:26:30,CUST-151,Coimbatore South Central Hub,WH-SouthCentral-OK,HYD-1005,4,0,136.67
SALE-00077,2026-01-13 18:09:22,CUST-143,Guwahati Northeast Hub,WH-Northeast-NY,FIL-4002,6,0,33.3
SALE-00078,2026-02-24 20:56:31,CUST-128,Pune Midwest Hub,WH-Midwest-OH,HYD-1005,1,0,145.15
SALE-00079,2025-11-11 17:38:59,CUST-114,Kolkata East Hub,WH-East-NC,ELE-2004,2,0,401.37
SALE-00080,2026-03-19 20:50:44,CUST-140,Chennai South Hub,WH-South-FL,ELE-2003,1,0,77.48
SALE-00081,2025-10-16 20:33:03,CUST-109,Lucknow Mid-India Hub,WH-MidAtlantic-VA,FIL-4002,9,0,34.22
SALE-00082,2026-03-13 19:50:27,CUST-118,Coimbatore South Central Hub,WH-SouthCentral-OK,HYD-1005,4,0,140.36
SALE-00083,2026-07-01 17:50:50,CUST-149,Guwahati Northeast Hub,WH-Northeast-NY,FIL-4002,4,0,32.74
SALE-00084,2025-12-27 17:08:26,CUST-150,Nagpur Central Hub,WH-GreatLakes-MI,FIL-4002,2,0,30.98
SALE-00085,2026-03-26 17:04:45,CUST-133,Ahmedabad Southwest Hub,WH-Southwest-AZ,FIL-4005,3,0,60.86
SALE-00086,2026-01-03 18:49:38,CUST-147,Pune Midwest Hub,WH-Midwest-OH,ELE-2001,1,0,669.14
SALE-00087,2026-01-29 19:43:12,CUST-104,Bhubaneswar Southeast Hub,WH-Southeast-GA,HYD-1002,6,0,306.9
SALE-00088,2026-02-11 19:12:50,CUST-148,Coimbatore South Central Hub,WH-SouthCentral-OK,FIL-4001,8,0,58.8
SALE-00089,2026-03-29 19:44:32,CUST-130,Bengaluru Technology Hub,WH-Pacific-WA,HYD-1005,8,0,143.07
SALE-00090,2026-06-20 20:35:59,CUST-129,Chennai South Hub,WH-South-FL,FAS-3001,13,0,24.28
SALE-00091,2025-12-24 17:40:56,CUST-119,Ahmedabad Southwest Hub,WH-Southwest-AZ,HYD-1001,1,0,424.06
SALE-00092,2025-10-03 20:08:35,CUST-136,Indore Central-West Hub,WH-Rockies-UT,FIL-4003,9,0,41.2
SALE-00093,2025-10-24 20:43:22,CUST-132,Mumbai West Hub,WH-West-CA,FAS-3005,9,0,28.79
SALE-00094,2025-09-28 20:00:53,CUST-150,Kolkata East Hub,WH-East-NC,ELE-2005,4,0,217.49
SALE-00095,2026-07-08 20:20:18,CUST-141,Nagpur Central Hub,WH-GreatLakes-MI,FAS-3005,6,0,29.41
SALE-00096,2026-05-10 19:23:33,CUST-152,Nagpur Central Hub,WH-GreatLakes-MI,FAS-3002,9,0,18.87
SALE-00097,2025-11-13 18:31:44,CUST-112,Mumbai West Hub,WH-West-CA,HYD-1005,8,0,133.75
SALE-00098,2026-06-12 20:30:38,CUST-115,Mumbai West Hub,WH-West-CA,ELE-2005,1,0,221.51
SALE-00099,2026-07-11 18:56:48,CUST-133,Bhubaneswar Southeast Hub,WH-Southeast-GA,ELE-2003,3,0,71.67
SALE-00100,2025-12-13 18:55:33,CUST-121,Nagpur Central Hub,WH-GreatLakes-MI,HYD-1003,2,0,84.76
SALE-00101,2026-02-14 18:42:26,CUST-118,Delhi North Hub,WH-North-IL,FAS-3005,11,0,29.61
SALE-00102,2026-04-02 20:55:55,CUST-136,Bhubaneswar Southeast Hub,WH-Southeast-GA,ELE-2004,4,0,418.29
SALE-00103,2026-01-18 17:11:52,CUST-158,Coimbatore South Central Hub,WH-SouthCentral-OK,FIL-4004,8,0,50.8
SALE-00104,2025-12-24 18:49:02,CUST-118,Coimbatore South Central Hub,WH-SouthCentral-OK,FIL-4002,8,0,34.2
SALE-00105,2026-04-18 17:27:22,CUST-114,Guwahati Northeast Hub,WH-Northeast-NY,FIL-4004,4,0,46.93
SALE-00106,2026-02-19 17:08:00,CUST-148,Guwahati Northeast Hub,WH-Northeast-NY,HYD-1005,2,0,137.88
SALE-00107,2026-01-12 20:21:46,CUST-114,Hyderabad Central Hub,WH-Central-TX,ELE-2001,2,0,675.6
SALE-00108,2025-09-21 17:54:04,CUST-102,Ahmedabad Southwest Hub,WH-Southwest-AZ,ELE-2002,3,0,119.55
SALE-00109,2025-09-09 19:31:43,CUST-146,Kolkata East Hub,WH-East-NC,ELE-2002,2,0,131.86
SALE-00110,2026-01-15 17:15:24,CUST-129,Hyderabad Central Hub,WH-Central-TX,ELE-2005,3,0,223.32
SALE-00111,2026-06-13 19:58:48,CUST-138,Mumbai West Hub,WH-West-CA,FAS-3004,6,0,36.29
SALE-00112,2026-04-29 17:16:09,CUST-138,Nagpur Central Hub,WH-GreatLakes-MI,HYD-1005,2,0,137.2
SALE-00113,2026-04-24 19:43:11,CUST-114,Mumbai West Hub,WH-West-CA,ELE-2005,1,0,211.01
SALE-00114,2026-06-12 18:28:17,CUST-155,Pune Midwest Hub,WH-Midwest-OH,ELE-2002,1,0,118.56
SALE-00115,2026-01-23 18:46:04,CUST-131,Kolkata East Hub,WH-East-NC,FAS-3005,9,0,28.69
SALE-00116,2025-09-15 17:41:50,CUST-123,Mumbai West Hub,WH-West-CA,FIL-4003,8,0,42.11
SALE-00117,2026-05-29 17:52:43,CUST-104,Hyderabad Central Hub,WH-Central-TX,ELE-2004,4,0,396.98
SALE-00118,2025-10-05 20:56:20,CUST-123,Lucknow Mid-India Hub,WH-MidAtlantic-VA,ELE-2005,1,0,201.02
SALE-00119,2025-11-17 18:05:57,CUST-124,Pune Midwest Hub,WH-Midwest-OH,ELE-2001,1,0,695.74
SALE-00120,2025-09-22 18:15:36,CUST-117,Nagpur Central Hub,WH-GreatLakes-MI,ELE-2002,1,0,132.35
SALE-00121,2026-07-10 20:18:01,CUST-106,Delhi North Hub,WH-North-IL,ELE-2004,4,0,412.84
SALE-00122,2026-01-06 19:08:41,CUST-139,Hyderabad Central Hub,WH-Central-TX,FIL-4004,7,0,50.48
SALE-00123,2026-01-21 17:28:03,CUST-105,Bhubaneswar Southeast Hub,WH-Southeast-GA,FAS-3004,7,0,34.49
SALE-00124,2026-05-10 20:16:41,CUST-146,Guwahati Northeast Hub,WH-Northeast-NY,HYD-1003,8,0,86.6
SALE-00125,2026-05-03 18:46:13,CUST-138,Jaipur Regional Hub,WH-Mountain-CO,HYD-1005,1,0,137.68
SALE-00126,2026-03-14 20:20:30,CUST-139,Delhi North Hub,WH-North-IL,ELE-2005,3,0,205.4
SALE-00127,2025-10-28 17:01:46,CUST-129,Pune Midwest Hub,WH-Midwest-OH,ELE-2001,1,0,658.42
SALE-00128,2026-03-29 19:00:59,CUST-112,Kolkata East Hub,WH-East-NC,FIL-4001,5,0,57.08
SALE-00129,2026-07-26 19:45:37,CUST-113,Indore Central-West Hub,WH-Rockies-UT,FIL-4001,5,0,53.96
SALE-00130,2026-07-06 18:44:15,CUST-144,Coimbatore South Central Hub,WH-SouthCentral-OK,FIL-4004,6,0,46.41
SALE-00131,2026-07-27 20:34:08,CUST-144,Guwahati Northeast Hub,WH-Northeast-NY,FIL-4003,4,0,40.7
SALE-00132,2026-06-17 19:57:08,CUST-142,Bengaluru Technology Hub,WH-Pacific-WA,FAS-3003,14,0,21.67
SALE-00133,2026-04-24 20:33:26,CUST-134,Coimbatore South Central Hub,WH-SouthCentral-OK,FAS-3003,9,0,21.37
SALE-00134,2025-09-18 20:41:32,CUST-129,Bhubaneswar Southeast Hub,WH-Southeast-GA,FAS-3003,6,0,23.71
SALE-00135,2025-11-20 19:36:28,CUST-118,Jaipur Regional Hub,WH-Mountain-CO,FIL-4005,7,0,61.1
SALE-00136,2026-01-20 17:51:25,CUST-125,Pune Midwest Hub,WH-Midwest-OH,ELE-2001,1,0,698.53
SALE-00137,2026-06-10 20:46:26,CUST-124,Pune Midwest Hub,WH-Midwest-OH,HYD-1004,2,0,171.99
SALE-00138,2025-11-18 17:19:24,CUST-113,Chennai South Hub,WH-South-FL,ELE-2003,3,0,72.56
SALE-00139,2025-09-13 17:54:24,CUST-111,Indore Central-West Hub,WH-Rockies-UT,ELE-2004,4,0,405.88
SALE-00140,2026-06-27 18:51:49,CUST-121,Hyderabad Central Hub,WH-Central-TX,ELE-2001,2,0,695.1
SALE-00141,2025-12-25 17:25:52,CUST-132,Ahmedabad Southwest Hub,WH-Southwest-AZ,HYD-1004,4,0,169.47
SALE-00142,2026-02-02 18:30:04,CUST-131,Lucknow Mid-India Hub,WH-MidAtlantic-VA,ELE-2005,1,0,214.22
SALE-00143,2026-01-01 18:24:38,CUST-139,Pune Midwest Hub,WH-Midwest-OH,HYD-1001,2,0,469.6
SALE-00144,2025-10-11 17:24:09,CUST-133,Bengaluru Technology Hub,WH-Pacific-WA,FAS-3004,11,0,37.42
SALE-00145,2025-11-06 20:32:01,CUST-127,Coimbatore South Central Hub,WH-SouthCentral-OK,FIL-4004,7,5,47.44
SALE-00146,2026-03-31 19:46:12,CUST-156,Chennai South Hub,WH-South-FL,HYD-1004,2,0,167.83
SALE-00147,2026-03-24 17:47:36,CUST-159,Indore Central-West Hub,WH-Rockies-UT,FIL-4001,4,0,51.76
SALE-00148,2026-02-24 20:02:22,CUST-124,Indore Central-West Hub,WH-Rockies-UT,FAS-3002,12,0,19.4
SALE-00149,2026-02-14 17:23:18,CUST-147,Bengaluru Technology Hub,WH-Pacific-WA,FIL-4002,8,0,34.55
SALE-00150,2026-05-10 19:59:20,CUST-119,Kolkata East Hub,WH-East-NC,ELE-2004,2,0,398.69
SALE-00151,2025-12-11 20:20:03,CUST-135,Hyderabad Central Hub,WH-Central-TX,FIL-4001,6,0,56.24
SALE-00152,2025-12-10 20:42:21,CUST-138,Jaipur Regional Hub,WH-Mountain-CO,ELE-2003,1,1,77.89
SALE-00153,2026-03-29 17:03:52,CUST-139,Guwahati Northeast Hub,WH-Northeast-NY,ELE-2001,2,0,675.9
SALE-00154,2026-02-19 20:16:45,CUST-149,Indore Central-West Hub,WH-Rockies-UT,FAS-3003,10,0,22.91
SALE-00155,2026-01-29 17:16:47,CUST-150,Nagpur Central Hub,WH-GreatLakes-MI,FAS-3004,6,0,35.87
SALE-00156,2026-06-17 19:58:07,CUST-137,Guwahati Northeast Hub,WH-Northeast-NY,HYD-1003,1,0,89.6
SALE-00157,2026-05-18 18:23:16,CUST-127,Pune Midwest Hub,WH-Midwest-OH,FAS-3004,13,0,33.24
SALE-00158,2025-09-23 18:38:50,CUST-154,Lucknow Mid-India Hub,WH-MidAtlantic-VA,HYD-1001,3,0,443.09
SALE-00159,2025-11-09 18:19:41,CUST-142,Kolkata East Hub,WH-East-NC,ELE-2004,3,0,398.27
SALE-00160,2025-12-29 20:37:38,CUST-136,Nagpur Central Hub,WH-GreatLakes-MI,HYD-1001,3,0,452.68
SALE-00161,2025-11-15 18:50:24,CUST-123,Mumbai West Hub,WH-West-CA,ELE-2002,3,0,119.97
SALE-00162,2025-09-13 17:53:35,CUST-155,Jaipur Regional Hub,WH-Mountain-CO,FAS-3004,10,0,34.14
SALE-00163,2025-09-10 17:13:07,CUST-103,Chennai South Hub,WH-South-FL,FIL-4002,10,0,34.55
SALE-00164,2025-11-09 17:16:41,CUST-160,Chennai South Hub,WH-South-FL,ELE-2003,2,0,72.97
SALE-00165,2026-01-23 18:38:55,CUST-148,Ahmedabad Southwest Hub,WH-Southwest-AZ,HYD-1002,4,0,338.17
SALE-00166,2026-03-11 17:12:16,CUST-158,Delhi North Hub,WH-North-IL,FIL-4005,9,0,61.99
SALE-00167,2026-06-04 19:01:21,CUST-130,Guwahati Northeast Hub,WH-Northeast-NY,ELE-2005,3,0,217.29
SALE-00168,2026-06-20 18:54:40,CUST-144,Kolkata East Hub,WH-East-NC,HYD-1001,5,0,445.88
SALE-00169,2026-05-07 20:32:53,CUST-153,Bhubaneswar Southeast Hub,WH-Southeast-GA,FIL-4004,4,0,49.73
SALE-00170,2025-12-14 20:21:43,CUST-107,Mumbai West Hub,WH-West-CA,FIL-4003,6,0,42.57
SALE-00171,2026-04-05 18:00:07,CUST-116,Nagpur Central Hub,WH-GreatLakes-MI,HYD-1002,5,0,308.73
SALE-00172,2025-09-30 17:47:01,CUST-153,Mumbai West Hub,WH-West-CA,HYD-1002,5,0,308.71
SALE-00173,2026-02-21 20:20:37,CUST-156,Ahmedabad Southwest Hub,WH-Southwest-AZ,FIL-4004,7,0,51.74
SALE-00174,2026-05-12 17:31:34,CUST-108,Hyderabad Central Hub,WH-Central-TX,HYD-1004,2,0,186.23
SALE-00175,2026-06-27 20:59:11,CUST-139,Bengaluru Technology Hub,WH-Pacific-WA,FAS-3003,8,0,21.72
SALE-00176,2026-06-19 17:58:10,CUST-150,Chennai South Hub,WH-South-FL,ELE-2001,3,0,708.17
SALE-00177,2026-03-29 19:14:34,CUST-157,Indore Central-West Hub,WH-Rockies-UT,FIL-4004,6,0,47.27
SALE-00178,2026-05-27 17:45:59,CUST-151,Pune Midwest Hub,WH-Midwest-OH,FAS-3005,8,0,30.34
SALE-00179,2026-05-30 17:15:08,CUST-104,Pune Midwest Hub,WH-Midwest-OH,FIL-4005,6,0,59.01
SALE-00180,2026-02-02 20:00:27,CUST-146,Delhi North Hub,WH-North-IL,HYD-1004,3,0,182.57
SALE-00181,2025-11-21 20:33:01,CUST-146,Bhubaneswar Southeast Hub,WH-Southeast-GA,ELE-2002,1,0,122.48
SALE-00182,2026-07-17 18:14:04,CUST-118,Pune Midwest Hub,WH-Midwest-OH,FAS-3003,11,0,22.57
SALE-00183,2026-03-09 19:47:14,CUST-139,Bengaluru Technology Hub,WH-Pacific-WA,FAS-3004,7,0,33.52
SALE-00184,2026-04-18 17:12:55,CUST-111,Pune Midwest Hub,WH-Midwest-OH,FIL-4001,2,0,54.22
SALE-00185,2025-12-19 20:03:06,CUST-135,Bengaluru Technology Hub,WH-Pacific-WA,HYD-1005,3,0,149.81
SALE-00186,2026-06-19 20:24:19,CUST-103,Bengaluru Technology Hub,WH-Pacific-WA,HYD-1004,4,0,188.38
SALE-00187,2025-10-29 20:07:34,CUST-138,Bhubaneswar Southeast Hub,WH-Southeast-GA,HYD-1001,5,0,449.49
SALE-00188,2026-04-23 20:14:15,CUST-105,Jaipur Regional Hub,WH-Mountain-CO,ELE-2004,1,0,407.33
SALE-00189,2025-12-21 17:33:35,CUST-159,Coimbatore South Central Hub,WH-SouthCentral-OK,FIL-4005,5,0,66.84
SALE-00190,2025-12-04 20:13:25,CUST-155,Mumbai West Hub,WH-West-CA,ELE-2003,1,0,74.78
SALE-00191,2026-04-12 19:14:22,CUST-159,Nagpur Central Hub,WH-GreatLakes-MI,HYD-1002,4,0,329.56
SALE-00192,2026-02-01 20:23:35,CUST-151,Jaipur Regional Hub,WH-Mountain-CO,ELE-2002,2,0,120.68
SALE-00193,2025-11-06 17:45:34,CUST-116,Pune Midwest Hub,WH-Midwest-OH,ELE-2005,2,0,209.49
SALE-00194,2026-01-05 17:49:25,CUST-130,Ahmedabad Southwest Hub,WH-Southwest-AZ,FAS-3001,7,0,23.96
SALE-00195,2026-07-11 20:16:08,CUST-109,Kolkata East Hub,WH-East-NC,FAS-3002,9,0,18.11
SALE-00196,2026-06-30 17:13:15,CUST-103,Guwahati Northeast Hub,WH-Northeast-NY,HYD-1002,4,2,316.73
SALE-00197,2026-07-08 19:37:55,CUST-147,Hyderabad Central Hub,WH-Central-TX,ELE-2005,6,0,219.89
SALE-00198,2025-10-24 18:19:11,CUST-115,Coimbatore South Central Hub,WH-SouthCentral-OK,ELE-2005,1,0,216.01
SALE-00199,2025-10-29 18:54:49,CUST-111,Kolkata East Hub,WH-East-NC,FAS-3001,14,0,25.63
SALE-00200,2025-12-02 19:45:42,CUST-132,Indore Central-West Hub,WH-Rockies-UT,FIL-4001,8,0,58.18
SALE-00201,2025-12-19 20:40:08,CUST-152,Kolkata East Hub,WH-East-NC,FAS-3004,13,0,34.82
SALE-00202,2026-05-03 20:35:13,CUST-145,Guwahati Northeast Hub,WH-Northeast-NY,FIL-4002,3,0,30.55
SALE-00203,2025-10-22 17:55:31,CUST-156,Jaipur Regional Hub,WH-Mountain-CO,FAS-3005,8,0,31.01
SALE-00204,2026-02-21 19:41:55,CUST-135,Lucknow Mid-India Hub,WH-MidAtlantic-VA,FAS-3002,6,0,17.38
SALE-00205,2026-06-17 19:39:16,CUST-145,Bengaluru Technology Hub,WH-Pacific-WA,HYD-1001,3,0,439.99
SALE-00206,2026-06-06 19:16:52,CUST-108,Pune Midwest Hub,WH-Midwest-OH,FIL-4001,8,0,54.87
SALE-00207,2026-02-19 20:34:10,CUST-106,Lucknow Mid-India Hub,WH-MidAtlantic-VA,HYD-1005,1,0,133.81
SALE-00208,2026-01-11 20:19:06,CUST-124,Indore Central-West Hub,WH-Rockies-UT,ELE-2004,3,0,402.86
SALE-00209,2025-10-04 17:13:56,CUST-115,Nagpur Central Hub,WH-GreatLakes-MI,HYD-1005,4,0,143.77
SALE-00210,2025-10-07 17:34:49,CUST-109,Ahmedabad Southwest Hub,WH-Southwest-AZ,FIL-4005,6,0,59.7
SALE-00211,2025-11-04 19:25:27,CUST-143,Coimbatore South Central Hub,WH-SouthCentral-OK,FIL-4005,3,0,59.7
SALE-00212,2025-12-20 20:04:07,CUST-108,Bhubaneswar Southeast Hub,WH-Southeast-GA,FIL-4003,10,0,43.34
SALE-00213,2026-03-09 20:18:16,CUST-116,Bengaluru Technology Hub,WH-Pacific-WA,FAS-3001,5,0,25.45
SALE-00214,2025-12-08 18:54:03,CUST-155,Ahmedabad Southwest Hub,WH-Southwest-AZ,HYD-1005,2,0,145.65
SALE-00215,2025-09-18 19:35:07,CUST-113,Nagpur Central Hub,WH-GreatLakes-MI,FIL-4004,2,0,47.06
SALE-00216,2025-09-12 17:14:36,CUST-157,Lucknow Mid-India Hub,WH-MidAtlantic-VA,FIL-4002,7,0,30.31
SALE-00217,2026-05-17 20:36:44,CUST-141,Kolkata East Hub,WH-East-NC,FIL-4002,6,0,32.25
SALE-00218,2026-03-04 19:02:02,CUST-158,Bengaluru Technology Hub,WH-Pacific-WA,HYD-1001,3,0,483.75
SALE-00219,2025-10-11 18:45:30,CUST-124,Nagpur Central Hub,WH-GreatLakes-MI,HYD-1002,4,0,319.99
SALE-00220,2025-12-24 18:11:14,CUST-123,Bengaluru Technology Hub,WH-Pacific-WA,FIL-4004,7,0,51.15
SALE-00221,2026-04-29 18:22:09,CUST-143,Ahmedabad Southwest Hub,WH-Southwest-AZ,ELE-2005,2,0,213.81
SALE-00222,2026-04-26 18:26:33,CUST-150,Jaipur Regional Hub,WH-Mountain-CO,HYD-1001,4,0,461.91
SALE-00223,2026-05-07 18:31:38,CUST-134,Guwahati Northeast Hub,WH-Northeast-NY,FAS-3004,8,0,34.15
SALE-00224,2025-12-15 20:55:52,CUST-120,Ahmedabad Southwest Hub,WH-Southwest-AZ,ELE-2003,2,0,76.79
SALE-00225,2026-05-05 17:33:50,CUST-102,Lucknow Mid-India Hub,WH-MidAtlantic-VA,HYD-1004,7,0,172.2
SALE-00226,2026-03-08 20:07:00,CUST-156,Guwahati Northeast Hub,WH-Northeast-NY,FIL-4003,5,0,42.51
SALE-00227,2026-02-26 20:05:13,CUST-126,Chennai South Hub,WH-South-FL,ELE-2003,2,0,74.13
SALE-00228,2026-07-26 19:08:43,CUST-101,Coimbatore South Central Hub,WH-SouthCentral-OK,ELE-2001,1,0,639.53
SALE-00229,2025-12-27 20:22:03,CUST-151,Bhubaneswar Southeast Hub,WH-Southeast-GA,FAS-3002,7,0,17.34
SALE-00230,2025-10-26 17:31:37,CUST-148,Mumbai West Hub,WH-West-CA,FAS-3004,8,0,36.33
SALE-00231,2025-09-23 20:25:50,CUST-153,Mumbai West Hub,WH-West-CA,FAS-3003,7,0,22.06
SALE-00232,2026-02-12 18:26:13,CUST-114,Hyderabad Central Hub,WH-Central-TX,HYD-1003,2,0,83.81
SALE-00233,2025-09-08 20:41:19,CUST-105,Jaipur Regional Hub,WH-Mountain-CO,FIL-4005,8,0,63.85
SALE-00234,2025-12-20 17:45:37,CUST-139,Indore Central-West Hub,WH-Rockies-UT,ELE-2004,2,0,390.46
SALE-00235,2025-10-08 19:00:46,CUST-120,Nagpur Central Hub,WH-GreatLakes-MI,FAS-3005,8,0,29.13
SALE-00236,2025-09-16 18:17:13,CUST-144,Coimbatore South Central Hub,WH-SouthCentral-OK,HYD-1003,2,0,83.61
SALE-00237,2026-01-12 18:43:59,CUST-118,Hyderabad Central Hub,WH-Central-TX,FIL-4002,10,0,31.02
SALE-00238,2025-12-17 17:18:38,CUST-110,Bhubaneswar Southeast Hub,WH-Southeast-GA,HYD-1004,5,0,178.21
SALE-00239,2026-02-20 17:23:59,CUST-151,Kolkata East Hub,WH-East-NC,FAS-3005,9,0,32.14
SALE-00240,2026-02-08 17:20:29,CUST-120,Bengaluru Technology Hub,WH-Pacific-WA,HYD-1003,4,0,80.19
SALE-00241,2026-02-17 20:50:10,CUST-126,Coimbatore South Central Hub,WH-SouthCentral-OK,ELE-2003,2,0,73.98
SALE-00242,2026-04-28 17:16:41,CUST-107,Mumbai West Hub,WH-West-CA,ELE-2005,1,0,217.34
SALE-00243,2026-07-12 17:56:24,CUST-116,Lucknow Mid-India Hub,WH-MidAtlantic-VA,FIL-4002,7,0,33.16
SALE-00244,2026-05-27 17:43:37,CUST-111,Mumbai West Hub,WH-West-CA,FIL-4002,3,0,30.5
SALE-00245,2026-02-10 18:51:52,CUST-145,Nagpur Central Hub,WH-GreatLakes-MI,ELE-2003,1,0,76.57
SALE-00246,2026-03-02 17:12:59,CUST-116,Bengaluru Technology Hub,WH-Pacific-WA,FIL-4003,7,0,41.35
SALE-00247,2025-09-10 18:20:25,CUST-152,Lucknow Mid-India Hub,WH-MidAtlantic-VA,FIL-4001,8,0,56.41
SALE-00248,2025-12-24 20:51:28,CUST-135,Delhi North Hub,WH-North-IL,FAS-3004,10,0,37.6
SALE-00249,2026-03-25 19:49:36,CUST-137,Coimbatore South Central Hub,WH-SouthCentral-OK,ELE-2003,7,0,75.42
SALE-00250,2025-10-13 20:13:07,CUST-112,Ahmedabad Southwest Hub,WH-Southwest-AZ,ELE-2003,2,0,77.37
SALE-00251,2025-09-29 20:40:32,CUST-111,Nagpur Central Hub,WH-GreatLakes-MI,FAS-3001,5,0,25.73
SALE-00252,2026-05-31 19:19:40,CUST-119,Bhubaneswar Southeast Hub,WH-Southeast-GA,FAS-3004,7,0,37.35
SALE-00253,2026-01-13 19:53:16,CUST-122,Pune Midwest Hub,WH-Midwest-OH,HYD-1002,1,0,309.22
SALE-00254,2026-05-05 17:57:31,CUST-153,Guwahati Northeast Hub,WH-Northeast-NY,FAS-3001,13,0,23.82
SALE-00255,2026-04-29 18:13:00,CUST-101,Chennai South Hub,WH-South-FL,FAS-3005,9,0,30.76
SALE-00256,2026-06-12 18:50:33,CUST-155,Bengaluru Technology Hub,WH-Pacific-WA,HYD-1003,4,0,91.03
SALE-00257,2026-06-16 20:13:24,CUST-114,Indore Central-West Hub,WH-Rockies-UT,FAS-3001,8,0,23.51
SALE-00258,2025-12-29 20:54:25,CUST-123,Hyderabad Central Hub,WH-Central-TX,HYD-1001,1,0,458.19
SALE-00259,2026-05-27 20:33:35,CUST-126,Mumbai West Hub,WH-West-CA,ELE-2001,2,0,696.51
SALE-00260,2026-02-26 18:20:50,CUST-138,Hyderabad Central Hub,WH-Central-TX,ELE-2001,2,0,646.84
SALE-00261,2026-07-03 18:56:46,CUST-151,Pune Midwest Hub,WH-Midwest-OH,FAS-3002,15,0,17.67
SALE-00262,2026-07-22 19:04:03,CUST-111,Hyderabad Central Hub,WH-Central-TX,FAS-3005,10,0,29.63
SALE-00263,2026-03-07 18:28:38,CUST-143,Bhubaneswar Southeast Hub,WH-Southeast-GA,ELE-2003,3,0,76.67
SALE-00264,2026-06-26 19:59:11,CUST-153,Coimbatore South Central Hub,WH-SouthCentral-OK,HYD-1005,2,0,144.07
SALE-00265,2026-02-08 17:55:16,CUST-121,Bengaluru Technology Hub,WH-Pacific-WA,FAS-3004,9,0,36.07
SALE-00266,2026-01-02 17:34:44,CUST-101,Bengaluru Technology Hub,WH-Pacific-WA,ELE-2004,3,0,398.96
SALE-00267,2026-05-14 20:01:19,CUST-118,Coimbatore South Central Hub,WH-SouthCentral-OK,HYD-1004,8,0,183.87
SALE-00268,2026-03-29 20:36:48,CUST-139,Delhi North Hub,WH-North-IL,HYD-1001,1,0,475.22
SALE-00269,2025-09-16 20:44:10,CUST-152,Kolkata East Hub,WH-East-NC,FAS-3005,7,0,28.3
SALE-00270,2026-05-15 17:24:45,CUST-129,Chennai South Hub,WH-South-FL,FAS-3001,8,0,26.04
SALE-00271,2025-09-20 17:47:26,CUST-111,Mumbai West Hub,WH-West-CA,FAS-3004,7,0,34.79
SALE-00272,2026-03-25 17:27:54,CUST-148,Bhubaneswar Southeast Hub,WH-Southeast-GA,FIL-4005,4,0,59.85
SALE-00273,2025-11-19 18:01:30,CUST-133,Mumbai West Hub,WH-West-CA,FAS-3002,7,0,19.27
SALE-00274,2026-06-12 17:11:17,CUST-133,Ahmedabad Southwest Hub,WH-Southwest-AZ,ELE-2004,1,0,368.15
SALE-00275,2026-07-21 19:06:48,CUST-111,Mumbai West Hub,WH-West-CA,FAS-3003,11,0,21.03
SALE-00276,2026-02-27 17:26:23,CUST-153,Bengaluru Technology Hub,WH-Pacific-WA,FAS-3005,7,0,30.33
SALE-00277,2026-05-21 18:10:14,CUST-119,Hyderabad Central Hub,WH-Central-TX,ELE-2001,2,0,719.53
SALE-00278,2025-10-09 19:03:15,CUST-135,Coimbatore South Central Hub,WH-SouthCentral-OK,FIL-4003,8,0,41.21
SALE-00279,2025-11-10 19:28:16,CUST-127,Pune Midwest Hub,WH-Midwest-OH,HYD-1003,1,0,86.44
SALE-00280,2026-04-01 19:24:44,CUST-115,Ahmedabad Southwest Hub,WH-Southwest-AZ,ELE-2004,1,0,395.23
SALE-00281,2026-07-06 18:54:04,CUST-133,Bhubaneswar Southeast Hub,WH-Southeast-GA,FAS-3005,11,0,30.64
SALE-00282,2026-02-09 20:08:47,CUST-114,Coimbatore South Central Hub,WH-SouthCentral-OK,FIL-4002,6,0,31.86
SALE-00283,2025-12-31 19:07:03,CUST-102,Mumbai West Hub,WH-West-CA,FIL-4004,4,0,46.56
SALE-00284,2025-12-30 18:04:42,CUST-105,Coimbatore South Central Hub,WH-SouthCentral-OK,HYD-1005,3,0,141.88
SALE-00285,2025-09-24 19:24:20,CUST-158,Pune Midwest Hub,WH-Midwest-OH,FIL-4002,7,0,33.48
SALE-00286,2026-02-23 17:15:29,CUST-143,Delhi North Hub,WH-North-IL,FAS-3005,7,0,31.35
SALE-00287,2026-03-08 17:18:55,CUST-156,Bengaluru Technology Hub,WH-Pacific-WA,FIL-4005,7,0,61.7
SALE-00288,2026-01-17 17:59:05,CUST-121,Hyderabad Central Hub,WH-Central-TX,ELE-2002,3,1,118.96
SALE-00289,2026-04-14 19:12:00,CUST-146,Hyderabad Central Hub,WH-Central-TX,FIL-4001,9,0,55.55
SALE-00290,2025-10-02 20:01:12,CUST-123,Bhubaneswar Southeast Hub,WH-Southeast-GA,HYD-1001,2,0,434.76
SALE-00291,2026-04-21 17:12:40,CUST-152,Nagpur Central Hub,WH-GreatLakes-MI,ELE-2002,1,0,134.03
SALE-00292,2025-12-21 19:44:46,CUST-147,Coimbatore South Central Hub,WH-SouthCentral-OK,FIL-4002,6,0,33.4
SALE-00293,2026-06-29 18:37:25,CUST-134,Nagpur Central Hub,WH-GreatLakes-MI,FAS-3001,10,0,25.98
SALE-00294,2025-09-17 18:10:43,CUST-113,Jaipur Regional Hub,WH-Mountain-CO,HYD-1004,3,0,187.47
SALE-00295,2026-03-30 17:49:53,CUST-121,Lucknow Mid-India Hub,WH-MidAtlantic-VA,ELE-2004,2,0,397.35
SALE-00296,2025-10-01 19:48:32,CUST-144,Nagpur Central Hub,WH-GreatLakes-MI,HYD-1005,5,0,144.38
SALE-00297,2026-03-16 19:33:18,CUST-117,Delhi North Hub,WH-North-IL,ELE-2002,1,0,126.5
SALE-00298,2026-06-06 20:02:47,CUST-135,Bengaluru Technology Hub,WH-Pacific-WA,FIL-4005,8,0,59.02
SALE-00299,2025-10-23 19:34:29,CUST-136,Lucknow Mid-India Hub,WH-MidAtlantic-VA,ELE-2003,2,0,74.42
SALE-00300,2026-05-05 19:03:26,CUST-145,Pune Midwest Hub,WH-Midwest-OH,FAS-3002,9,0,17.53
SALE-00301,2026-01-28 18:23:59,CUST-115,Lucknow Mid-India Hub,WH-MidAtlantic-VA,FAS-3003,10,0,21.69
SALE-00302,2026-04-17 19:44:24,CUST-149,Bhubaneswar Southeast Hub,WH-Southeast-GA,ELE-2004,2,0,390.76
SALE-00303,2025-10-14 20:25:25,CUST-145,Jaipur Regional Hub,WH-Mountain-CO,FIL-4003,6,0,43.79
SALE-00304,2026-07-07 18:14:32,CUST-103,Pune Midwest Hub,WH-Midwest-OH,FIL-4005,8,0,64.5
SALE-00305,2026-02-03 17:36:16,CUST-114,Coimbatore South Central Hub,WH-SouthCentral-OK,HYD-1005,1,0,135.08
SALE-00306,2025-10-31 20:20:20,CUST-113,Pune Midwest Hub,WH-Midwest-OH,FAS-3003,6,0,23.55
SALE-00307,2026-05-18 20:21:36,CUST-119,Mumbai West Hub,WH-West-CA,FIL-4003,7,0,40.56
SALE-00308,2026-05-06 17:21:07,CUST-134,Guwahati Northeast Hub,WH-Northeast-NY,ELE-2005,1,0,211.35
SALE-00309,2026-06-10 20:06:03,CUST-104,Indore Central-West Hub,WH-Rockies-UT,ELE-2002,1,0,130.13
SALE-00310,2026-05-30 18:43:26,CUST-150,Hyderabad Central Hub,WH-Central-TX,FAS-3001,10,0,23.93
SALE-00311,2026-01-24 17:41:17,CUST-154,Bhubaneswar Southeast Hub,WH-Southeast-GA,HYD-1001,7,0,454.34
SALE-00312,2025-10-13 19:27:29,CUST-160,Delhi North Hub,WH-North-IL,ELE-2004,1,0,414.22
SALE-00313,2026-05-07 19:23:07,CUST-129,Jaipur Regional Hub,WH-Mountain-CO,FIL-4001,9,0,53.95
SALE-00314,2026-03-21 17:40:32,CUST-145,Mumbai West Hub,WH-West-CA,FIL-4002,7,0,33.95
SALE-00315,2026-07-01 19:05:43,CUST-148,Indore Central-West Hub,WH-Rockies-UT,FIL-4002,9,0,30.33
SALE-00316,2026-05-02 18:57:52,CUST-155,Lucknow Mid-India Hub,WH-MidAtlantic-VA,FIL-4005,6,0,65.66
SALE-00317,2026-04-05 20:27:12,CUST-139,Jaipur Regional Hub,WH-Mountain-CO,HYD-1005,3,0,150.23
SALE-00318,2026-06-04 18:07:36,CUST-154,Kolkata East Hub,WH-East-NC,ELE-2005,1,0,209.78
SALE-00319,2025-10-13 20:12:09,CUST-101,Chennai South Hub,WH-South-FL,FIL-4005,6,0,65.17
SALE-00320,2025-10-12 18:50:51,CUST-138,Coimbatore South Central Hub,WH-SouthCentral-OK,FIL-4001,7,7,58.84
SALE-00321,2025-10-24 19:11:42,CUST-146,Hyderabad Central Hub,WH-Central-TX,FAS-3001,5,0,25.55
SALE-00322,2026-04-23 19:05:58,CUST-118,Ahmedabad Southwest Hub,WH-Southwest-AZ,FAS-3004,7,0,33.61
SALE-00323,2026-06-21 19:54:00,CUST-119,Kolkata East Hub,WH-East-NC,ELE-2001,2,0,668.75
SALE-00324,2026-07-10 17:32:56,CUST-107,Mumbai West Hub,WH-West-CA,FAS-3003,14,0,23.34
SALE-00325,2026-07-22 19:24:50,CUST-102,Delhi North Hub,WH-North-IL,FAS-3001,11,0,26.27
SALE-00326,2026-04-13 18:59:35,CUST-156,Jaipur Regional Hub,WH-Mountain-CO,FAS-3002,9,0,19.15
SALE-00327,2025-11-25 17:03:39,CUST-157,Coimbatore South Central Hub,WH-SouthCentral-OK,ELE-2001,2,0,725.29
SALE-00328,2026-05-01 17:11:28,CUST-125,Chennai South Hub,WH-South-FL,FIL-4003,7,2,43.17
SALE-00329,2026-01-15 20:54:39,CUST-115,Hyderabad Central Hub,WH-Central-TX,ELE-2003,1,0,80.81
SALE-00330,2025-11-24 20:19:23,CUST-123,Kolkata East Hub,WH-East-NC,FAS-3004,4,0,35.1
SALE-00331,2026-03-06 19:21:00,CUST-104,Guwahati Northeast Hub,WH-Northeast-NY,FAS-3001,10,0,25.28
SALE-00332,2025-10-18 19:00:29,CUST-110,Hyderabad Central Hub,WH-Central-TX,HYD-1004,4,0,179.95
SALE-00333,2026-07-13 19:46:27,CUST-134,Bhubaneswar Southeast Hub,WH-Southeast-GA,ELE-2001,2,0,646.08
SALE-00334,2026-05-25 17:48:50,CUST-140,Kolkata East Hub,WH-East-NC,ELE-2002,2,0,121.29
SALE-00335,2025-10-03 19:21:38,CUST-114,Bengaluru Technology Hub,WH-Pacific-WA,FAS-3001,5,0,25.57
SALE-00336,2026-03-16 20:36:27,CUST-120,Ahmedabad Southwest Hub,WH-Southwest-AZ,HYD-1001,1,0,471.86
SALE-00337,2025-11-10 20:39:58,CUST-133,Bhubaneswar Southeast Hub,WH-Southeast-GA,HYD-1002,5,0,317.86
SALE-00338,2026-04-07 20:01:15,CUST-133,Delhi North Hub,WH-North-IL,HYD-1005,4,0,148.8
SALE-00339,2026-01-01 19:42:05,CUST-144,Delhi North Hub,WH-North-IL,HYD-1001,3,0,424.54
SALE-00340,2025-10-26 19:33:53,CUST-131,Kolkata East Hub,WH-East-NC,FAS-3001,10,0,23.9
SALE-00341,2026-02-08 20:54:41,CUST-147,Bengaluru Technology Hub,WH-Pacific-WA,FIL-4001,13,0,56.07
SALE-00342,2025-11-02 20:17:37,CUST-127,Indore Central-West Hub,WH-Rockies-UT,HYD-1003,3,0,91.51
SALE-00343,2026-05-30 19:22:57,CUST-156,Bhubaneswar Southeast Hub,WH-Southeast-GA,HYD-1004,3,0,185.33
SALE-00344,2025-11-06 20:09:51,CUST-150,Chennai South Hub,WH-South-FL,ELE-2001,4,0,691.82
SALE-00345,2026-04-26 18:03:01,CUST-117,Pune Midwest Hub,WH-Midwest-OH,FAS-3004,10,0,37.17
SALE-00346,2025-11-30 19:53:55,CUST-118,Indore Central-West Hub,WH-Rockies-UT,FIL-4004,4,0,46.15
SALE-00347,2026-02-23 20:50:31,CUST-151,Lucknow Mid-India Hub,WH-MidAtlantic-VA,FIL-4002,1,0,33.57
SALE-00348,2026-07-11 18:03:29,CUST-129,Nagpur Central Hub,WH-GreatLakes-MI,FAS-3001,6,0,26.87
SALE-00349,2026-02-07 18:53:52,CUST-103,Delhi North Hub,WH-North-IL,FAS-3004,17,0,36.86
SALE-00350,2025-11-06 18:57:37,CUST-102,Coimbatore South Central Hub,WH-SouthCentral-OK,ELE-2002,1,0,119.91
SALE-00351,2026-06-15 20:37:19,CUST-146,Jaipur Regional Hub,WH-Mountain-CO,FAS-3004,3,0,36.35
SALE-00352,2026-06-06 19:49:15,CUST-144,Delhi North Hub,WH-North-IL,HYD-1002,5,0,336.94
SALE-00353,2026-01-11 19:27:19,CUST-105,Bhubaneswar Southeast Hub,WH-Southeast-GA,HYD-1002,6,0,318.12
SALE-00354,2026-01-18 17:16:14,CUST-150,Hyderabad Central Hub,WH-Central-TX,HYD-1001,5,2,442.4
SALE-00355,2026-01-29 19:40:21,CUST-118,Delhi North Hub,WH-North-IL,ELE-2005,1,0,212.96
SALE-00356,2026-05-26 19:09:50,CUST-142,Guwahati Northeast Hub,WH-Northeast-NY,ELE-2003,6,0,80.74
SALE-00357,2026-05-30 20:21:55,CUST-130,Bengaluru Technology Hub,WH-Pacific-WA,FAS-3002,6,0,18.41
SALE-00358,2026-02-10 19:07:46,CUST-136,Guwahati Northeast Hub,WH-Northeast-NY,FAS-3003,7,0,22.18
SALE-00359,2026-01-17 17:49:11,CUST-140,Pune Midwest Hub,WH-Midwest-OH,FIL-4003,6,0,42.06
SALE-00360,2026-02-18 19:40:21,CUST-121,Hyderabad Central Hub,WH-Central-TX,FIL-4005,9,0,64.91
SALE-00361,2026-05-29 18:22:27,CUST-160,Hyderabad Central Hub,WH-Central-TX,HYD-1003,3,0,89.71
SALE-00362,2026-02-22 19:26:32,CUST-101,Ahmedabad Southwest Hub,WH-Southwest-AZ,HYD-1002,3,0,339.93
SALE-00363,2026-07-03 19:05:33,CUST-147,Lucknow Mid-India Hub,WH-MidAtlantic-VA,HYD-1003,4,0,85.63
SALE-00364,2025-10-13 18:41:29,CUST-135,Coimbatore South Central Hub,WH-SouthCentral-OK,ELE-2002,2,0,120.41
SALE-00365,2025-10-15 20:49:15,CUST-140,Bhubaneswar Southeast Hub,WH-Southeast-GA,HYD-1001,2,0,447.65
SALE-00366,2025-10-04 18:35:15,CUST-154,Mumbai West Hub,WH-West-CA,FAS-3005,10,0,31.32
SALE-00367,2026-04-17 18:29:12,CUST-156,Nagpur Central Hub,WH-GreatLakes-MI,FIL-4003,4,0,40.62
SALE-00368,2026-02-28 19:44:03,CUST-149,Kolkata East Hub,WH-East-NC,FAS-3005,8,0,29.44
SALE-00369,2026-07-02 19:25:53,CUST-125,Bhubaneswar Southeast Hub,WH-Southeast-GA,ELE-2001,1,0,728.7
SALE-00370,2026-07-21 19:20:14,CUST-108,Mumbai West Hub,WH-West-CA,FAS-3001,6,0,24.76
SALE-00371,2026-03-06 20:14:55,CUST-150,Nagpur Central Hub,WH-GreatLakes-MI,FAS-3001,14,0,26.39
SALE-00372,2026-07-09 20:35:57,CUST-110,Chennai South Hub,WH-South-FL,FAS-3005,8,0,30.87
SALE-00373,2025-11-07 19:05:30,CUST-148,Jaipur Regional Hub,WH-Mountain-CO,HYD-1001,5,0,445.06
SALE-00374,2026-01-19 17:51:56,CUST-124,Lucknow Mid-India Hub,WH-MidAtlantic-VA,FIL-4004,6,0,47.28
SALE-00375,2025-10-31 18:32:24,CUST-114,Bhubaneswar Southeast Hub,WH-Southeast-GA,ELE-2004,10,0,400.74
SALE-00376,2025-09-12 20:29:51,CUST-110,Delhi North Hub,WH-North-IL,HYD-1002,6,0,309.65
SALE-00377,2025-09-19 18:19:19,CUST-102,Bengaluru Technology Hub,WH-Pacific-WA,FIL-4003,9,0,41.43
SALE-00378,2025-11-24 19:41:44,CUST-127,Chennai South Hub,WH-South-FL,FIL-4002,12,0,34.26
SALE-00379,2026-04-18 18:40:18,CUST-106,Jaipur Regional Hub,WH-Mountain-CO,HYD-1003,4,0,90.99
SALE-00380,2025-09-13 19:53:17,CUST-152,Kolkata East Hub,WH-East-NC,ELE-2005,4,0,225.83
SALE-00381,2026-07-17 17:28:48,CUST-149,Coimbatore South Central Hub,WH-SouthCentral-OK,FAS-3001,5,0,25.13
SALE-00382,2026-06-20 18:10:57,CUST-132,Delhi North Hub,WH-North-IL,FAS-3005,5,0,31.97
SALE-00383,2025-11-20 19:11:51,CUST-145,Jaipur Regional Hub,WH-Mountain-CO,FAS-3001,9,0,23.58
SALE-00384,2026-02-05 19:38:31,CUST-106,Chennai South Hub,WH-South-FL,HYD-1002,3,0,342.68
SALE-00385,2025-10-20 17:17:30,CUST-117,Kolkata East Hub,WH-East-NC,FIL-4001,9,0,58.19
SALE-00386,2025-10-28 20:06:49,CUST-157,Hyderabad Central Hub,WH-Central-TX,HYD-1005,5,0,135.52
SALE-00387,2026-07-05 20:12:10,CUST-159,Bhubaneswar Southeast Hub,WH-Southeast-GA,ELE-2004,1,0,367.82
SALE-00388,2026-06-01 17:38:09,CUST-141,Hyderabad Central Hub,WH-Central-TX,FAS-3005,7,0,31.1
SALE-00389,2025-10-23 19:21:39,CUST-143,Mumbai West Hub,WH-West-CA,HYD-1005,6,0,137.85
SALE-00390,2026-06-13 17:09:35,CUST-106,Kolkata East Hub,WH-East-NC,FIL-4002,4,0,33.34
SALE-00391,2026-01-07 20:38:38,CUST-124,Kolkata East Hub,WH-East-NC,ELE-2001,3,0,664.76
SALE-00392,2025-12-17 17:14:14,CUST-131,Jaipur Regional Hub,WH-Mountain-CO,HYD-1003,1,0,89.82
SALE-00393,2025-10-24 20:27:39,CUST-145,Guwahati Northeast Hub,WH-Northeast-NY,ELE-2001,4,0,710.32
SALE-00394,2026-04-23 20:40:22,CUST-126,Coimbatore South Central Hub,WH-SouthCentral-OK,HYD-1002,1,0,331.47
SALE-00395,2026-04-25 18:15:46,CUST-111,Mumbai West Hub,WH-West-CA,FIL-4001,8,0,58.44
SALE-00396,2025-09-15 19:02:29,CUST-138,Ahmedabad Southwest Hub,WH-Southwest-AZ,FIL-4002,7,0,32.38
SALE-00397,2026-02-02 17:24:40,CUST-101,Ahmedabad Southwest Hub,WH-Southwest-AZ,ELE-2004,1,0,383.05
SALE-00398,2026-01-26 19:48:24,CUST-148,Nagpur Central Hub,WH-GreatLakes-MI,FIL-4003,5,0,44.36
SALE-00399,2025-11-09 18:59:19,CUST-147,Chennai South Hub,WH-South-FL,HYD-1005,4,0,139.53
SALE-00400,2026-07-03 19:44:04,CUST-154,Indore Central-West Hub,WH-Rockies-UT,ELE-2001,1,0,698.43
SALE-00401,2026-05-19 17:37:31,CUST-136,Chennai South Hub,WH-South-FL,FAS-3004,9,0,33.12
SALE-00402,2026-06-12 20:11:25,CUST-121,Mumbai West Hub,WH-West-CA,HYD-1002,3,0,338.29
SALE-00403,2026-03-23 19:21:45,CUST-126,Mumbai West Hub,WH-West-CA,HYD-1002,4,0,322.72
SALE-00404,2026-07-14 18:34:45,CUST-139,Jaipur Regional Hub,WH-Mountain-CO,FAS-3003,10,0,21.66
SALE-00405,2026-03-05 20:25:02,CUST-146,Chennai South Hub,WH-South-FL,ELE-2001,1,0,656.19
SALE-00406,2026-06-30 19:09:02,CUST-153,Ahmedabad Southwest Hub,WH-Southwest-AZ,HYD-1001,2,0,470.55
SALE-00407,2025-09-01 20:38:44,CUST-154,Indore Central-West Hub,WH-Rockies-UT,ELE-2001,1,0,723.59
SALE-00408,2026-06-23 18:40:23,CUST-109,Ahmedabad Southwest Hub,WH-Southwest-AZ,FAS-3005,12,0,30.68
SALE-00409,2026-01-29 19:12:33,CUST-127,Ahmedabad Southwest Hub,WH-Southwest-AZ,FAS-3005,9,0,29.03
SALE-00410,2026-06-22 18:16:43,CUST-143,Delhi North Hub,WH-North-IL,FIL-4004,7,0,51.55
SALE-00411,2025-12-25 20:56:05,CUST-119,Mumbai West Hub,WH-West-CA,HYD-1001,4,0,473.67
SALE-00412,2026-03-15 17:40:21,CUST-123,Coimbatore South Central Hub,WH-SouthCentral-OK,ELE-2004,3,0,404.38
SALE-00413,2025-12-04 18:01:20,CUST-139,Nagpur Central Hub,WH-GreatLakes-MI,ELE-2004,3,0,381.46
SALE-00414,2025-11-29 17:29:34,CUST-114,Chennai South Hub,WH-South-FL,FAS-3002,10,0,17.45
SALE-00415,2026-06-03 20:08:54,CUST-120,Indore Central-West Hub,WH-Rockies-UT,FIL-4002,8,0,32.14
SALE-00416,2026-03-08 17:16:27,CUST-153,Mumbai West Hub,WH-West-CA,HYD-1003,2,0,87.62
SALE-00417,2026-03-17 17:58:12,CUST-152,Indore Central-West Hub,WH-Rockies-UT,ELE-2005,5,0,205.04
SALE-00418,2026-05-17 18:55:53,CUST-151,Mumbai West Hub,WH-West-CA,ELE-2001,7,0,693.38
SALE-00419,2026-06-21 20:14:42,CUST-139,Nagpur Central Hub,WH-GreatLakes-MI,FAS-3005,10,0,31.92
SALE-00420,2026-01-28 20:08:00,CUST-125,Lucknow Mid-India Hub,WH-MidAtlantic-VA,ELE-2001,2,0,682.22
SALE-00421,2025-10-02 17:19:12,CUST-155,Delhi North Hub,WH-North-IL,FIL-4001,3,0,53.26
SALE-00422,2025-09-09 18:23:54,CUST-154,Bengaluru Technology Hub,WH-Pacific-WA,FIL-4005,3,0,65.5
SALE-00423,2026-07-12 18:44:58,CUST-148,Pune Midwest Hub,WH-Midwest-OH,FAS-3004,6,0,37.02
SALE-00424,2026-04-07 17:41:39,CUST-151,Kolkata East Hub,WH-East-NC,FIL-4003,8,0,41.31
SALE-00425,2025-12-19 18:10:20,CUST-120,Pune Midwest Hub,WH-Midwest-OH,ELE-2002,3,0,118.58
SALE-00426,2026-02-26 20:59:57,CUST-119,Coimbatore South Central Hub,WH-SouthCentral-OK,FAS-3002,6,0,17.16
SALE-00427,2025-09-15 17:11:33,CUST-154,Coimbatore South Central Hub,WH-SouthCentral-OK,HYD-1002,4,0,301.29
SALE-00428,2026-05-26 17:05:06,CUST-115,Nagpur Central Hub,WH-GreatLakes-MI,FAS-3001,8,0,26.01
SALE-00429,2026-07-09 17:24:52,CUST-156,Delhi North Hub,WH-North-IL,HYD-1004,5,4,168.62
SALE-00430,2026-01-15 20:30:11,CUST-159,Bhubaneswar Southeast Hub,WH-Southeast-GA,ELE-2004,1,0,407.23
SALE-00431,2026-05-09 18:43:27,CUST-147,Guwahati Northeast Hub,WH-Northeast-NY,FAS-3001,10,0,23.89
SALE-00432,2025-11-12 20:59:18,CUST-132,Hyderabad Central Hub,WH-Central-TX,HYD-1004,6,0,166.24
SALE-00433,2025-12-10 20:32:35,CUST-149,Mumbai West Hub,WH-West-CA,FAS-3005,9,0,29.24
SALE-00434,2025-10-29 18:39:33,CUST-129,Jaipur Regional Hub,WH-Mountain-CO,FAS-3002,15,0,18.57
SALE-00435,2025-12-01 19:27:16,CUST-107,Ahmedabad Southwest Hub,WH-Southwest-AZ,HYD-1002,8,0,302.15
SALE-00436,2025-12-21 18:44:01,CUST-122,Chennai South Hub,WH-South-FL,ELE-2002,4,0,134.9
SALE-00437,2026-03-02 17:27:08,CUST-160,Delhi North Hub,WH-North-IL,HYD-1004,5,0,174.95
SALE-00438,2026-03-25 20:26:51,CUST-156,Bhubaneswar Southeast Hub,WH-Southeast-GA,FAS-3004,10,0,36.55
SALE-00439,2025-11-16 18:28:34,CUST-101,Indore Central-West Hub,WH-Rockies-UT,ELE-2005,4,0,218.4
SALE-00440,2025-11-27 20:35:42,CUST-121,Lucknow Mid-India Hub,WH-MidAtlantic-VA,FIL-4004,6,0,50.24
SALE-00441,2026-06-28 19:07:21,CUST-123,Chennai South Hub,WH-South-FL,FIL-4003,5,0,44.05
SALE-00442,2025-09-20 20:34:33,CUST-109,Coimbatore South Central Hub,WH-SouthCentral-OK,FAS-3005,5,0,31.4
SALE-00443,2026-07-17 20:46:22,CUST-113,Lucknow Mid-India Hub,WH-MidAtlantic-VA,FAS-3005,11,0,29.35
SALE-00444,2026-04-02 19:09:59,CUST-106,Chennai South Hub,WH-South-FL,FIL-4004,8,0,51.83
SALE-00445,2026-06-02 18:30:19,CUST-127,Lucknow Mid-India Hub,WH-MidAtlantic-VA,ELE-2004,2,0,408.24
SALE-00446,2025-11-20 20:03:26,CUST-145,Lucknow Mid-India Hub,WH-MidAtlantic-VA,FIL-4004,7,0,46.44
SALE-00447,2026-05-10 20:43:09,CUST-126,Lucknow Mid-India Hub,WH-MidAtlantic-VA,FAS-3005,9,0,31.33
SALE-00448,2025-09-26 17:59:34,CUST-136,Lucknow Mid-India Hub,WH-MidAtlantic-VA,HYD-1003,9,0,83.05
SALE-00449,2026-06-18 19:39:37,CUST-147,Nagpur Central Hub,WH-GreatLakes-MI,FAS-3003,7,0,22.66
SALE-00450,2026-05-23 18:43:24,CUST-119,Delhi North Hub,WH-North-IL,FIL-4002,7,0,33.65
SALE-00451,2025-09-03 17:55:37,CUST-134,Indore Central-West Hub,WH-Rockies-UT,ELE-2002,3,0,118.07
SALE-00452,2025-09-13 17:30:32,CUST-152,Guwahati Northeast Hub,WH-Northeast-NY,FAS-3004,11,0,36.33
SALE-00453,2025-11-21 17:07:05,CUST-141,Lucknow Mid-India Hub,WH-MidAtlantic-VA,ELE-2004,1,0,413.93
SALE-00454,2026-06-17 20:53:47,CUST-101,Coimbatore South Central Hub,WH-SouthCentral-OK,HYD-1002,1,0,317.82
SALE-00455,2026-07-14 20:02:11,CUST-125,Mumbai West Hub,WH-West-CA,FAS-3003,15,0,23.21
SALE-00456,2026-01-19 17:00:42,CUST-138,Bhubaneswar Southeast Hub,WH-Southeast-GA,FIL-4004,5,0,47.75
SALE-00457,2026-01-08 18:59:11,CUST-119,Hyderabad Central Hub,WH-Central-TX,FIL-4005,4,0,65.17
SALE-00458,2026-03-12 20:21:11,CUST-132,Jaipur Regional Hub,WH-Mountain-CO,HYD-1005,3,0,136.88
SALE-00459,2026-03-19 19:19:53,CUST-134,Bhubaneswar Southeast Hub,WH-Southeast-GA,FAS-3001,6,0,25.17
SALE-00460,2026-01-16 17:18:56,CUST-160,Bhubaneswar Southeast Hub,WH-Southeast-GA,FIL-4004,6,0,51.41
SALE-00461,2026-03-17 18:58:53,CUST-134,Guwahati Northeast Hub,WH-Northeast-NY,HYD-1003,3,0,89.04
SALE-00462,2026-01-07 20:17:35,CUST-112,Nagpur Central Hub,WH-GreatLakes-MI,ELE-2004,3,0,372.12
SALE-00463,2026-07-16 17:17:17,CUST-131,Bhubaneswar Southeast Hub,WH-Southeast-GA,ELE-2003,1,0,71.49
SALE-00464,2025-11-19 20:31:56,CUST-113,Delhi North Hub,WH-North-IL,FAS-3005,14,0,30.71
SALE-00465,2025-11-12 20:42:03,CUST-134,Indore Central-West Hub,WH-Rockies-UT,FIL-4004,7,0,49.17
SALE-00466,2025-12-24 20:56:41,CUST-114,Lucknow Mid-India Hub,WH-MidAtlantic-VA,FAS-3001,10,0,23.82
SALE-00467,2026-04-14 17:24:30,CUST-140,Guwahati Northeast Hub,WH-Northeast-NY,FIL-4001,6,0,54.22
SALE-00468,2026-04-19 20:13:11,CUST-101,Bengaluru Technology Hub,WH-Pacific-WA,FAS-3001,15,0,24.41
SALE-00469,2025-09-16 19:57:39,CUST-136,Indore Central-West Hub,WH-Rockies-UT,ELE-2001,2,0,687.14
SALE-00470,2026-07-15 18:25:58,CUST-117,Delhi North Hub,WH-North-IL,HYD-1004,1,0,176.46
SALE-00471,2026-01-25 17:32:52,CUST-117,Hyderabad Central Hub,WH-Central-TX,FIL-4001,4,0,58.97
SALE-00472,2025-11-01 20:25:15,CUST-151,Hyderabad Central Hub,WH-Central-TX,HYD-1004,3,0,187.86
SALE-00473,2026-06-26 20:58:09,CUST-136,Bhubaneswar Southeast Hub,WH-Southeast-GA,ELE-2004,1,0,420.03
SALE-00474,2025-09-21 20:57:12,CUST-119,Kolkata East Hub,WH-East-NC,FAS-3005,14,0,31.27
SALE-00475,2026-06-18 17:03:31,CUST-114,Jaipur Regional Hub,WH-Mountain-CO,HYD-1003,2,0,85.54
SALE-00476,2025-12-12 19:06:14,CUST-133,Pune Midwest Hub,WH-Midwest-OH,FIL-4003,6,0,40.07
SALE-00477,2025-09-03 20:30:43,CUST-158,Lucknow Mid-India Hub,WH-MidAtlantic-VA,ELE-2005,5,0,202.35
SALE-00478,2026-06-18 18:27:04,CUST-109,Kolkata East Hub,WH-East-NC,HYD-1004,8,0,187.1
SALE-00479,2026-03-08 19:55:43,CUST-120,Nagpur Central Hub,WH-GreatLakes-MI,FIL-4001,4,0,53.86
SALE-00480,2026-04-12 19:31:23,CUST-117,Chennai South Hub,WH-South-FL,HYD-1002,4,0,326.17
SALE-00481,2025-12-06 20:17:11,CUST-156,Mumbai West Hub,WH-West-CA,FAS-3004,7,0,33.46
SALE-00482,2025-11-04 19:25:59,CUST-148,Nagpur Central Hub,WH-GreatLakes-MI,FIL-4005,8,0,63.65
SALE-00483,2026-02-28 17:59:40,CUST-126,Bhubaneswar Southeast Hub,WH-Southeast-GA,FIL-4001,3,0,52.46
SALE-00484,2026-03-19 20:02:14,CUST-150,Mumbai West Hub,WH-West-CA,FIL-4001,4,0,55.67
SALE-00485,2026-07-22 17:06:46,CUST-148,Hyderabad Central Hub,WH-Central-TX,HYD-1002,3,0,341.28
SALE-00486,2026-02-28 19:11:16,CUST-110,Indore Central-West Hub,WH-Rockies-UT,HYD-1002,5,0,320.35
SALE-00487,2026-06-06 20:56:15,CUST-116,Ahmedabad Southwest Hub,WH-Southwest-AZ,HYD-1004,1,0,179.53
SALE-00488,2026-05-08 20:22:28,CUST-107,Pune Midwest Hub,WH-Midwest-OH,FIL-4005,4,0,58.85
SALE-00489,2026-04-08 18:40:56,CUST-149,Pune Midwest Hub,WH-Midwest-OH,FAS-3005,4,0,32.33
SALE-00490,2025-11-21 17:06:55,CUST-115,Lucknow Mid-India Hub,WH-MidAtlantic-VA,FIL-4002,8,0,32.79
SALE-00491,2025-10-13 18:26:16,CUST-150,Bengaluru Technology Hub,WH-Pacific-WA,FIL-4001,10,0,54.21
SALE-00492,2026-02-18 17:54:05,CUST-150,Coimbatore South Central Hub,WH-SouthCentral-OK,FIL-4005,10,0,63.72
SALE-00493,2025-12-15 17:52:13,CUST-158,Bengaluru Technology Hub,WH-Pacific-WA,FIL-4001,6,0,52.54
SALE-00494,2025-10-23 17:59:46,CUST-133,Guwahati Northeast Hub,WH-Northeast-NY,FIL-4005,3,1,66.76
SALE-00495,2026-04-21 20:38:40,CUST-101,Mumbai West Hub,WH-West-CA,FIL-4004,5,0,48.48
SALE-00496,2026-06-02 19:00:56,CUST-149,Lucknow Mid-India Hub,WH-MidAtlantic-VA,ELE-2002,4,0,123.33
SALE-00497,2025-10-30 19:24:05,CUST-105,Chennai South Hub,WH-South-FL,FIL-4004,7,0,46.21
SALE-00498,2026-07-19 18:42:09,CUST-158,Bengaluru Technology Hub,WH-Pacific-WA,FIL-4005,12,0,63.6
SALE-00499,2025-09-04 17:59:07,CUST-103,Coimbatore South Central Hub,WH-SouthCentral-OK,ELE-2003,1,0,76.14
SALE-00500,2026-05-27 19:29:17,CUST-135,Nagpur Central Hub,WH-GreatLakes-MI,FAS-3004,9,0,36.3
SALE-00501,2025-09-17 19:53:14,CUST-138,Pune Midwest Hub,WH-Midwest-OH,HYD-1001,8,0,471.02
SALE-00502,2025-10-11 20:11:22,CUST-139,Kolkata East Hub,WH-East-NC,HYD-1001,3,0,426.62
SALE-00503,2026-05-13 19:12:51,CUST-111,Lucknow Mid-India Hub,WH-MidAtlantic-VA,FIL-4002,8,0,33.39
SALE-00504,2026-06-23 18:28:35,CUST-136,Lucknow Mid-India Hub,WH-MidAtlantic-VA,ELE-2003,1,0,73.11
SALE-00505,2026-05-10 20:15:06,CUST-122,Chennai South Hub,WH-South-FL,FIL-4003,7,0,42.16
SALE-00506,2026-06-25 18:28:46,CUST-114,Coimbatore South Central Hub,WH-SouthCentral-OK,FIL-4003,11,0,40.91
SALE-00507,2026-06-21 19:59:37,CUST-106,Bengaluru Technology Hub,WH-Pacific-WA,HYD-1005,3,0,147.96
SALE-00508,2026-04-21 17:26:25,CUST-132,Lucknow Mid-India Hub,WH-MidAtlantic-VA,FIL-4003,7,0,40.88
SALE-00509,2025-09-03 20:59:51,CUST-136,Lucknow Mid-India Hub,WH-MidAtlantic-VA,FAS-3005,6,0,30.83
SALE-00510,2026-03-14 20:21:06,CUST-143,Indore Central-West Hub,WH-Rockies-UT,FIL-4005,3,0,65.29
SALE-00511,2026-02-09 18:17:52,CUST-112,Jaipur Regional Hub,WH-Mountain-CO,HYD-1005,6,0,145.83
SALE-00512,2026-01-23 17:08:31,CUST-143,Lucknow Mid-India Hub,WH-MidAtlantic-VA,FIL-4003,10,0,43.33
SALE-00513,2026-04-10 19:25:22,CUST-149,Lucknow Mid-India Hub,WH-MidAtlantic-VA,HYD-1005,2,0,144.91
SALE-00514,2025-10-02 20:36:49,CUST-155,Ahmedabad Southwest Hub,WH-Southwest-AZ,FAS-3004,6,0,33.65
SALE-00515,2026-02-23 20:02:26,CUST-159,Bengaluru Technology Hub,WH-Pacific-WA,ELE-2001,2,0,698.74
SALE-00516,2026-07-22 18:28:38,CUST-114,Hyderabad Central Hub,WH-Central-TX,HYD-1004,1,0,187.39
SALE-00517,2025-10-28 18:45:58,CUST-143,Lucknow Mid-India Hub,WH-MidAtlantic-VA,FIL-4001,4,0,54.05
SALE-00518,2026-06-20 17:11:23,CUST-152,Hyderabad Central Hub,WH-Central-TX,HYD-1003,2,0,91.5
SALE-00519,2026-06-30 20:16:48,CUST-159,Lucknow Mid-India Hub,WH-MidAtlantic-VA,ELE-2003,1,0,70.85
SALE-00520,2025-09-10 20:23:21,CUST-128,Delhi North Hub,WH-North-IL,ELE-2002,4,0,126.24
SALE-00521,2026-07-04 20:05:36,CUST-158,Jaipur Regional Hub,WH-Mountain-CO,ELE-2004,4,0,397.55
SALE-00522,2025-12-31 20:11:56,CUST-140,Ahmedabad Southwest Hub,WH-Southwest-AZ,HYD-1004,4,0,184.84
SALE-00523,2026-01-19 17:18:14,CUST-138,Mumbai West Hub,WH-West-CA,HYD-1002,2,0,338.9
SALE-00524,2026-04-16 18:03:07,CUST-134,Kolkata East Hub,WH-East-NC,ELE-2002,3,0,128.33
SALE-00525,2025-11-24 20:57:25,CUST-112,Lucknow Mid-India Hub,WH-MidAtlantic-VA,FAS-3004,5,0,33.33
SALE-00526,2026-01-16 18:18:15,CUST-124,Bengaluru Technology Hub,WH-Pacific-WA,ELE-2003,1,0,75.29
SALE-00527,2025-12-19 18:21:09,CUST-144,Hyderabad Central Hub,WH-Central-TX,FAS-3002,6,3,18.69
SALE-00528,2026-05-11 17:00:42,CUST-144,Indore Central-West Hub,WH-Rockies-UT,ELE-2003,3,0,79.98
SALE-00529,2026-04-26 17:50:44,CUST-138,Chennai South Hub,WH-South-FL,FAS-3004,7,0,36.17
SALE-00530,2026-07-08 20:11:18,CUST-115,Pune Midwest Hub,WH-Midwest-OH,ELE-2001,4,0,680.08
SALE-00531,2026-02-23 19:36:43,CUST-118,Delhi North Hub,WH-North-IL,FAS-3001,6,0,25.14
SALE-00532,2026-06-17 19:55:00,CUST-127,Indore Central-West Hub,WH-Rockies-UT,FIL-4003,8,0,40.06
SALE-00533,2026-05-27 17:57:05,CUST-129,Pune Midwest Hub,WH-Midwest-OH,FAS-3001,10,0,25.24
SALE-00534,2025-10-27 19:42:21,CUST-144,Chennai South Hub,WH-South-FL,ELE-2005,3,0,202.26
SALE-00535,2025-10-12 18:00:05,CUST-130,Coimbatore South Central Hub,WH-SouthCentral-OK,FIL-4003,7,0,40.51
SALE-00536,2025-12-04 18:15:12,CUST-139,Guwahati Northeast Hub,WH-Northeast-NY,ELE-2002,2,0,121.21
SALE-00537,2026-03-16 20:35:21,CUST-102,Ahmedabad Southwest Hub,WH-Southwest-AZ,ELE-2003,4,0,71.29
SALE-00538,2025-10-08 18:52:16,CUST-111,Bengaluru Technology Hub,WH-Pacific-WA,HYD-1001,2,0,457.92
SALE-00539,2025-09-14 20:12:46,CUST-157,Jaipur Regional Hub,WH-Mountain-CO,FIL-4005,5,0,66.08
SALE-00540,2025-09-14 19:16:27,CUST-153,Bhubaneswar Southeast Hub,WH-Southeast-GA,FIL-4001,6,0,54.3
SALE-00541,2026-06-03 20:53:31,CUST-159,Indore Central-West Hub,WH-Rockies-UT,FIL-4005,6,0,61.22
SALE-00542,2026-06-23 18:47:20,CUST-152,Chennai South Hub,WH-South-FL,FAS-3002,4,0,17.43
SALE-00543,2026-02-17 19:58:55,CUST-109,Chennai South Hub,WH-South-FL,FAS-3004,8,8,36.26
SALE-00544,2025-12-27 20:41:51,CUST-121,Mumbai West Hub,WH-West-CA,FAS-3002,9,0,17.14
SALE-00545,2026-03-27 17:54:35,CUST-157,Hyderabad Central Hub,WH-Central-TX,HYD-1003,1,0,88.84
SALE-00546,2026-02-26 20:57:33,CUST-124,Jaipur Regional Hub,WH-Mountain-CO,FIL-4004,8,0,48.33
SALE-00547,2026-07-02 20:05:29,CUST-137,Lucknow Mid-India Hub,WH-MidAtlantic-VA,FIL-4002,6,0,32.51
SALE-00548,2025-09-27 17:23:58,CUST-103,Bengaluru Technology Hub,WH-Pacific-WA,HYD-1003,5,0,88.16
SALE-00549,2026-06-15 17:34:03,CUST-106,Mumbai West Hub,WH-West-CA,FIL-4003,6,0,44.28
SALE-00550,2026-04-13 20:18:21,CUST-143,Kolkata East Hub,WH-East-NC,FAS-3004,9,0,36.16
SALE-00551,2025-09-29 17:24:05,CUST-103,Bengaluru Technology Hub,WH-Pacific-WA,ELE-2004,2,0,411.18
SALE-00552,2026-05-20 20:14:54,CUST-145,Mumbai West Hub,WH-West-CA,FAS-3004,13,0,35.4
SALE-00553,2026-01-21 18:26:05,CUST-128,Kolkata East Hub,WH-East-NC,ELE-2004,2,0,418.55
SALE-00554,2026-03-16 20:28:54,CUST-119,Mumbai West Hub,WH-West-CA,FAS-3001,7,0,26.61
SALE-00555,2026-05-07 20:01:11,CUST-143,Delhi North Hub,WH-North-IL,FAS-3005,9,0,29.22
SALE-00556,2026-01-06 20:05:56,CUST-138,Kolkata East Hub,WH-East-NC,ELE-2003,1,0,70.87
SALE-00557,2025-12-09 19:59:26,CUST-158,Pune Midwest Hub,WH-Midwest-OH,FAS-3001,9,0,24.03
SALE-00558,2026-03-25 18:20:07,CUST-129,Guwahati Northeast Hub,WH-Northeast-NY,FIL-4002,6,0,30.3
SALE-00559,2026-03-05 20:13:15,CUST-134,Delhi North Hub,WH-North-IL,HYD-1005,5,0,150.6
SALE-00560,2026-04-27 17:59:34,CUST-144,Bhubaneswar Southeast Hub,WH-Southeast-GA,FAS-3004,8,0,35.21
SALE-00561,2026-02-21 20:45:02,CUST-137,Lucknow Mid-India Hub,WH-MidAtlantic-VA,HYD-1003,9,0,88.26
SALE-00562,2025-11-19 17:25:45,CUST-143,Hyderabad Central Hub,WH-Central-TX,FIL-4003,7,0,44.79
SALE-00563,2026-07-13 19:52:32,CUST-155,Bhubaneswar Southeast Hub,WH-Southeast-GA,FIL-4005,10,0,66.37
SALE-00564,2026-02-09 18:24:30,CUST-133,Hyderabad Central Hub,WH-Central-TX,ELE-2001,1,0,717.67
SALE-00565,2025-11-19 20:39:40,CUST-158,Delhi North Hub,WH-North-IL,HYD-1001,2,0,428.79
SALE-00566,2026-04-27 17:58:30,CUST-135,Indore Central-West Hub,WH-Rockies-UT,ELE-2005,2,0,210.23
SALE-00567,2025-12-18 19:24:44,CUST-120,Ahmedabad Southwest Hub,WH-Southwest-AZ,FIL-4004,9,0,46.61
SALE-00568,2026-04-26 18:47:18,CUST-141,Nagpur Central Hub,WH-GreatLakes-MI,FAS-3001,6,0,24.58
SALE-00569,2026-02-17 18:38:07,CUST-102,Bhubaneswar Southeast Hub,WH-Southeast-GA,FIL-4002,6,0,30.92
SALE-00570,2026-01-16 20:42:22,CUST-101,Kolkata East Hub,WH-East-NC,ELE-2001,1,0,670.37
SALE-00571,2026-01-11 20:56:30,CUST-150,Chennai South Hub,WH-South-FL,ELE-2005,1,0,212.23
SALE-00572,2026-03-15 19:49:50,CUST-145,Lucknow Mid-India Hub,WH-MidAtlantic-VA,ELE-2005,1,0,217.35
SALE-00573,2025-10-01 19:40:44,CUST-130,Indore Central-West Hub,WH-Rockies-UT,ELE-2004,5,0,382.62
SALE-00574,2025-10-07 19:59:04,CUST-156,Lucknow Mid-India Hub,WH-MidAtlantic-VA,HYD-1001,4,3,459.08
SALE-00575,2026-06-24 19:55:14,CUST-131,Pune Midwest Hub,WH-Midwest-OH,HYD-1001,1,1,477.16
SALE-00576,2026-06-01 18:21:57,CUST-102,Indore Central-West Hub,WH-Rockies-UT,ELE-2001,2,0,662.91
SALE-00577,2026-04-21 18:03:02,CUST-160,Ahmedabad Southwest Hub,WH-Southwest-AZ,ELE-2002,3,0,119.42
SALE-00578,2026-05-17 20:18:50,CUST-131,Delhi North Hub,WH-North-IL,FAS-3001,11,0,26.56
SALE-00579,2025-11-11 20:32:46,CUST-154,Jaipur Regional Hub,WH-Mountain-CO,ELE-2001,2,0,718.5
SALE-00580,2025-12-31 18:45:42,CUST-101,Ahmedabad Southwest Hub,WH-Southwest-AZ,FIL-4002,9,0,32.38
SALE-00581,2026-03-15 17:56:17,CUST-146,Mumbai West Hub,WH-West-CA,HYD-1002,1,0,313.35
SALE-00582,2026-04-21 20:03:20,CUST-151,Jaipur Regional Hub,WH-Mountain-CO,HYD-1001,6,1,450.62
SALE-00583,2026-03-09 17:13:56,CUST-101,Mumbai West Hub,WH-West-CA,FAS-3002,8,5,19.37
SALE-00584,2026-01-19 19:33:13,CUST-142,Kolkata East Hub,WH-East-NC,ELE-2005,1,0,202.45
SALE-00585,2025-09-08 19:23:58,CUST-152,Guwahati Northeast Hub,WH-Northeast-NY,HYD-1004,3,0,171.78
SALE-00586,2025-09-02 20:38:12,CUST-126,Guwahati Northeast Hub,WH-Northeast-NY,ELE-2002,5,0,123.39
SALE-00587,2026-05-25 17:26:03,CUST-112,Delhi North Hub,WH-North-IL,ELE-2003,3,0,74.67
SALE-00588,2026-02-07 17:08:49,CUST-109,Bengaluru Technology Hub,WH-Pacific-WA,FIL-4005,8,0,59.79
SALE-00589,2025-09-30 20:11:43,CUST-150,Hyderabad Central Hub,WH-Central-TX,FIL-4001,6,0,53.25
SALE-00590,2025-12-09 19:36:47,CUST-112,Hyderabad Central Hub,WH-Central-TX,ELE-2002,2,0,123.12
SALE-00591,2026-07-02 19:57:52,CUST-120,Guwahati Northeast Hub,WH-Northeast-NY,FAS-3004,3,0,36.54
SALE-00592,2026-07-24 17:15:52,CUST-147,Guwahati Northeast Hub,WH-Northeast-NY,ELE-2003,1,0,71.77
SALE-00593,2025-11-21 19:43:26,CUST-101,Bengaluru Technology Hub,WH-Pacific-WA,ELE-2003,2,0,75.73
SALE-00594,2025-11-19 18:51:35,CUST-120,Chennai South Hub,WH-South-FL,FIL-4005,5,0,66.9
SALE-00595,2026-03-29 19:05:58,CUST-148,Kolkata East Hub,WH-East-NC,FIL-4003,9,0,42.64
SALE-00596,2026-01-03 20:46:04,CUST-127,Jaipur Regional Hub,WH-Mountain-CO,ELE-2003,1,0,75.16
SALE-00597,2025-09-24 20:09:23,CUST-150,Pune Midwest Hub,WH-Midwest-OH,FAS-3002,7,0,19.31
SALE-00598,2026-05-22 19:34:44,CUST-135,Delhi North Hub,WH-North-IL,FAS-3003,4,0,22.87
SALE-00599,2026-05-23 17:55:24,CUST-139,Nagpur Central Hub,WH-GreatLakes-MI,FIL-4004,3,0,46.4
SALE-00600,2026-02-24 20:29:44,CUST-122,Lucknow Mid-India Hub,WH-MidAtlantic-VA,FAS-3004,8,0,33.4
SALE-00601,2026-03-13 20:05:30,CUST-129,Kolkata East Hub,WH-East-NC,HYD-1004,1,0,166.18
SALE-00602,2026-05-06 20:55:19,CUST-141,Coimbatore South Central Hub,WH-SouthCentral-OK,ELE-2005,3,0,207.02
SALE-00603,2026-02-21 20:16:50,CUST-118,Delhi North Hub,WH-North-IL,FIL-4002,5,0,34.27
SALE-00604,2026-05-11 20:07:23,CUST-155,Hyderabad Central Hub,WH-Central-TX,ELE-2001,4,0,661.27
SALE-00605,2026-03-21 18:54:11,CUST-137,Nagpur Central Hub,WH-GreatLakes-MI,FIL-4001,3,0,52.64
SALE-00606,2025-10-06 20:01:22,CUST-151,Bhubaneswar Southeast Hub,WH-Southeast-GA,FIL-4005,7,0,63.4
SALE-00607,2025-09-06 17:34:02,CUST-131,Bhubaneswar Southeast Hub,WH-Southeast-GA,HYD-1002,7,0,306.7
SALE-00608,2026-01-07 20:39:00,CUST-157,Guwahati Northeast Hub,WH-Northeast-NY,FIL-4002,10,0,30.81
SALE-00609,2025-12-07 17:41:42,CUST-143,Lucknow Mid-India Hub,WH-MidAtlantic-VA,ELE-2001,1,0,692.15
SALE-00610,2026-04-21 17:37:12,CUST-125,Chennai South Hub,WH-South-FL,HYD-1004,7,0,176.6
SALE-00611,2026-01-27 19:47:00,CUST-112,Ahmedabad Southwest Hub,WH-Southwest-AZ,ELE-2002,4,0,122.38
SALE-00612,2026-06-04 19:31:58,CUST-131,Pune Midwest Hub,WH-Midwest-OH,HYD-1004,4,0,184.27
SALE-00613,2026-04-01 19:04:32,CUST-143,Hyderabad Central Hub,WH-Central-TX,FIL-4002,5,0,32.6
SALE-00614,2026-01-23 19:53:11,CUST-133,Kolkata East Hub,WH-East-NC,FIL-4002,4,3,30.68
SALE-00615,2026-01-01 17:47:29,CUST-120,Pune Midwest Hub,WH-Midwest-OH,FIL-4003,11,0,42.04
SALE-00616,2026-07-26 17:45:22,CUST-119,Kolkata East Hub,WH-East-NC,FIL-4005,2,0,66.93
SALE-00617,2025-12-22 20:23:41,CUST-136,Pune Midwest Hub,WH-Midwest-OH,HYD-1004,4,0,177.91
SALE-00618,2025-11-12 20:11:26,CUST-126,Mumbai West Hub,WH-West-CA,HYD-1001,6,0,452.34
SALE-00619,2026-02-20 18:06:59,CUST-158,Kolkata East Hub,WH-East-NC,ELE-2003,2,0,72.82
SALE-00620,2025-09-30 19:21:04,CUST-157,Bengaluru Technology Hub,WH-Pacific-WA,FAS-3002,8,0,19.29
SALE-00621,2026-02-21 17:25:27,CUST-143,Delhi North Hub,WH-North-IL,HYD-1005,3,0,148.82
SALE-00622,2026-06-07 19:49:36,CUST-148,Mumbai West Hub,WH-West-CA,FIL-4004,6,0,46.15
SALE-00623,2026-02-28 18:55:25,CUST-144,Pune Midwest Hub,WH-Midwest-OH,FAS-3005,9,0,31.33
SALE-00624,2025-11-26 18:04:06,CUST-108,Indore Central-West Hub,WH-Rockies-UT,FAS-3004,5,0,33.41
SALE-00625,2026-07-04 20:27:53,CUST-141,Nagpur Central Hub,WH-GreatLakes-MI,HYD-1001,1,0,477.05
SALE-00626,2026-03-25 19:06:03,CUST-111,Chennai South Hub,WH-South-FL,FAS-3005,10,0,28.28
SALE-00627,2025-12-06 18:58:12,CUST-111,Lucknow Mid-India Hub,WH-MidAtlantic-VA,FIL-4003,3,0,39.63
SALE-00628,2025-12-08 19:36:32,CUST-143,Delhi North Hub,WH-North-IL,HYD-1003,4,0,82.25
SALE-00629,2025-12-25 17:17:00,CUST-158,Chennai South Hub,WH-South-FL,FAS-3005,9,0,29.84
SALE-00630,2025-10-31 20:17:14,CUST-149,Jaipur Regional Hub,WH-Mountain-CO,FIL-4003,6,0,45.19
SALE-00631,2025-10-08 18:42:16,CUST-127,Mumbai West Hub,WH-West-CA,HYD-1001,3,0,479.83
SALE-00632,2025-12-12 18:41:05,CUST-117,Ahmedabad Southwest Hub,WH-Southwest-AZ,FAS-3003,10,0,21.7
SALE-00633,2025-10-08 20:30:58,CUST-116,Nagpur Central Hub,WH-GreatLakes-MI,HYD-1005,1,0,146.64
SALE-00634,2026-01-03 17:03:23,CUST-110,Ahmedabad Southwest Hub,WH-Southwest-AZ,ELE-2002,1,0,125.95
SALE-00635,2026-07-10 17:18:32,CUST-121,Ahmedabad Southwest Hub,WH-Southwest-AZ,HYD-1005,1,0,144.59
SALE-00636,2026-04-30 20:26:14,CUST-132,Lucknow Mid-India Hub,WH-MidAtlantic-VA,HYD-1002,5,0,316.98
SALE-00637,2026-07-12 18:45:47,CUST-107,Chennai South Hub,WH-South-FL,FAS-3004,7,0,37.12
SALE-00638,2025-09-20 20:47:08,CUST-106,Lucknow Mid-India Hub,WH-MidAtlantic-VA,ELE-2001,4,0,667.98
SALE-00639,2026-04-02 19:04:47,CUST-124,Delhi North Hub,WH-North-IL,ELE-2003,5,0,79.1
SALE-00640,2026-07-10 19:14:10,CUST-138,Coimbatore South Central Hub,WH-SouthCentral-OK,ELE-2005,6,0,202.36
SALE-00641,2026-03-12 18:14:03,CUST-146,Jaipur Regional Hub,WH-Mountain-CO,ELE-2005,1,0,211.21
SALE-00642,2025-10-07 17:29:59,CUST-128,Delhi North Hub,WH-North-IL,FAS-3002,9,0,17.64
SALE-00643,2025-12-06 17:27:23,CUST-113,Kolkata East Hub,WH-East-NC,FAS-3005,11,0,29.97
SALE-00644,2026-03-02 17:11:08,CUST-118,Bengaluru Technology Hub,WH-Pacific-WA,ELE-2004,1,0,396.08
SALE-00645,2026-07-18 20:16:47,CUST-151,Bhubaneswar Southeast Hub,WH-Southeast-GA,FAS-3005,10,0,31.04
SALE-00646,2026-02-15 19:49:23,CUST-129,Ahmedabad Southwest Hub,WH-Southwest-AZ,FAS-3001,9,0,25.68
SALE-00647,2026-07-21 20:20:36,CUST-114,Hyderabad Central Hub,WH-Central-TX,ELE-2003,2,0,80.99
SALE-00648,2025-09-28 18:59:51,CUST-157,Lucknow Mid-India Hub,WH-MidAtlantic-VA,HYD-1004,2,0,164.6
SALE-00649,2026-04-13 17:34:24,CUST-126,Hyderabad Central Hub,WH-Central-TX,HYD-1003,7,0,86.78
SALE-00650,2026-02-03 20:07:17,CUST-128,Pune Midwest Hub,WH-Midwest-OH,ELE-2004,2,0,385.98
SALE-00651,2025-10-29 18:23:18,CUST-149,Delhi North Hub,WH-North-IL,HYD-1003,2,0,83.57
SALE-00652,2025-11-04 20:35:49,CUST-114,Indore Central-West Hub,WH-Rockies-UT,FIL-4001,3,0,53.13
SALE-00653,2026-01-21 19:33:58,CUST-129,Indore Central-West Hub,WH-Rockies-UT,HYD-1003,1,0,85.2
SALE-00654,2026-03-23 18:49:47,CUST-111,Bhubaneswar Southeast Hub,WH-Southeast-GA,ELE-2005,3,0,210.0
SALE-00655,2025-11-24 17:31:56,CUST-130,Lucknow Mid-India Hub,WH-MidAtlantic-VA,HYD-1004,3,0,176.12
SALE-00656,2026-03-16 19:21:14,CUST-102,Coimbatore South Central Hub,WH-SouthCentral-OK,ELE-2003,2,0,79.52
SALE-00657,2026-06-18 20:18:39,CUST-128,Bengaluru Technology Hub,WH-Pacific-WA,ELE-2005,3,0,205.92
SALE-00658,2025-12-17 19:12:45,CUST-106,Bengaluru Technology Hub,WH-Pacific-WA,ELE-2005,3,0,207.79
SALE-00659,2026-03-13 17:15:55,CUST-128,Jaipur Regional Hub,WH-Mountain-CO,FAS-3001,4,0,24.46
SALE-00660,2026-01-22 17:07:16,CUST-151,Lucknow Mid-India Hub,WH-MidAtlantic-VA,HYD-1001,3,0,463.37
SALE-00661,2026-03-22 20:24:14,CUST-123,Delhi North Hub,WH-North-IL,ELE-2002,3,0,134.76
SALE-00662,2025-11-24 19:20:46,CUST-154,Ahmedabad Southwest Hub,WH-Southwest-AZ,ELE-2002,3,0,124.14
SALE-00663,2025-10-16 18:34:35,CUST-124,Indore Central-West Hub,WH-Rockies-UT,FIL-4003,7,0,41.45
SALE-00664,2026-07-13 20:34:59,CUST-141,Jaipur Regional Hub,WH-Mountain-CO,FAS-3003,10,0,21.95
SALE-00665,2026-05-17 18:05:02,CUST-107,Coimbatore South Central Hub,WH-SouthCentral-OK,HYD-1002,2,0,302.66
SALE-00666,2026-04-06 19:24:56,CUST-129,Indore Central-West Hub,WH-Rockies-UT,ELE-2003,3,0,78.36
SALE-00667,2025-11-03 18:03:51,CUST-125,Jaipur Regional Hub,WH-Mountain-CO,FAS-3004,11,0,33.13
SALE-00668,2026-02-22 17:20:23,CUST-137,Coimbatore South Central Hub,WH-SouthCentral-OK,FAS-3001,11,0,26.52
SALE-00669,2026-03-08 17:55:23,CUST-110,Bengaluru Technology Hub,WH-Pacific-WA,FAS-3005,14,0,29.95
SALE-00670,2025-09-10 17:23:24,CUST-144,Pune Midwest Hub,WH-Midwest-OH,FIL-4004,10,0,45.62
SALE-00671,2025-11-02 18:41:30,CUST-102,Bengaluru Technology Hub,WH-Pacific-WA,ELE-2002,2,0,124.36
SALE-00672,2025-11-27 17:15:14,CUST-123,Jaipur Regional Hub,WH-Mountain-CO,HYD-1003,1,0,88.13
SALE-00673,2026-01-14 17:36:35,CUST-128,Hyderabad Central Hub,WH-Central-TX,FAS-3003,8,0,20.85
SALE-00674,2026-07-04 17:44:15,CUST-148,Ahmedabad Southwest Hub,WH-Southwest-AZ,FIL-4002,4,0,30.36
SALE-00675,2026-07-13 17:34:10,CUST-107,Ahmedabad Southwest Hub,WH-Southwest-AZ,HYD-1004,4,0,167.95
SALE-00676,2025-09-25 19:49:07,CUST-120,Bengaluru Technology Hub,WH-Pacific-WA,HYD-1002,4,0,330.3
SALE-00677,2026-05-16 17:22:18,CUST-160,Jaipur Regional Hub,WH-Mountain-CO,FIL-4001,9,0,58.12
SALE-00678,2025-11-12 18:50:32,CUST-129,Coimbatore South Central Hub,WH-SouthCentral-OK,ELE-2003,3,0,71.6
SALE-00679,2026-06-30 19:01:07,CUST-147,Bengaluru Technology Hub,WH-Pacific-WA,ELE-2004,2,0,397.28
SALE-00680,2026-04-07 20:27:56,CUST-115,Delhi North Hub,WH-North-IL,FAS-3001,8,0,24.82
SALE-00681,2025-10-03 18:59:07,CUST-146,Pune Midwest Hub,WH-Midwest-OH,ELE-2005,5,0,225.68
SALE-00682,2026-03-15 20:01:20,CUST-141,Lucknow Mid-India Hub,WH-MidAtlantic-VA,HYD-1003,8,0,83.14
SALE-00683,2025-12-30 17:33:23,CUST-104,Hyderabad Central Hub,WH-Central-TX,HYD-1002,5,0,330.63
SALE-00684,2025-12-19 19:07:30,CUST-133,Pune Midwest Hub,WH-Midwest-OH,HYD-1003,8,0,89.97
SALE-00685,2026-03-18 20:08:05,CUST-128,Delhi North Hub,WH-North-IL,FIL-4001,7,0,56.03
SALE-00686,2025-12-22 18:58:50,CUST-106,Kolkata East Hub,WH-East-NC,ELE-2004,1,1,374.99
SALE-00687,2025-12-03 18:06:13,CUST-129,Jaipur Regional Hub,WH-Mountain-CO,HYD-1003,6,0,80.31
SALE-00688,2025-09-28 17:58:34,CUST-137,Delhi North Hub,WH-North-IL,FAS-3002,9,0,17.47
SALE-00689,2025-12-04 17:15:16,CUST-125,Pune Midwest Hub,WH-Midwest-OH,FAS-3004,16,0,36.62
SALE-00690,2026-04-11 18:00:02,CUST-114,Lucknow Mid-India Hub,WH-MidAtlantic-VA,ELE-2003,4,0,79.53
SALE-00691,2026-03-12 18:01:45,CUST-135,Delhi North Hub,WH-North-IL,FAS-3004,12,0,34.28
SALE-00692,2026-04-11 20:59:17,CUST-104,Nagpur Central Hub,WH-GreatLakes-MI,FIL-4002,9,9,32.59
SALE-00693,2026-07-13 20:12:33,CUST-147,Coimbatore South Central Hub,WH-SouthCentral-OK,ELE-2004,3,0,398.49
SALE-00694,2026-04-17 20:59:12,CUST-118,Nagpur Central Hub,WH-GreatLakes-MI,ELE-2002,1,0,130.08
SALE-00695,2025-11-24 18:18:28,CUST-151,Chennai South Hub,WH-South-FL,HYD-1002,1,0,340.67
SALE-00696,2026-04-02 20:20:34,CUST-127,Nagpur Central Hub,WH-GreatLakes-MI,FAS-3005,8,0,29.53
SALE-00697,2026-01-17 20:58:17,CUST-152,Guwahati Northeast Hub,WH-Northeast-NY,FIL-4001,5,0,58.06
SALE-00698,2025-12-29 17:29:09,CUST-155,Kolkata East Hub,WH-East-NC,FAS-3003,6,0,22.34
SALE-00699,2025-12-07 18:44:51,CUST-130,Indore Central-West Hub,WH-Rockies-UT,FIL-4001,6,0,59.19
SALE-00700,2025-12-19 19:26:48,CUST-143,Coimbatore South Central Hub,WH-SouthCentral-OK,HYD-1003,3,0,90.38
SALE-00701,2026-05-26 20:47:27,CUST-132,Kolkata East Hub,WH-East-NC,FAS-3003,15,0,23.11
SALE-00702,2025-10-05 17:20:32,CUST-158,Bhubaneswar Southeast Hub,WH-Southeast-GA,FIL-4002,4,0,31.46
SALE-00703,2026-05-12 20:57:41,CUST-133,Ahmedabad Southwest Hub,WH-Southwest-AZ,ELE-2001,2,0,691.97
SALE-00704,2026-05-25 17:02:47,CUST-159,Delhi North Hub,WH-North-IL,ELE-2001,5,0,662.6
SALE-00705,2025-09-03 20:47:15,CUST-150,Pune Midwest Hub,WH-Midwest-OH,ELE-2002,4,0,126.8
SALE-00706,2025-09-03 17:36:00,CUST-158,Coimbatore South Central Hub,WH-SouthCentral-OK,FIL-4001,6,0,55.56
SALE-00707,2026-07-27 19:59:25,CUST-127,Ahmedabad Southwest Hub,WH-Southwest-AZ,FAS-3005,8,0,30.65
SALE-00708,2026-03-21 19:46:20,CUST-121,Guwahati Northeast Hub,WH-Northeast-NY,ELE-2002,1,0,130.94
SALE-00709,2026-07-14 19:46:34,CUST-116,Indore Central-West Hub,WH-Rockies-UT,ELE-2004,3,0,381.28
SALE-00710,2025-09-11 17:53:19,CUST-135,Bhubaneswar Southeast Hub,WH-Southeast-GA,FIL-4001,7,0,52.54
SALE-00711,2026-04-10 18:53:59,CUST-102,Coimbatore South Central Hub,WH-SouthCentral-OK,FIL-4001,9,0,57.19
SALE-00712,2026-06-17 18:51:07,CUST-135,Lucknow Mid-India Hub,WH-MidAtlantic-VA,HYD-1002,5,0,322.81
SALE-00713,2026-06-16 20:39:44,CUST-141,Bengaluru Technology Hub,WH-Pacific-WA,HYD-1002,2,0,328.12
SALE-00714,2026-06-22 20:03:39,CUST-119,Guwahati Northeast Hub,WH-Northeast-NY,ELE-2001,2,0,686.08
SALE-00715,2026-01-15 18:36:05,CUST-158,Hyderabad Central Hub,WH-Central-TX,FIL-4002,3,0,33.05
SALE-00716,2026-06-22 17:56:56,CUST-156,Chennai South Hub,WH-South-FL,HYD-1004,4,0,165.75
SALE-00717,2026-03-17 17:39:49,CUST-160,Lucknow Mid-India Hub,WH-MidAtlantic-VA,HYD-1002,1,0,319.03
SALE-00718,2026-02-23 19:18:32,CUST-101,Bhubaneswar Southeast Hub,WH-Southeast-GA,ELE-2001,1,0,644.97
SALE-00719,2026-04-22 18:09:36,CUST-114,Nagpur Central Hub,WH-GreatLakes-MI,ELE-2005,1,0,221.78
SALE-00720,2025-11-08 19:46:30,CUST-108,Hyderabad Central Hub,WH-Central-TX,HYD-1001,5,0,484.82
SALE-00721,2026-07-27 17:08:25,CUST-146,Bhubaneswar Southeast Hub,WH-Southeast-GA,FIL-4001,4,0,52.93
SALE-00722,2026-02-19 20:57:24,CUST-147,Kolkata East Hub,WH-East-NC,FIL-4004,7,0,51.21
SALE-00723,2025-12-30 19:39:21,CUST-143,Jaipur Regional Hub,WH-Mountain-CO,ELE-2003,1,0,70.66
SALE-00724,2026-06-10 17:07:52,CUST-138,Coimbatore South Central Hub,WH-SouthCentral-OK,ELE-2005,2,0,215.72
SALE-00725,2025-11-27 17:35:26,CUST-142,Pune Midwest Hub,WH-Midwest-OH,FAS-3002,12,0,18.32
SALE-00726,2026-06-03 19:05:49,CUST-142,Nagpur Central Hub,WH-GreatLakes-MI,HYD-1003,4,0,84.2
SALE-00727,2025-10-07 18:13:45,CUST-137,Jaipur Regional Hub,WH-Mountain-CO,ELE-2002,1,0,118.74
SALE-00728,2025-11-03 20:36:11,CUST-115,Lucknow Mid-India Hub,WH-MidAtlantic-VA,HYD-1002,2,1,319.47
SALE-00729,2026-06-10 19:22:00,CUST-154,Bhubaneswar Southeast Hub,WH-Southeast-GA,FAS-3003,8,0,22.13
SALE-00730,2025-10-02 19:44:06,CUST-134,Chennai South Hub,WH-South-FL,ELE-2005,3,0,226.26
SALE-00731,2025-10-26 20:33:45,CUST-135,Delhi North Hub,WH-North-IL,HYD-1004,5,0,165.69
SALE-00732,2025-10-30 17:05:39,CUST-126,Guwahati Northeast Hub,WH-Northeast-NY,FAS-3004,4,0,34.8
SALE-00733,2026-02-11 20:59:05,CUST-107,Pune Midwest Hub,WH-Midwest-OH,HYD-1005,5,0,149.57
SALE-00734,2025-11-21 19:07:37,CUST-134,Bengaluru Technology Hub,WH-Pacific-WA,HYD-1005,2,0,133.74
SALE-00735,2026-03-04 20:17:13,CUST-103,Mumbai West Hub,WH-West-CA,HYD-1004,2,0,174.65
SALE-00736,2026-02-01 17:50:16,CUST-132,Nagpur Central Hub,WH-GreatLakes-MI,FAS-3002,4,0,17.83
SALE-00737,2026-02-12 19:35:25,CUST-103,Ahmedabad Southwest Hub,WH-Southwest-AZ,HYD-1005,5,0,145.61
SALE-00738,2025-12-17 19:38:48,CUST-110,Coimbatore South Central Hub,WH-SouthCentral-OK,FIL-4002,3,0,30.2
SALE-00739,2026-05-27 20:24:22,CUST-153,Ahmedabad Southwest Hub,WH-Southwest-AZ,ELE-2001,3,0,666.39
SALE-00740,2025-11-06 19:34:02,CUST-128,Kolkata East Hub,WH-East-NC,HYD-1004,10,0,185.3
SALE-00741,2026-06-06 20:24:02,CUST-118,Nagpur Central Hub,WH-GreatLakes-MI,FIL-4003,2,2,45.12
SALE-00742,2025-12-12 20:55:26,CUST-140,Lucknow Mid-India Hub,WH-MidAtlantic-VA,HYD-1003,2,0,83.5
SALE-00743,2026-07-10 20:28:42,CUST-145,Bhubaneswar Southeast Hub,WH-Southeast-GA,FIL-4004,3,0,46.09
SALE-00744,2026-04-10 20:05:16,CUST-140,Ahmedabad Southwest Hub,WH-Southwest-AZ,FAS-3001,14,0,23.55
SALE-00745,2026-02-03 19:47:31,CUST-132,Jaipur Regional Hub,WH-Mountain-CO,FAS-3001,11,8,25.59
SALE-00746,2026-03-03 18:19:08,CUST-104,Mumbai West Hub,WH-West-CA,HYD-1003,1,1,86.07
SALE-00747,2026-06-21 17:36:06,CUST-137,Lucknow Mid-India Hub,WH-MidAtlantic-VA,ELE-2001,1,0,709.84
SALE-00748,2026-02-14 18:21:38,CUST-131,Bhubaneswar Southeast Hub,WH-Southeast-GA,ELE-2003,2,0,78.1
SALE-00749,2025-12-20 20:23:47,CUST-121,Bengaluru Technology Hub,WH-Pacific-WA,FAS-3002,5,0,18.23
SALE-00750,2026-03-25 17:57:10,CUST-129,Chennai South Hub,WH-South-FL,FIL-4003,10,0,41.95
SALE-00751,2025-12-28 18:34:45,CUST-143,Indore Central-West Hub,WH-Rockies-UT,HYD-1004,4,0,181.68
SALE-00752,2026-05-11 17:42:44,CUST-160,Pune Midwest Hub,WH-Midwest-OH,FIL-4003,6,0,41.46
SALE-00753,2025-11-03 19:22:42,CUST-158,Coimbatore South Central Hub,WH-SouthCentral-OK,HYD-1004,3,0,172.4
SALE-00754,2025-12-07 17:47:01,CUST-106,Bengaluru Technology Hub,WH-Pacific-WA,FAS-3005,13,0,29.88
SALE-00755,2025-10-10 17:16:23,CUST-148,Guwahati Northeast Hub,WH-Northeast-NY,FAS-3002,8,0,17.38
SALE-00756,2026-03-02 17:53:10,CUST-149,Kolkata East Hub,WH-East-NC,ELE-2001,3,0,698.14
SALE-00757,2025-11-20 17:30:09,CUST-146,Chennai South Hub,WH-South-FL,FAS-3004,6,0,35.12
SALE-00758,2025-11-07 19:53:34,CUST-121,Nagpur Central Hub,WH-GreatLakes-MI,HYD-1003,5,0,86.36
SALE-00759,2026-05-19 19:52:53,CUST-119,Mumbai West Hub,WH-West-CA,ELE-2004,3,0,392.46
SALE-00760,2026-06-19 20:40:56,CUST-103,Bhubaneswar Southeast Hub,WH-Southeast-GA,FIL-4005,9,0,62.61
SALE-00761,2025-10-25 19:04:13,CUST-115,Chennai South Hub,WH-South-FL,FIL-4005,7,0,60.23
SALE-00762,2026-06-04 19:56:41,CUST-135,Delhi North Hub,WH-North-IL,ELE-2005,5,0,212.76
SALE-00763,2026-05-04 20:55:50,CUST-136,Nagpur Central Hub,WH-GreatLakes-MI,ELE-2002,1,0,130.44
SALE-00764,2026-07-04 18:22:46,CUST-132,Indore Central-West Hub,WH-Rockies-UT,FIL-4001,5,0,57.22
SALE-00765,2025-09-21 18:12:01,CUST-116,Jaipur Regional Hub,WH-Mountain-CO,ELE-2005,1,0,217.19
SALE-00766,2026-05-28 18:54:54,CUST-126,Delhi North Hub,WH-North-IL,FIL-4005,7,0,66.26
SALE-00767,2026-06-17 17:38:03,CUST-109,Coimbatore South Central Hub,WH-SouthCentral-OK,FIL-4002,6,0,34.45
SALE-00768,2026-04-01 17:58:18,CUST-120,Mumbai West Hub,WH-West-CA,ELE-2004,4,0,386.84
SALE-00769,2026-03-16 19:35:25,CUST-106,Bhubaneswar Southeast Hub,WH-Southeast-GA,ELE-2005,5,0,209.93
SALE-00770,2025-11-24 20:39:40,CUST-155,Pune Midwest Hub,WH-Midwest-OH,FIL-4003,7,0,44.24
SALE-00771,2026-07-16 18:12:05,CUST-129,Bhubaneswar Southeast Hub,WH-Southeast-GA,ELE-2004,3,0,406.49
SALE-00772,2026-07-08 17:25:59,CUST-155,Guwahati Northeast Hub,WH-Northeast-NY,FAS-3001,10,0,24.47
SALE-00773,2025-11-06 20:11:24,CUST-159,Nagpur Central Hub,WH-GreatLakes-MI,ELE-2003,1,0,71.25
SALE-00774,2026-02-10 18:34:50,CUST-132,Coimbatore South Central Hub,WH-SouthCentral-OK,ELE-2005,2,0,203.86
SALE-00775,2026-04-06 18:08:12,CUST-122,Coimbatore South Central Hub,WH-SouthCentral-OK,FIL-4004,9,0,45.47
SALE-00776,2026-05-26 17:33:51,CUST-114,Guwahati Northeast Hub,WH-Northeast-NY,HYD-1001,4,0,436.55
SALE-00777,2026-03-14 19:30:48,CUST-126,Indore Central-West Hub,WH-Rockies-UT,HYD-1004,3,0,171.3
SALE-00778,2026-07-01 20:12:52,CUST-141,Indore Central-West Hub,WH-Rockies-UT,FAS-3005,10,0,28.76
SALE-00779,2026-01-05 17:19:52,CUST-107,Bengaluru Technology Hub,WH-Pacific-WA,ELE-2005,3,0,220.89
SALE-00780,2026-02-08 18:18:55,CUST-145,Delhi North Hub,WH-North-IL,ELE-2005,3,0,225.53
SALE-00781,2025-10-15 19:14:03,CUST-139,Jaipur Regional Hub,WH-Mountain-CO,ELE-2001,3,0,652.85
SALE-00782,2026-06-26 18:31:01,CUST-130,Nagpur Central Hub,WH-GreatLakes-MI,HYD-1005,4,0,138.17
SALE-00783,2026-07-07 20:45:13,CUST-146,Chennai South Hub,WH-South-FL,FIL-4002,14,0,31.95
SALE-00784,2025-11-21 17:57:13,CUST-103,Guwahati Northeast Hub,WH-Northeast-NY,HYD-1004,1,0,167.27
SALE-00785,2026-01-27 19:54:17,CUST-136,Pune Midwest Hub,WH-Midwest-OH,ELE-2003,4,0,80.88
SALE-00786,2026-03-31 20:04:48,CUST-160,Guwahati Northeast Hub,WH-Northeast-NY,FAS-3004,11,0,35.5
SALE-00787,2025-10-27 18:16:08,CUST-145,Delhi North Hub,WH-North-IL,HYD-1004,2,0,180.08
SALE-00788,2026-03-09 18:18:55,CUST-113,Guwahati Northeast Hub,WH-Northeast-NY,ELE-2002,2,0,120.2
SALE-00789,2026-01-31 17:04:59,CUST-145,Guwahati Northeast Hub,WH-Northeast-NY,ELE-2001,1,0,701.1
SALE-00790,2026-05-09 20:50:05,CUST-157,Ahmedabad Southwest Hub,WH-Southwest-AZ,HYD-1005,1,0,142.27
SALE-00791,2026-01-29 17:55:28,CUST-143,Ahmedabad Southwest Hub,WH-Southwest-AZ,ELE-2004,1,0,405.9
SALE-00792,2026-03-10 19:06:50,CUST-120,Chennai South Hub,WH-South-FL,ELE-2004,4,0,367.86
SALE-00793,2026-05-03 19:56:52,CUST-133,Ahmedabad Southwest Hub,WH-Southwest-AZ,FIL-4002,9,0,31.3
SALE-00794,2026-01-11 18:12:13,CUST-147,Mumbai West Hub,WH-West-CA,ELE-2004,2,0,403.31
SALE-00795,2025-09-24 20:43:27,CUST-104,Hyderabad Central Hub,WH-Central-TX,FAS-3005,9,0,31.18
SALE-00796,2026-04-27 19:46:06,CUST-151,Nagpur Central Hub,WH-GreatLakes-MI,ELE-2004,1,0,407.24
SALE-00797,2025-12-12 18:29:03,CUST-148,Delhi North Hub,WH-North-IL,HYD-1005,4,0,141.56
SALE-00798,2026-05-15 18:31:43,CUST-135,Chennai South Hub,WH-South-FL,HYD-1002,4,0,302.49
SALE-00799,2026-05-29 18:49:10,CUST-148,Ahmedabad Southwest Hub,WH-Southwest-AZ,FIL-4003,10,0,42.01
SALE-00800,2026-05-07 20:35:16,CUST-144,Mumbai West Hub,WH-West-CA,ELE-2005,3,0,215.52
SALE-00801,2026-04-25 20:47:36,CUST-115,Chennai South Hub,WH-South-FL,ELE-2003,1,0,74.78
SALE-00802,2026-07-24 17:07:49,CUST-123,Ahmedabad Southwest Hub,WH-Southwest-AZ,HYD-1001,2,0,465.01
SALE-00803,2026-06-18 18:15:45,CUST-117,Guwahati Northeast Hub,WH-Northeast-NY,HYD-1003,7,3,86.4
SALE-00804,2026-07-09 20:14:44,CUST-154,Nagpur Central Hub,WH-GreatLakes-MI,FAS-3005,11,0,31.2
SALE-00805,2026-01-09 18:24:14,CUST-125,Lucknow Mid-India Hub,WH-MidAtlantic-VA,HYD-1003,1,0,89.67
SALE-00806,2026-01-14 19:33:55,CUST-123,Kolkata East Hub,WH-East-NC,ELE-2004,3,0,379.86
SALE-00807,2025-11-14 18:08:52,CUST-148,Hyderabad Central Hub,WH-Central-TX,ELE-2001,2,0,700.11
SALE-00808,2026-06-09 19:17:19,CUST-109,Lucknow Mid-India Hub,WH-MidAtlantic-VA,HYD-1005,6,0,138.82
SALE-00809,2026-03-31 17:43:23,CUST-125,Bengaluru Technology Hub,WH-Pacific-WA,FIL-4001,9,0,56.82
SALE-00810,2026-02-25 20:30:12,CUST-127,Guwahati Northeast Hub,WH-Northeast-NY,FIL-4004,12,0,50.51
SALE-00811,2026-06-23 20:45:55,CUST-137,Bhubaneswar Southeast Hub,WH-Southeast-GA,HYD-1002,2,0,308.16
SALE-00812,2026-06-20 18:57:41,CUST-102,Nagpur Central Hub,WH-GreatLakes-MI,HYD-1002,7,0,318.67
SALE-00813,2026-06-06 20:38:18,CUST-121,Bengaluru Technology Hub,WH-Pacific-WA,FAS-3005,7,0,28.92
SALE-00814,2025-12-24 20:12:07,CUST-141,Hyderabad Central Hub,WH-Central-TX,ELE-2004,4,0,396.81
SALE-00815,2025-10-12 17:46:45,CUST-115,Jaipur Regional Hub,WH-Mountain-CO,HYD-1001,3,0,483.75
SALE-00816,2026-07-05 19:22:05,CUST-155,Pune Midwest Hub,WH-Midwest-OH,FIL-4003,4,0,41.82
SALE-00817,2026-04-15 20:11:57,CUST-141,Ahmedabad Southwest Hub,WH-Southwest-AZ,FIL-4002,6,0,32.97
SALE-00818,2025-09-06 18:12:18,CUST-142,Coimbatore South Central Hub,WH-SouthCentral-OK,FIL-4001,3,1,52.91
SALE-00819,2026-01-31 20:27:05,CUST-150,Kolkata East Hub,WH-East-NC,FIL-4002,9,0,30.08
SALE-00820,2025-09-21 17:53:18,CUST-149,Chennai South Hub,WH-South-FL,HYD-1004,6,0,182.06
SALE-00821,2026-07-02 18:22:07,CUST-159,Ahmedabad Southwest Hub,WH-Southwest-AZ,FAS-3003,14,0,23.23
SALE-00822,2026-01-26 20:23:00,CUST-103,Guwahati Northeast Hub,WH-Northeast-NY,HYD-1004,4,0,166.47
SALE-00823,2025-09-30 19:03:27,CUST-131,Coimbatore South Central Hub,WH-SouthCentral-OK,FAS-3005,6,0,30.74
SALE-00824,2026-03-07 19:24:53,CUST-154,Bengaluru Technology Hub,WH-Pacific-WA,ELE-2004,3,3,399.68
SALE-00825,2026-03-13 17:59:44,CUST-126,Hyderabad Central Hub,WH-Central-TX,FIL-4003,5,0,43.53
SALE-00826,2025-11-03 17:58:30,CUST-104,Indore Central-West Hub,WH-Rockies-UT,HYD-1002,5,0,316.65
SALE-00827,2026-03-01 17:02:45,CUST-124,Coimbatore South Central Hub,WH-SouthCentral-OK,FAS-3001,7,0,26.44
SALE-00828,2025-12-22 18:19:35,CUST-107,Lucknow Mid-India Hub,WH-MidAtlantic-VA,HYD-1003,7,0,83.45
SALE-00829,2025-11-24 18:33:20,CUST-145,Bengaluru Technology Hub,WH-Pacific-WA,HYD-1004,5,0,169.75
SALE-00830,2026-05-11 19:48:01,CUST-155,Jaipur Regional Hub,WH-Mountain-CO,FAS-3002,5,0,19.33
SALE-00831,2025-10-09 20:59:39,CUST-147,Nagpur Central Hub,WH-GreatLakes-MI,FIL-4004,9,0,48.85
SALE-00832,2026-01-09 17:39:39,CUST-111,Bengaluru Technology Hub,WH-Pacific-WA,HYD-1004,2,0,188.68
SALE-00833,2026-05-15 20:38:34,CUST-136,Indore Central-West Hub,WH-Rockies-UT,ELE-2002,2,0,117.78
SALE-00834,2026-02-17 17:05:25,CUST-103,Indore Central-West Hub,WH-Rockies-UT,FIL-4003,7,1,45.23
SALE-00835,2026-05-11 17:01:04,CUST-152,Mumbai West Hub,WH-West-CA,FAS-3002,6,0,18.82
SALE-00836,2025-11-08 17:22:47,CUST-129,Ahmedabad Southwest Hub,WH-Southwest-AZ,FAS-3003,14,0,22.29
SALE-00837,2026-01-06 18:37:54,CUST-141,Lucknow Mid-India Hub,WH-MidAtlantic-VA,FIL-4004,13,0,49.77
SALE-00838,2025-12-17 19:25:25,CUST-131,Delhi North Hub,WH-North-IL,ELE-2005,2,0,226.35
SALE-00839,2026-02-02 18:53:46,CUST-143,Kolkata East Hub,WH-East-NC,HYD-1005,3,0,138.68
SALE-00840,2026-03-27 17:07:54,CUST-142,Indore Central-West Hub,WH-Rockies-UT,FAS-3002,8,0,18.44
SALE-00841,2026-07-27 19:35:22,CUST-150,Lucknow Mid-India Hub,WH-MidAtlantic-VA,FAS-3003,10,0,22.04
SALE-00842,2025-10-05 20:04:53,CUST-160,Nagpur Central Hub,WH-GreatLakes-MI,FIL-4005,5,0,60.35
SALE-00843,2025-10-05 18:57:52,CUST-133,Nagpur Central Hub,WH-GreatLakes-MI,HYD-1004,4,0,187.31
SALE-00844,2026-02-15 18:14:33,CUST-108,Hyderabad Central Hub,WH-Central-TX,ELE-2002,3,0,130.23
SALE-00845,2026-03-22 17:52:46,CUST-117,Indore Central-West Hub,WH-Rockies-UT,FIL-4004,5,0,47.64
SALE-00846,2026-01-16 19:13:49,CUST-138,Indore Central-West Hub,WH-Rockies-UT,FAS-3001,12,0,24.04
SALE-00847,2026-01-06 20:09:26,CUST-133,Delhi North Hub,WH-North-IL,FIL-4004,8,0,48.33
SALE-00848,2026-05-16 18:14:08,CUST-139,Guwahati Northeast Hub,WH-Northeast-NY,ELE-2004,5,5,382.38
SALE-00849,2025-11-11 20:16:07,CUST-126,Indore Central-West Hub,WH-Rockies-UT,ELE-2002,1,1,119.94
SALE-00850,2025-09-07 19:27:09,CUST-147,Kolkata East Hub,WH-East-NC,FAS-3004,9,0,33.45
SALE-00851,2025-09-28 19:48:41,CUST-150,Coimbatore South Central Hub,WH-SouthCentral-OK,FIL-4002,7,0,31.27
SALE-00852,2026-07-04 19:56:05,CUST-121,Coimbatore South Central Hub,WH-SouthCentral-OK,FIL-4005,3,0,60.45
SALE-00853,2026-05-31 19:42:30,CUST-147,Indore Central-West Hub,WH-Rockies-UT,HYD-1005,2,0,149.37
SALE-00854,2025-09-13 18:28:30,CUST-126,Pune Midwest Hub,WH-Midwest-OH,ELE-2001,3,0,708.53
SALE-00855,2025-12-10 19:20:05,CUST-110,Chennai South Hub,WH-South-FL,HYD-1004,4,0,169.41
SALE-00856,2025-10-15 19:39:48,CUST-117,Lucknow Mid-India Hub,WH-MidAtlantic-VA,FAS-3005,2,0,29.98
SALE-00857,2025-12-24 17:43:31,CUST-112,Guwahati Northeast Hub,WH-Northeast-NY,HYD-1002,7,0,316.67
SALE-00858,2026-02-20 19:05:10,CUST-104,Delhi North Hub,WH-North-IL,HYD-1003,4,4,83.96
SALE-00859,2025-11-19 17:33:56,CUST-158,Guwahati Northeast Hub,WH-Northeast-NY,ELE-2004,1,0,377.46
SALE-00860,2025-09-23 18:06:49,CUST-125,Chennai South Hub,WH-South-FL,FIL-4003,3,0,41.67
SALE-00861,2025-10-23 19:10:37,CUST-119,Chennai South Hub,WH-South-FL,ELE-2001,3,0,657.74
SALE-00862,2025-10-22 19:17:25,CUST-142,Guwahati Northeast Hub,WH-Northeast-NY,HYD-1002,3,3,301.09
SALE-00863,2026-02-22 18:12:27,CUST-129,Indore Central-West Hub,WH-Rockies-UT,FAS-3001,8,0,25.69
SALE-00864,2026-04-19 20:23:47,CUST-126,Lucknow Mid-India Hub,WH-MidAtlantic-VA,HYD-1004,1,0,176.55
SALE-00865,2026-06-03 19:22:32,CUST-145,Pune Midwest Hub,WH-Midwest-OH,FAS-3004,6,0,37.18
SALE-00866,2025-09-13 18:11:41,CUST-144,Jaipur Regional Hub,WH-Mountain-CO,HYD-1005,3,0,138.15
SALE-00867,2025-09-17 17:06:39,CUST-157,Chennai South Hub,WH-South-FL,ELE-2003,2,0,77.83
SALE-00868,2026-03-05 18:42:28,CUST-143,Indore Central-West Hub,WH-Rockies-UT,ELE-2001,1,0,711.74
SALE-00869,2026-04-05 18:06:58,CUST-158,Chennai South Hub,WH-South-FL,FIL-4001,11,0,56.09
SALE-00870,2025-10-04 19:19:30,CUST-107,Jaipur Regional Hub,WH-Mountain-CO,HYD-1005,5,0,150.89
SALE-00871,2026-03-05 20:15:27,CUST-118,Ahmedabad Southwest Hub,WH-Southwest-AZ,FAS-3003,8,0,23.18
SALE-00872,2026-02-05 20:41:13,CUST-146,Kolkata East Hub,WH-East-NC,ELE-2001,8,0,689.01
SALE-00873,2025-11-27 19:23:23,CUST-113,Bengaluru Technology Hub,WH-Pacific-WA,FAS-3002,10,0,18.3
SALE-00874,2026-05-02 19:05:01,CUST-116,Kolkata East Hub,WH-East-NC,FIL-4004,10,0,50.76
SALE-00875,2026-01-04 20:26:03,CUST-141,Mumbai West Hub,WH-West-CA,FIL-4003,6,0,43.37
SALE-00876,2026-04-25 20:11:52,CUST-150,Jaipur Regional Hub,WH-Mountain-CO,FIL-4003,7,0,40.26
SALE-00877,2026-03-29 18:21:09,CUST-109,Lucknow Mid-India Hub,WH-MidAtlantic-VA,FAS-3002,5,0,17.74
SALE-00878,2025-12-07 19:00:33,CUST-148,Lucknow Mid-India Hub,WH-MidAtlantic-VA,FAS-3004,11,0,35.01
SALE-00879,2025-09-04 19:15:14,CUST-136,Coimbatore South Central Hub,WH-SouthCentral-OK,FAS-3005,9,0,30.17
SALE-00880,2026-03-17 20:28:20,CUST-109,Mumbai West Hub,WH-West-CA,FAS-3004,9,0,36.81
SALE-00881,2025-11-30 18:34:20,CUST-123,Mumbai West Hub,WH-West-CA,HYD-1005,4,0,141.81
SALE-00882,2026-07-14 18:59:52,CUST-158,Mumbai West Hub,WH-West-CA,FIL-4001,6,0,56.99
SALE-00883,2025-12-04 17:51:42,CUST-118,Nagpur Central Hub,WH-GreatLakes-MI,FAS-3002,8,8,19.06
SALE-00884,2026-02-05 19:34:22,CUST-160,Indore Central-West Hub,WH-Rockies-UT,FIL-4004,5,0,51.06
SALE-00885,2026-02-18 18:16:41,CUST-153,Indore Central-West Hub,WH-Rockies-UT,FIL-4003,5,0,39.89
SALE-00886,2026-06-25 20:36:37,CUST-139,Chennai South Hub,WH-South-FL,ELE-2003,1,0,74.95
SALE-00887,2026-03-04 18:43:37,CUST-136,Jaipur Regional Hub,WH-Mountain-CO,FIL-4001,4,0,55.95
SALE-00888,2026-07-14 19:59:54,CUST-129,Delhi North Hub,WH-North-IL,FAS-3005,7,0,31.42
SALE-00889,2026-07-06 17:13:17,CUST-129,Hyderabad Central Hub,WH-Central-TX,FAS-3005,10,0,31.7
SALE-00890,2026-04-27 17:14:22,CUST-135,Hyderabad Central Hub,WH-Central-TX,FAS-3001,12,0,26.69
SALE-00891,2025-11-26 18:41:28,CUST-124,Bengaluru Technology Hub,WH-Pacific-WA,FAS-3004,9,0,37.61
SALE-00892,2025-10-30 17:49:22,CUST-131,Bengaluru Technology Hub,WH-Pacific-WA,FIL-4002,4,0,30.95
SALE-00893,2026-01-23 17:29:14,CUST-121,Ahmedabad Southwest Hub,WH-Southwest-AZ,FAS-3003,4,0,23.4
SALE-00894,2026-07-13 19:01:50,CUST-122,Pune Midwest Hub,WH-Midwest-OH,FIL-4001,6,0,58.54
SALE-00895,2025-09-17 17:04:15,CUST-159,Delhi North Hub,WH-North-IL,ELE-2001,1,0,705.77
SALE-00896,2025-10-06 18:40:47,CUST-120,Guwahati Northeast Hub,WH-Northeast-NY,FIL-4004,4,0,51.67
SALE-00897,2026-06-12 17:32:35,CUST-139,Mumbai West Hub,WH-West-CA,HYD-1004,6,0,187.0
SALE-00898,2025-10-17 18:22:44,CUST-107,Guwahati Northeast Hub,WH-Northeast-NY,FAS-3005,11,0,30.76
SALE-00899,2026-02-19 17:14:06,CUST-110,Hyderabad Central Hub,WH-Central-TX,FAS-3001,7,0,24.78
SALE-00900,2025-12-31 18:53:44,CUST-111,Bengaluru Technology Hub,WH-Pacific-WA,HYD-1005,4,0,140.32
SALE-00901,2026-04-26 17:38:30,CUST-103,Kolkata East Hub,WH-East-NC,FAS-3002,6,0,18.86
SALE-00902,2026-01-15 18:35:42,CUST-149,Ahmedabad Southwest Hub,WH-Southwest-AZ,ELE-2004,1,0,394.53
SALE-00903,2025-10-24 20:14:01,CUST-118,Hyderabad Central Hub,WH-Central-TX,HYD-1001,4,0,440.58
SALE-00904,2026-03-15 20:04:33,CUST-158,Nagpur Central Hub,WH-GreatLakes-MI,ELE-2002,3,0,123.81
SALE-00905,2026-01-07 18:17:24,CUST-119,Lucknow Mid-India Hub,WH-MidAtlantic-VA,FIL-4004,5,0,45.76
SALE-00906,2026-02-10 17:02:58,CUST-135,Chennai South Hub,WH-South-FL,FAS-3001,13,0,26.44
SALE-00907,2026-02-11 18:47:26,CUST-135,Pune Midwest Hub,WH-Midwest-OH,HYD-1001,4,0,474.85
SALE-00908,2026-06-11 19:21:06,CUST-137,Chennai South Hub,WH-South-FL,ELE-2005,4,0,200.1
SALE-00909,2026-02-21 19:33:15,CUST-110,Ahmedabad Southwest Hub,WH-Southwest-AZ,FIL-4004,7,0,49.35
SALE-00910,2026-03-22 17:25:28,CUST-112,Delhi North Hub,WH-North-IL,HYD-1004,2,0,183.13
SALE-00911,2025-12-16 17:12:02,CUST-129,Delhi North Hub,WH-North-IL,ELE-2003,3,0,77.15
SALE-00912,2026-05-10 19:26:20,CUST-147,Lucknow Mid-India Hub,WH-MidAtlantic-VA,HYD-1003,1,1,90.41
SALE-00913,2026-06-04 18:43:05,CUST-102,Bengaluru Technology Hub,WH-Pacific-WA,ELE-2003,3,0,74.79
SALE-00914,2025-09-07 17:38:17,CUST-126,Pune Midwest Hub,WH-Midwest-OH,FIL-4005,2,0,60.82
SALE-00915,2026-01-13 17:43:56,CUST-160,Nagpur Central Hub,WH-GreatLakes-MI,FAS-3005,12,0,32.05
SALE-00916,2026-07-17 18:43:51,CUST-122,Pune Midwest Hub,WH-Midwest-OH,FIL-4003,5,3,45.1
SALE-00917,2025-09-05 18:11:39,CUST-137,Bengaluru Technology Hub,WH-Pacific-WA,FIL-4004,1,0,45.8
SALE-00918,2026-04-15 17:03:07,CUST-118,Nagpur Central Hub,WH-GreatLakes-MI,FAS-3004,15,0,37.01
SALE-00919,2025-09-25 20:50:37,CUST-152,Coimbatore South Central Hub,WH-SouthCentral-OK,FIL-4004,7,7,51.61
SALE-00920,2026-06-17 20:44:51,CUST-110,Bhubaneswar Southeast Hub,WH-Southeast-GA,FIL-4002,6,0,34.51
SALE-00921,2026-06-13 18:32:30,CUST-124,Nagpur Central Hub,WH-GreatLakes-MI,FAS-3003,11,0,23.1
SALE-00922,2025-12-11 19:00:10,CUST-157,Mumbai West Hub,WH-West-CA,FAS-3003,9,0,22.59
SALE-00923,2026-02-13 20:56:35,CUST-107,Coimbatore South Central Hub,WH-SouthCentral-OK,ELE-2003,2,0,80.12
SALE-00924,2026-02-08 19:39:44,CUST-131,Ahmedabad Southwest Hub,WH-Southwest-AZ,ELE-2004,1,0,391.06
SALE-00925,2026-02-25 20:32:58,CUST-113,Mumbai West Hub,WH-West-CA,HYD-1003,1,0,85.93
SALE-00926,2025-12-03 20:32:29,CUST-137,Bengaluru Technology Hub,WH-Pacific-WA,FIL-4002,8,0,31.77
SALE-00927,2026-04-20 18:46:25,CUST-136,Delhi North Hub,WH-North-IL,FAS-3005,2,0,29.27
SALE-00928,2026-04-09 19:38:16,CUST-139,Mumbai West Hub,WH-West-CA,HYD-1003,1,0,89.27
SALE-00929,2025-11-03 19:50:14,CUST-140,Nagpur Central Hub,WH-GreatLakes-MI,FIL-4003,9,0,44.4
SALE-00930,2025-09-12 19:33:36,CUST-109,Lucknow Mid-India Hub,WH-MidAtlantic-VA,FAS-3004,8,0,36.71
SALE-00931,2026-01-19 20:10:16,CUST-134,Nagpur Central Hub,WH-GreatLakes-MI,FAS-3003,9,0,21.19
SALE-00932,2026-06-24 20:34:56,CUST-155,Chennai South Hub,WH-South-FL,FIL-4002,8,0,31.87
SALE-00933,2025-12-14 19:47:34,CUST-159,Nagpur Central Hub,WH-GreatLakes-MI,FAS-3003,4,0,21.12
SALE-00934,2025-11-10 20:33:54,CUST-136,Jaipur Regional Hub,WH-Mountain-CO,FAS-3001,7,0,26.02
SALE-00935,2025-09-23 18:05:31,CUST-130,Lucknow Mid-India Hub,WH-MidAtlantic-VA,HYD-1002,1,0,302.27
SALE-00936,2025-09-19 17:51:21,CUST-108,Indore Central-West Hub,WH-Rockies-UT,FIL-4003,9,0,43.53
SALE-00937,2026-02-23 19:24:16,CUST-115,Ahmedabad Southwest Hub,WH-Southwest-AZ,FAS-3004,6,0,36.3
SALE-00938,2026-03-04 20:43:02,CUST-154,Delhi North Hub,WH-North-IL,FIL-4001,10,0,52.85
SALE-00939,2026-05-14 19:13:21,CUST-101,Coimbatore South Central Hub,WH-SouthCentral-OK,HYD-1002,5,3,316.02
SALE-00940,2026-04-14 19:29:25,CUST-132,Jaipur Regional Hub,WH-Mountain-CO,HYD-1003,3,0,89.58
SALE-00941,2026-02-21 19:32:42,CUST-107,Ahmedabad Southwest Hub,WH-Southwest-AZ,FIL-4001,3,0,57.26
SALE-00942,2026-03-21 18:44:57,CUST-158,Coimbatore South Central Hub,WH-SouthCentral-OK,FIL-4003,8,0,41.5
SALE-00943,2025-10-29 19:07:09,CUST-133,Delhi North Hub,WH-North-IL,FAS-3004,7,0,37.36
SALE-00944,2025-10-21 17:35:03,CUST-150,Kolkata East Hub,WH-East-NC,FIL-4004,10,0,46.13
SALE-00945,2026-02-11 18:16:23,CUST-142,Lucknow Mid-India Hub,WH-MidAtlantic-VA,HYD-1005,3,0,146.31
SALE-00946,2026-03-12 19:44:10,CUST-123,Delhi North Hub,WH-North-IL,ELE-2002,2,0,121.33
SALE-00947,2025-10-06 17:38:30,CUST-117,Lucknow Mid-India Hub,WH-MidAtlantic-VA,HYD-1004,4,0,174.09
SALE-00948,2026-01-28 18:50:14,CUST-160,Bhubaneswar Southeast Hub,WH-Southeast-GA,FIL-4003,6,0,39.63
SALE-00949,2025-12-12 20:53:25,CUST-104,Mumbai West Hub,WH-West-CA,FAS-3005,6,0,32.35
SALE-00950,2025-09-08 17:09:11,CUST-111,Chennai South Hub,WH-South-FL,FIL-4002,7,0,33.74
SALE-00951,2026-07-18 18:23:32,CUST-134,Delhi North Hub,WH-North-IL,HYD-1001,5,0,468.23
SALE-00952,2026-01-17 19:26:05,CUST-133,Indore Central-West Hub,WH-Rockies-UT,FIL-4001,3,0,59.13
SALE-00953,2025-10-10 19:37:16,CUST-134,Coimbatore South Central Hub,WH-SouthCentral-OK,HYD-1003,3,0,80.78
SALE-00954,2025-11-21 18:18:07,CUST-117,Delhi North Hub,WH-North-IL,FAS-3004,8,0,36.19
SALE-00955,2026-06-15 18:15:57,CUST-134,Indore Central-West Hub,WH-Rockies-UT,FAS-3004,5,0,32.98
SALE-00956,2025-11-02 18:26:40,CUST-141,Kolkata East Hub,WH-East-NC,FIL-4003,7,0,43.0
SALE-00957,2025-11-27 20:21:39,CUST-131,Nagpur Central Hub,WH-GreatLakes-MI,FIL-4003,11,0,43.51
SALE-00958,2026-07-07 20:09:10,CUST-129,Lucknow Mid-India Hub,WH-MidAtlantic-VA,FIL-4004,11,0,50.53
SALE-00959,2025-10-11 18:32:40,CUST-126,Nagpur Central Hub,WH-GreatLakes-MI,FIL-4002,4,0,30.7
SALE-00960,2025-09-23 20:03:33,CUST-126,Guwahati Northeast Hub,WH-Northeast-NY,ELE-2001,4,0,712.45
SALE-00961,2025-10-25 20:52:41,CUST-125,Jaipur Regional Hub,WH-Mountain-CO,FIL-4001,9,0,53.99
SALE-00962,2025-11-01 17:57:58,CUST-133,Delhi North Hub,WH-North-IL,ELE-2004,3,0,383.12
SALE-00963,2026-03-11 18:58:03,CUST-160,Lucknow Mid-India Hub,WH-MidAtlantic-VA,ELE-2002,1,0,124.82
SALE-00964,2026-05-09 17:04:30,CUST-120,Coimbatore South Central Hub,WH-SouthCentral-OK,FAS-3004,8,0,37.25
SALE-00965,2026-02-16 20:48:37,CUST-113,Pune Midwest Hub,WH-Midwest-OH,FAS-3005,3,0,32.19
SALE-00966,2026-07-20 20:47:38,CUST-129,Coimbatore South Central Hub,WH-SouthCentral-OK,FAS-3005,6,0,29.99
SALE-00967,2026-05-23 20:53:47,CUST-121,Mumbai West Hub,WH-West-CA,FIL-4001,4,0,52.34
SALE-00968,2026-04-07 20:34:47,CUST-130,Coimbatore South Central Hub,WH-SouthCentral-OK,FAS-3001,5,0,24.43
SALE-00969,2026-07-02 20:39:24,CUST-109,Mumbai West Hub,WH-West-CA,FIL-4002,7,7,33.65
SALE-00970,2025-10-22 19:57:02,CUST-149,Pune Midwest Hub,WH-Midwest-OH,ELE-2003,2,0,75.84
SALE-00971,2026-06-08 18:42:47,CUST-158,Kolkata East Hub,WH-East-NC,FIL-4001,3,0,54.39
SALE-00972,2026-01-16 20:11:38,CUST-102,Hyderabad Central Hub,WH-Central-TX,FIL-4002,5,0,31.39
SALE-00973,2026-04-29 19:04:23,CUST-156,Pune Midwest Hub,WH-Midwest-OH,FIL-4002,5,0,30.13
SALE-00974,2025-11-20 19:32:25,CUST-122,Bhubaneswar Southeast Hub,WH-Southeast-GA,FAS-3004,7,5,34.46
SALE-00975,2026-01-31 18:51:07,CUST-113,Hyderabad Central Hub,WH-Central-TX,FIL-4001,8,0,57.07
SALE-00976,2025-09-17 19:37:27,CUST-143,Pune Midwest Hub,WH-Midwest-OH,HYD-1004,4,0,167.24
SALE-00977,2025-10-10 18:19:48,CUST-112,Ahmedabad Southwest Hub,WH-Southwest-AZ,FIL-4001,4,0,59.37
SALE-00978,2025-09-21 20:19:39,CUST-153,Bhubaneswar Southeast Hub,WH-Southeast-GA,FAS-3003,12,0,23.42
SALE-00979,2026-01-22 17:21:22,CUST-119,Coimbatore South Central Hub,WH-SouthCentral-OK,FIL-4005,8,0,58.4
SALE-00980,2026-05-09 17:09:18,CUST-152,Hyderabad Central Hub,WH-Central-TX,FIL-4001,8,0,55.78
SALE-00981,2026-02-24 17:37:58,CUST-116,Pune Midwest Hub,WH-Midwest-OH,ELE-2003,3,0,76.62
SALE-00982,2026-04-20 17:57:56,CUST-135,Coimbatore South Central Hub,WH-SouthCentral-OK,FAS-3001,12,0,26.31
SALE-00983,2026-03-16 20:30:47,CUST-138,Guwahati Northeast Hub,WH-Northeast-NY,HYD-1001,3,0,480.65
SALE-00984,2026-06-24 18:31:22,CUST-108,Kolkata East Hub,WH-East-NC,ELE-2005,3,0,209.75
SALE-00985,2026-06-05 20:46:30,CUST-151,Bhubaneswar Southeast Hub,WH-Southeast-GA,HYD-1002,3,0,342.22
SALE-00986,2026-07-01 20:17:21,CUST-143,Nagpur Central Hub,WH-GreatLakes-MI,FIL-4003,9,0,43.86
SALE-00987,2026-01-14 18:48:44,CUST-112,Lucknow Mid-India Hub,WH-MidAtlantic-VA,HYD-1002,2,0,336.09
SALE-00988,2025-11-25 17:42:36,CUST-149,Guwahati Northeast Hub,WH-Northeast-NY,ELE-2005,2,0,222.72
SALE-00989,2026-04-15 20:56:28,CUST-147,Coimbatore South Central Hub,WH-SouthCentral-OK,FIL-4002,3,0,30.16
SALE-00990,2026-05-23 18:53:20,CUST-123,Mumbai West Hub,WH-West-CA,FIL-4003,9,0,44.75
SALE-00991,2025-10-11 18:07:06,CUST-106,Coimbatore South Central Hub,WH-SouthCentral-OK,ELE-2001,3,0,691.68
SALE-00992,2026-03-20 20:12:30,CUST-129,Pune Midwest Hub,WH-Midwest-OH,ELE-2002,4,0,133.03
SALE-00993,2025-11-28 19:18:11,CUST-147,Lucknow Mid-India Hub,WH-MidAtlantic-VA,ELE-2001,3,0,723.26
SALE-00994,2026-04-27 18:44:31,CUST-121,Hyderabad Central Hub,WH-Central-TX,HYD-1004,3,0,168.3
SALE-00995,2026-02-15 17:16:32,CUST-136,Kolkata East Hub,WH-East-NC,FIL-4005,5,0,64.78
SALE-00996,2026-04-06 19:11:00,CUST-123,Mumbai West Hub,WH-West-CA,FAS-3005,12,0,29.6
SALE-00997,2025-10-21 17:00:06,CUST-103,Guwahati Northeast Hub,WH-Northeast-NY,HYD-1004,5,0,167.12
SALE-00998,2026-03-01 18:32:58,CUST-159,Chennai South Hub,WH-South-FL,HYD-1003,3,0,85.96
SALE-00999,2026-01-19 18:06:35,CUST-119,Indore Central-West Hub,WH-Rockies-UT,FIL-4001,10,0,59.1
SALE-01000,2026-05-05 20:52:15,CUST-144,Hyderabad Central Hub,WH-Central-TX,ELE-2004,3,0,414.64
SALE-01001,2025-10-29 18:48:31,CUST-122,Bengaluru Technology Hub,WH-Pacific-WA,FAS-3005,7,0,30.27
SALE-01002,2025-09-14 17:46:17,CUST-154,Bengaluru Technology Hub,WH-Pacific-WA,FIL-4005,3,0,63.28
SALE-01003,2026-07-06 18:07:29,CUST-140,Jaipur Regional Hub,WH-Mountain-CO,FAS-3002,12,0,19.27
SALE-01004,2026-02-10 18:45:27,CUST-153,Bhubaneswar Southeast Hub,WH-Southeast-GA,FIL-4003,4,0,41.52
SALE-01005,2026-01-30 20:43:32,CUST-105,Mumbai West Hub,WH-West-CA,FIL-4001,7,0,55.12
SALE-01006,2026-06-16 20:19:42,CUST-129,Hyderabad Central Hub,WH-Central-TX,FAS-3001,6,0,23.79
SALE-01007,2026-07-16 19:31:36,CUST-124,Lucknow Mid-India Hub,WH-MidAtlantic-VA,HYD-1001,2,0,464.87
SALE-01008,2026-04-12 20:44:03,CUST-151,Bhubaneswar Southeast Hub,WH-Southeast-GA,HYD-1003,5,0,85.07
SALE-01009,2026-07-18 18:00:13,CUST-106,Nagpur Central Hub,WH-GreatLakes-MI,FIL-4001,4,0,57.0
SALE-01010,2025-12-10 19:08:13,CUST-111,Jaipur Regional Hub,WH-Mountain-CO,ELE-2001,4,0,696.98
SALE-01011,2026-06-28 17:41:55,CUST-119,Bengaluru Technology Hub,WH-Pacific-WA,FAS-3002,10,0,19.21
SALE-01012,2025-12-02 18:42:46,CUST-125,Mumbai West Hub,WH-West-CA,FIL-4003,8,0,43.84
SALE-01013,2026-02-27 19:29:28,CUST-135,Bhubaneswar Southeast Hub,WH-Southeast-GA,HYD-1001,4,0,468.69
SALE-01014,2026-03-30 17:57:40,CUST-110,Guwahati Northeast Hub,WH-Northeast-NY,FAS-3003,15,0,21.65
SALE-01015,2025-10-26 20:08:29,CUST-145,Bhubaneswar Southeast Hub,WH-Southeast-GA,HYD-1003,6,0,91.06
SALE-01016,2025-09-06 17:46:06,CUST-135,Indore Central-West Hub,WH-Rockies-UT,ELE-2005,2,0,200.39
SALE-01017,2026-03-19 20:45:21,CUST-143,Nagpur Central Hub,WH-GreatLakes-MI,ELE-2004,4,0,410.83
SALE-01018,2026-02-03 19:55:32,CUST-111,Coimbatore South Central Hub,WH-SouthCentral-OK,FAS-3003,8,0,23.72
SALE-01019,2026-03-12 18:54:02,CUST-152,Guwahati Northeast Hub,WH-Northeast-NY,FIL-4005,8,0,64.68
SALE-01020,2025-11-22 19:45:46,CUST-112,Lucknow Mid-India Hub,WH-MidAtlantic-VA,FIL-4005,3,2,61.79
SALE-01021,2025-11-09 18:00:03,CUST-108,Jaipur Regional Hub,WH-Mountain-CO,HYD-1002,1,0,319.31
SALE-01022,2026-02-26 20:38:49,CUST-108,Lucknow Mid-India Hub,WH-MidAtlantic-VA,HYD-1005,2,0,141.04
SALE-01023,2025-09-06 18:24:11,CUST-136,Nagpur Central Hub,WH-GreatLakes-MI,ELE-2003,1,0,74.66
SALE-01024,2026-02-18 19:26:48,CUST-141,Jaipur Regional Hub,WH-Mountain-CO,HYD-1004,3,0,183.74
SALE-01025,2026-01-12 19:21:29,CUST-158,Nagpur Central Hub,WH-GreatLakes-MI,ELE-2003,2,0,80.17
SALE-01026,2025-10-22 18:52:35,CUST-123,Bhubaneswar Southeast Hub,WH-Southeast-GA,HYD-1005,4,0,149.11
SALE-01027,2026-01-04 18:30:38,CUST-155,Ahmedabad Southwest Hub,WH-Southwest-AZ,ELE-2001,3,0,704.0
SALE-01028,2025-11-09 20:06:47,CUST-128,Hyderabad Central Hub,WH-Central-TX,ELE-2005,2,0,226.62
SALE-01029,2026-01-22 17:39:50,CUST-160,Delhi North Hub,WH-North-IL,FAS-3003,7,0,21.51
SALE-01030,2026-05-02 17:31:35,CUST-108,Ahmedabad Southwest Hub,WH-Southwest-AZ,ELE-2005,1,1,203.12
SALE-01031,2026-05-07 20:20:25,CUST-127,Ahmedabad Southwest Hub,WH-Southwest-AZ,ELE-2004,1,0,380.17
SALE-01032,2026-05-28 18:42:36,CUST-120,Bhubaneswar Southeast Hub,WH-Southeast-GA,ELE-2004,1,0,412.45
SALE-01033,2026-01-03 20:08:58,CUST-143,Kolkata East Hub,WH-East-NC,FAS-3003,13,0,21.19
SALE-01034,2026-02-01 18:30:12,CUST-108,Chennai South Hub,WH-South-FL,ELE-2002,1,0,127.0
SALE-01035,2026-02-18 18:35:00,CUST-134,Jaipur Regional Hub,WH-Mountain-CO,HYD-1001,3,0,459.07
SALE-01036,2025-09-01 18:27:36,CUST-106,Pune Midwest Hub,WH-Midwest-OH,HYD-1002,5,3,315.41
SALE-01037,2026-05-16 20:06:16,CUST-119,Nagpur Central Hub,WH-GreatLakes-MI,FAS-3002,4,0,18.2
SALE-01038,2026-05-19 19:41:06,CUST-120,Mumbai West Hub,WH-West-CA,FAS-3004,7,0,37.22
SALE-01039,2025-12-04 20:31:43,CUST-138,Coimbatore South Central Hub,WH-SouthCentral-OK,FAS-3001,5,0,23.65
SALE-01040,2026-01-10 19:39:35,CUST-159,Bhubaneswar Southeast Hub,WH-Southeast-GA,HYD-1001,1,0,433.96
SALE-01041,2026-01-01 20:01:32,CUST-123,Chennai South Hub,WH-South-FL,FAS-3005,2,0,31.17
SALE-01042,2026-06-25 20:04:07,CUST-111,Mumbai West Hub,WH-West-CA,FIL-4001,7,0,52.96
SALE-01043,2026-07-20 19:43:57,CUST-115,Mumbai West Hub,WH-West-CA,FAS-3002,7,0,17.51
SALE-01044,2026-05-16 19:13:25,CUST-107,Jaipur Regional Hub,WH-Mountain-CO,FAS-3001,9,0,24.21
SALE-01045,2025-11-21 19:48:54,CUST-130,Nagpur Central Hub,WH-GreatLakes-MI,FIL-4004,5,0,45.16
SALE-01046,2025-09-10 19:45:57,CUST-138,Jaipur Regional Hub,WH-Mountain-CO,FAS-3002,7,0,18.89
SALE-01047,2025-09-03 17:28:23,CUST-145,Lucknow Mid-India Hub,WH-MidAtlantic-VA,HYD-1004,4,0,188.75
SALE-01048,2026-06-06 19:46:20,CUST-112,Hyderabad Central Hub,WH-Central-TX,FAS-3001,10,0,26.66
SALE-01049,2025-10-31 20:43:35,CUST-126,Bengaluru Technology Hub,WH-Pacific-WA,ELE-2003,5,0,75.37
SALE-01050,2026-06-13 20:49:52,CUST-113,Hyderabad Central Hub,WH-Central-TX,FIL-4002,8,0,34.45
SALE-01051,2026-02-28 19:10:46,CUST-135,Pune Midwest Hub,WH-Midwest-OH,ELE-2002,1,0,128.68
SALE-01052,2026-05-07 18:02:42,CUST-130,Jaipur Regional Hub,WH-Mountain-CO,HYD-1005,5,0,135.23
SALE-01053,2026-04-25 20:46:34,CUST-140,Kolkata East Hub,WH-East-NC,FIL-4003,8,0,40.06
SALE-01054,2026-04-19 19:48:38,CUST-138,Nagpur Central Hub,WH-GreatLakes-MI,FAS-3003,7,0,22.75
SALE-01055,2026-04-13 20:20:57,CUST-131,Chennai South Hub,WH-South-FL,ELE-2002,1,0,133.02
SALE-01056,2026-02-09 18:01:25,CUST-109,Guwahati Northeast Hub,WH-Northeast-NY,FAS-3003,1,0,23.6
SALE-01057,2026-01-10 20:21:13,CUST-103,Bhubaneswar Southeast Hub,WH-Southeast-GA,FAS-3002,9,0,17.85
SALE-01058,2026-05-25 20:07:52,CUST-105,Guwahati Northeast Hub,WH-Northeast-NY,FIL-4002,13,0,33.93
SALE-01059,2025-09-27 18:18:05,CUST-141,Coimbatore South Central Hub,WH-SouthCentral-OK,ELE-2004,2,0,407.29
SALE-01060,2026-05-30 18:24:58,CUST-101,Guwahati Northeast Hub,WH-Northeast-NY,HYD-1001,5,0,447.42
SALE-01061,2026-03-18 18:30:33,CUST-107,Mumbai West Hub,WH-West-CA,ELE-2001,3,1,661.43
SALE-01062,2026-03-17 20:10:30,CUST-135,Coimbatore South Central Hub,WH-SouthCentral-OK,FIL-4001,3,0,53.11
SALE-01063,2026-04-05 18:54:17,CUST-136,Hyderabad Central Hub,WH-Central-TX,FAS-3001,11,0,24.51
SALE-01064,2026-03-17 20:50:00,CUST-112,Lucknow Mid-India Hub,WH-MidAtlantic-VA,FIL-4002,9,0,31.65
SALE-01065,2026-05-08 20:18:10,CUST-114,Bhubaneswar Southeast Hub,WH-Southeast-GA,HYD-1002,1,0,312.84
SALE-01066,2026-01-30 18:46:40,CUST-102,Kolkata East Hub,WH-East-NC,ELE-2003,2,0,71.38
SALE-01067,2026-05-14 20:46:04,CUST-115,Guwahati Northeast Hub,WH-Northeast-NY,FAS-3005,6,0,29.92
SALE-01068,2026-05-30 19:00:45,CUST-106,Delhi North Hub,WH-North-IL,HYD-1004,1,0,181.78
SALE-01069,2026-01-14 20:50:02,CUST-104,Delhi North Hub,WH-North-IL,ELE-2001,1,0,731.81
SALE-01070,2026-03-19 18:09:54,CUST-122,Guwahati Northeast Hub,WH-Northeast-NY,FIL-4003,4,0,41.19
SALE-01071,2026-03-06 18:30:42,CUST-140,Guwahati Northeast Hub,WH-Northeast-NY,ELE-2005,2,0,205.59
SALE-01072,2025-10-07 19:10:24,CUST-135,Bengaluru Technology Hub,WH-Pacific-WA,FIL-4003,4,2,42.36
SALE-01073,2026-06-03 17:33:14,CUST-146,Ahmedabad Southwest Hub,WH-Southwest-AZ,FIL-4002,4,0,31.51
SALE-01074,2026-01-05 20:07:26,CUST-104,Nagpur Central Hub,WH-GreatLakes-MI,FIL-4001,11,0,54.25
SALE-01075,2025-09-15 18:28:38,CUST-106,Hyderabad Central Hub,WH-Central-TX,FAS-3003,2,0,21.41
SALE-01076,2025-10-01 20:24:55,CUST-104,Hyderabad Central Hub,WH-Central-TX,FAS-3004,6,0,34.61
SALE-01077,2026-06-02 20:37:14,CUST-156,Indore Central-West Hub,WH-Rockies-UT,FAS-3002,6,0,18.5
SALE-01078,2025-11-22 18:35:00,CUST-102,Bhubaneswar Southeast Hub,WH-Southeast-GA,FIL-4005,5,0,63.35
SALE-01079,2026-01-26 20:15:11,CUST-156,Coimbatore South Central Hub,WH-SouthCentral-OK,FAS-3004,6,0,35.19
SALE-01080,2025-09-23 19:53:36,CUST-123,Coimbatore South Central Hub,WH-SouthCentral-OK,HYD-1002,7,0,319.59
SALE-01081,2026-04-28 18:51:58,CUST-101,Indore Central-West Hub,WH-Rockies-UT,ELE-2002,3,0,121.98
SALE-01082,2026-05-24 17:17:02,CUST-102,Hyderabad Central Hub,WH-Central-TX,FIL-4002,5,0,32.13
SALE-01083,2025-12-03 20:49:20,CUST-110,Lucknow Mid-India Hub,WH-MidAtlantic-VA,FAS-3002,14,0,17.19
SALE-01084,2026-01-18 20:37:11,CUST-135,Ahmedabad Southwest Hub,WH-Southwest-AZ,HYD-1005,4,0,139.66
SALE-01085,2025-09-25 18:47:21,CUST-102,Bhubaneswar Southeast Hub,WH-Southeast-GA,FAS-3003,7,0,20.94
SALE-01086,2026-07-13 18:05:45,CUST-151,Indore Central-West Hub,WH-Rockies-UT,ELE-2001,6,0,641.4
SALE-01087,2025-12-13 19:16:00,CUST-146,Lucknow Mid-India Hub,WH-MidAtlantic-VA,HYD-1005,5,0,134.88
SALE-01088,2026-01-04 19:19:53,CUST-133,Guwahati Northeast Hub,WH-Northeast-NY,HYD-1005,2,0,140.9
SALE-01089,2026-01-15 18:48:15,CUST-155,Delhi North Hub,WH-North-IL,ELE-2005,4,0,222.9
SALE-01090,2026-01-16 20:38:23,CUST-158,Delhi North Hub,WH-North-IL,HYD-1003,4,0,86.98
SALE-01091,2026-06-19 19:11:01,CUST-129,Nagpur Central Hub,WH-GreatLakes-MI,HYD-1001,3,0,471.73
SALE-01092,2026-02-27 20:27:27,CUST-124,Lucknow Mid-India Hub,WH-MidAtlantic-VA,FAS-3002,7,0,18.12
SALE-01093,2025-10-12 18:23:37,CUST-132,Mumbai West Hub,WH-West-CA,HYD-1001,4,0,472.6
SALE-01094,2025-11-18 18:53:47,CUST-116,Bhubaneswar Southeast Hub,WH-Southeast-GA,FIL-4001,6,0,52.17
SALE-01095,2026-04-11 18:36:47,CUST-101,Ahmedabad Southwest Hub,WH-Southwest-AZ,ELE-2002,4,0,128.22
SALE-01096,2026-02-05 19:48:50,CUST-103,Lucknow Mid-India Hub,WH-MidAtlantic-VA,HYD-1001,5,0,436.1
SALE-01097,2025-09-11 19:49:06,CUST-139,Pune Midwest Hub,WH-Midwest-OH,HYD-1005,2,0,138.68
SALE-01098,2025-12-15 19:28:35,CUST-128,Bhubaneswar Southeast Hub,WH-Southeast-GA,FIL-4005,4,0,65.56
SALE-01099,2025-09-12 19:39:09,CUST-133,Bhubaneswar Southeast Hub,WH-Southeast-GA,HYD-1002,2,0,307.38
SALE-01100,2025-10-26 17:29:13,CUST-146,Indore Central-West Hub,WH-Rockies-UT,HYD-1003,2,0,82.69
SALE-01101,2026-03-20 17:50:47,CUST-149,Bengaluru Technology Hub,WH-Pacific-WA,ELE-2004,1,0,378.73
SALE-01102,2026-06-30 18:16:27,CUST-152,Nagpur Central Hub,WH-GreatLakes-MI,FIL-4001,7,0,56.69
SALE-01103,2026-06-06 20:59:41,CUST-155,Jaipur Regional Hub,WH-Mountain-CO,ELE-2004,5,0,378.1
SALE-01104,2026-01-23 17:34:10,CUST-121,Guwahati Northeast Hub,WH-Northeast-NY,FAS-3005,14,0,30.44
SALE-01105,2026-01-27 17:17:56,CUST-124,Ahmedabad Southwest Hub,WH-Southwest-AZ,HYD-1003,1,1,86.82
SALE-01106,2025-10-26 20:09:12,CUST-144,Bhubaneswar Southeast Hub,WH-Southeast-GA,FAS-3003,10,0,21.4
SALE-01107,2025-10-07 19:44:24,CUST-119,Mumbai West Hub,WH-West-CA,ELE-2002,2,0,128.7
SALE-01108,2025-09-02 19:31:57,CUST-107,Lucknow Mid-India Hub,WH-MidAtlantic-VA,HYD-1002,1,0,316.73
SALE-01109,2026-03-22 20:26:21,CUST-115,Coimbatore South Central Hub,WH-SouthCentral-OK,FIL-4005,10,5,59.89
SALE-01110,2026-05-02 19:21:35,CUST-105,Lucknow Mid-India Hub,WH-MidAtlantic-VA,FIL-4005,6,3,64.07
SALE-01111,2026-06-20 18:52:13,CUST-103,Nagpur Central Hub,WH-GreatLakes-MI,HYD-1004,5,0,182.06
SALE-01112,2025-11-13 18:18:13,CUST-155,Bengaluru Technology Hub,WH-Pacific-WA,FIL-4001,2,0,56.78
SALE-01113,2025-11-06 18:59:28,CUST-137,Bengaluru Technology Hub,WH-Pacific-WA,ELE-2003,2,0,77.78
SALE-01114,2026-03-29 18:16:22,CUST-101,Kolkata East Hub,WH-East-NC,ELE-2004,3,0,371.02
SALE-01115,2026-04-20 19:02:09,CUST-129,Delhi North Hub,WH-North-IL,ELE-2004,2,0,368.7
SALE-01116,2026-06-13 18:00:40,CUST-145,Bengaluru Technology Hub,WH-Pacific-WA,ELE-2004,1,0,416.27
SALE-01117,2026-01-03 20:08:29,CUST-128,Bhubaneswar Southeast Hub,WH-Southeast-GA,ELE-2003,3,1,78.67
SALE-01118,2025-10-08 18:39:47,CUST-144,Pune Midwest Hub,WH-Midwest-OH,FAS-3004,12,0,34.14
SALE-01119,2026-06-11 20:43:38,CUST-118,Indore Central-West Hub,WH-Rockies-UT,FAS-3004,7,0,34.27
SALE-01120,2025-10-08 20:26:03,CUST-109,Guwahati Northeast Hub,WH-Northeast-NY,FAS-3004,7,0,34.13
SALE-01121,2026-03-03 19:35:04,CUST-115,Indore Central-West Hub,WH-Rockies-UT,FAS-3005,9,0,28.73
SALE-01122,2025-12-16 19:51:59,CUST-131,Indore Central-West Hub,WH-Rockies-UT,FAS-3005,7,0,29.37
SALE-01123,2025-10-02 20:23:09,CUST-146,Indore Central-West Hub,WH-Rockies-UT,FIL-4003,4,0,43.74
SALE-01124,2025-09-19 19:15:54,CUST-119,Mumbai West Hub,WH-West-CA,FAS-3004,6,0,36.14
SALE-01125,2026-05-21 20:18:46,CUST-109,Mumbai West Hub,WH-West-CA,FIL-4003,5,0,42.34
SALE-01126,2026-02-24 17:55:27,CUST-154,Ahmedabad Southwest Hub,WH-Southwest-AZ,FIL-4001,8,0,55.79
SALE-01127,2026-01-15 17:18:59,CUST-125,Chennai South Hub,WH-South-FL,ELE-2002,3,0,133.25
SALE-01128,2026-03-16 18:18:18,CUST-130,Nagpur Central Hub,WH-GreatLakes-MI,FIL-4003,8,0,45.23
SALE-01129,2025-09-26 17:49:15,CUST-136,Delhi North Hub,WH-North-IL,FAS-3003,9,0,23.68
SALE-01130,2026-05-06 17:43:37,CUST-133,Chennai South Hub,WH-South-FL,HYD-1002,6,0,309.59
SALE-01131,2026-06-29 18:40:36,CUST-158,Bhubaneswar Southeast Hub,WH-Southeast-GA,HYD-1001,1,0,468.87
SALE-01132,2026-01-02 19:45:49,CUST-130,Kolkata East Hub,WH-East-NC,FIL-4003,3,0,41.35
SALE-01133,2026-07-07 20:53:26,CUST-130,Guwahati Northeast Hub,WH-Northeast-NY,FIL-4001,7,0,53.92
SALE-01134,2026-04-26 18:42:26,CUST-116,Guwahati Northeast Hub,WH-Northeast-NY,FIL-4002,4,0,30.63
SALE-01135,2026-04-04 20:49:25,CUST-135,Nagpur Central Hub,WH-GreatLakes-MI,ELE-2002,1,0,121.12
SALE-01136,2026-06-16 19:23:54,CUST-139,Bhubaneswar Southeast Hub,WH-Southeast-GA,FIL-4004,7,0,46.23
SALE-01137,2025-12-03 20:19:45,CUST-140,Ahmedabad Southwest Hub,WH-Southwest-AZ,FAS-3003,12,0,20.95
SALE-01138,2025-10-12 20:19:39,CUST-102,Bengaluru Technology Hub,WH-Pacific-WA,FIL-4002,2,0,33.42
SALE-01139,2026-01-17 19:02:01,CUST-116,Hyderabad Central Hub,WH-Central-TX,HYD-1001,4,0,457.97
SALE-01140,2025-12-23 20:49:02,CUST-112,Kolkata East Hub,WH-East-NC,ELE-2003,3,0,77.02
SALE-01141,2026-03-11 18:49:31,CUST-104,Guwahati Northeast Hub,WH-Northeast-NY,FAS-3002,4,0,17.68
SALE-01142,2026-06-18 17:44:12,CUST-113,Delhi North Hub,WH-North-IL,FAS-3002,15,0,17.38
SALE-01143,2026-02-05 18:41:14,CUST-105,Chennai South Hub,WH-South-FL,FAS-3004,8,0,35.57
SALE-01144,2026-03-09 17:10:02,CUST-132,Delhi North Hub,WH-North-IL,ELE-2005,1,0,216.35
SALE-01145,2026-03-04 18:45:28,CUST-112,Coimbatore South Central Hub,WH-SouthCentral-OK,FIL-4005,2,0,64.53
SALE-01146,2026-03-18 20:48:11,CUST-112,Hyderabad Central Hub,WH-Central-TX,FAS-3004,10,0,33.28
SALE-01147,2025-12-06 18:05:19,CUST-134,Pune Midwest Hub,WH-Midwest-OH,ELE-2001,1,0,683.4
SALE-01148,2025-10-01 17:16:12,CUST-127,Coimbatore South Central Hub,WH-SouthCentral-OK,ELE-2004,5,0,367.76
SALE-01149,2025-10-17 18:31:58,CUST-133,Nagpur Central Hub,WH-GreatLakes-MI,HYD-1002,2,1,333.84
SALE-01150,2026-03-18 18:46:36,CUST-125,Bengaluru Technology Hub,WH-Pacific-WA,FAS-3003,12,0,23.03
SALE-01151,2025-12-21 18:58:19,CUST-128,Ahmedabad Southwest Hub,WH-Southwest-AZ,FIL-4001,3,0,53.77
SALE-01152,2026-04-11 19:33:35,CUST-136,Hyderabad Central Hub,WH-Central-TX,HYD-1002,3,0,324.69
SALE-01153,2026-05-28 20:03:24,CUST-131,Kolkata East Hub,WH-East-NC,ELE-2005,2,0,198.98
SALE-01154,2025-12-10 19:17:52,CUST-118,Jaipur Regional Hub,WH-Mountain-CO,HYD-1005,3,0,134.26
SALE-01155,2025-12-17 17:44:11,CUST-118,Lucknow Mid-India Hub,WH-MidAtlantic-VA,FAS-3003,10,0,20.95
SALE-01156,2026-04-09 19:05:23,CUST-137,Ahmedabad Southwest Hub,WH-Southwest-AZ,HYD-1002,5,0,344.68
SALE-01157,2026-06-14 20:51:56,CUST-135,Bengaluru Technology Hub,WH-Pacific-WA,FAS-3002,12,0,17.48
SALE-01158,2025-11-28 20:00:40,CUST-118,Bengaluru Technology Hub,WH-Pacific-WA,ELE-2005,4,0,203.68
SALE-01159,2025-12-14 20:57:40,CUST-105,Guwahati Northeast Hub,WH-Northeast-NY,ELE-2002,4,0,126.83
SALE-01160,2026-06-23 20:42:58,CUST-157,Hyderabad Central Hub,WH-Central-TX,ELE-2004,4,0,409.54
SALE-01161,2026-04-18 20:07:17,CUST-116,Bengaluru Technology Hub,WH-Pacific-WA,ELE-2002,2,0,123.01
SALE-01162,2026-05-09 20:20:00,CUST-116,Bengaluru Technology Hub,WH-Pacific-WA,FIL-4004,12,0,47.42
SALE-01163,2026-02-05 19:59:22,CUST-112,Pune Midwest Hub,WH-Midwest-OH,ELE-2005,2,0,223.15
SALE-01164,2025-10-24 17:52:58,CUST-151,Nagpur Central Hub,WH-GreatLakes-MI,FAS-3005,8,0,32.33
SALE-01165,2026-04-28 19:11:27,CUST-106,Bhubaneswar Southeast Hub,WH-Southeast-GA,FIL-4004,4,0,51.65
SALE-01166,2025-10-17 19:53:03,CUST-110,Coimbatore South Central Hub,WH-SouthCentral-OK,ELE-2003,2,0,71.17
SALE-01167,2025-09-01 20:20:11,CUST-115,Jaipur Regional Hub,WH-Mountain-CO,ELE-2004,7,0,403.16
SALE-01168,2025-09-05 17:42:26,CUST-158,Chennai South Hub,WH-South-FL,ELE-2002,1,0,120.13
SALE-01169,2025-10-18 20:05:02,CUST-151,Guwahati Northeast Hub,WH-Northeast-NY,FAS-3001,12,0,25.71
SALE-01170,2026-06-03 19:43:46,CUST-130,Guwahati Northeast Hub,WH-Northeast-NY,FAS-3002,8,0,18.74
SALE-01171,2026-04-29 17:23:00,CUST-155,Chennai South Hub,WH-South-FL,HYD-1002,6,0,342.25
SALE-01172,2025-10-06 19:53:08,CUST-134,Pune Midwest Hub,WH-Midwest-OH,HYD-1003,4,0,84.68
SALE-01173,2026-05-21 17:41:44,CUST-122,Chennai South Hub,WH-South-FL,ELE-2001,1,0,711.6
SALE-01174,2026-01-22 19:50:24,CUST-118,Jaipur Regional Hub,WH-Mountain-CO,ELE-2001,2,0,720.53
SALE-01175,2026-03-31 17:20:28,CUST-112,Mumbai West Hub,WH-West-CA,FIL-4004,4,0,50.63
SALE-01176,2026-02-20 18:05:13,CUST-146,Nagpur Central Hub,WH-GreatLakes-MI,FIL-4005,10,0,63.88
SALE-01177,2026-06-01 18:50:20,CUST-130,Mumbai West Hub,WH-West-CA,FAS-3003,5,0,23.54
SALE-01178,2026-04-17 18:39:27,CUST-105,Ahmedabad Southwest Hub,WH-Southwest-AZ,FIL-4005,9,0,66.51
SALE-01179,2026-06-09 20:32:28,CUST-146,Lucknow Mid-India Hub,WH-MidAtlantic-VA,ELE-2005,1,0,224.63
SALE-01180,2026-06-13 19:42:29,CUST-125,Coimbatore South Central Hub,WH-SouthCentral-OK,ELE-2005,5,0,198.65
SALE-01181,2026-03-05 17:04:33,CUST-132,Nagpur Central Hub,WH-GreatLakes-MI,HYD-1004,7,0,182.58
SALE-01182,2026-01-09 18:50:31,CUST-122,Nagpur Central Hub,WH-GreatLakes-MI,ELE-2004,1,0,386.03
SALE-01183,2026-04-25 18:40:27,CUST-130,Mumbai West Hub,WH-West-CA,HYD-1003,2,0,90.6
SALE-01184,2025-12-26 18:10:45,CUST-108,Coimbatore South Central Hub,WH-SouthCentral-OK,HYD-1005,7,0,140.42
SALE-01185,2025-09-09 19:31:34,CUST-111,Nagpur Central Hub,WH-GreatLakes-MI,ELE-2003,4,0,74.45
SALE-01186,2026-06-23 18:48:25,CUST-140,Hyderabad Central Hub,WH-Central-TX,FAS-3004,7,0,37.56
SALE-01187,2025-12-06 18:46:49,CUST-110,Ahmedabad Southwest Hub,WH-Southwest-AZ,ELE-2003,5,0,77.54
SALE-01188,2026-02-14 19:09:52,CUST-119,Chennai South Hub,WH-South-FL,ELE-2005,3,1,209.44
SALE-01189,2026-04-09 17:14:11,CUST-115,Indore Central-West Hub,WH-Rockies-UT,FIL-4001,5,0,58.96
SALE-01190,2026-02-24 19:48:56,CUST-123,Delhi North Hub,WH-North-IL,HYD-1002,2,0,324.7
SALE-01191,2026-06-21 18:27:21,CUST-122,Nagpur Central Hub,WH-GreatLakes-MI,ELE-2003,1,1,74.06
SALE-01192,2026-05-24 17:52:37,CUST-129,Pune Midwest Hub,WH-Midwest-OH,ELE-2003,5,0,75.56
SALE-01193,2025-09-19 20:12:12,CUST-111,Delhi North Hub,WH-North-IL,HYD-1004,4,0,169.26
SALE-01194,2026-07-15 18:57:53,CUST-127,Bhubaneswar Southeast Hub,WH-Southeast-GA,HYD-1001,1,0,475.2
SALE-01195,2025-12-14 18:21:50,CUST-131,Bhubaneswar Southeast Hub,WH-Southeast-GA,FAS-3001,9,0,24.42
SALE-01196,2026-06-10 20:48:55,CUST-143,Bhubaneswar Southeast Hub,WH-Southeast-GA,ELE-2004,1,0,415.45
SALE-01197,2026-07-23 19:46:11,CUST-112,Jaipur Regional Hub,WH-Mountain-CO,FIL-4004,2,0,48.33
SALE-01198,2026-07-09 19:49:47,CUST-101,Chennai South Hub,WH-South-FL,ELE-2002,4,4,130.78
SALE-01199,2025-10-17 19:24:50,CUST-125,Guwahati Northeast Hub,WH-Northeast-NY,HYD-1003,3,0,86.43
SALE-01200,2025-11-29 19:31:32,CUST-158,Kolkata East Hub,WH-East-NC,FIL-4003,5,0,44.64
SALE-01201,2026-01-03 18:25:26,CUST-101,Ahmedabad Southwest Hub,WH-Southwest-AZ,HYD-1003,5,0,81.74
SALE-01202,2026-01-13 20:51:11,CUST-129,Guwahati Northeast Hub,WH-Northeast-NY,FIL-4002,5,0,30.16
SALE-01203,2026-04-12 19:50:08,CUST-116,Lucknow Mid-India Hub,WH-MidAtlantic-VA,FAS-3003,7,0,23.73
SALE-01204,2025-12-06 20:19:47,CUST-106,Bengaluru Technology Hub,WH-Pacific-WA,ELE-2005,1,0,199.85
SALE-01205,2026-07-09 17:33:35,CUST-150,Bengaluru Technology Hub,WH-Pacific-WA,ELE-2004,1,0,418.34
SALE-01206,2026-07-20 18:17:03,CUST-159,Nagpur Central Hub,WH-GreatLakes-MI,HYD-1001,1,0,446.41
SALE-01207,2025-12-22 18:45:30,CUST-135,Coimbatore South Central Hub,WH-SouthCentral-OK,FIL-4001,6,0,52.47
SALE-01208,2025-11-02 20:23:40,CUST-106,Indore Central-West Hub,WH-Rockies-UT,HYD-1005,3,0,133.27
SALE-01209,2025-09-30 20:14:15,CUST-152,Nagpur Central Hub,WH-GreatLakes-MI,FIL-4003,5,0,41.35
SALE-01210,2026-01-04 20:56:51,CUST-139,Hyderabad Central Hub,WH-Central-TX,ELE-2005,3,0,204.9
SALE-01211,2025-12-20 19:32:21,CUST-146,Pune Midwest Hub,WH-Midwest-OH,ELE-2001,1,0,645.92
SALE-01212,2025-12-19 19:59:18,CUST-112,Indore Central-West Hub,WH-Rockies-UT,FAS-3001,5,0,23.94
SALE-01213,2026-05-20 18:56:14,CUST-101,Bhubaneswar Southeast Hub,WH-Southeast-GA,FIL-4003,4,0,44.63
SALE-01214,2025-11-11 18:26:59,CUST-120,Indore Central-West Hub,WH-Rockies-UT,ELE-2003,5,0,80.29
SALE-01215,2025-11-28 19:55:51,CUST-159,Delhi North Hub,WH-North-IL,FAS-3003,4,0,21.09
SALE-01216,2026-01-02 19:14:47,CUST-117,Nagpur Central Hub,WH-GreatLakes-MI,ELE-2001,2,0,667.27
SALE-01217,2025-12-05 20:01:48,CUST-131,Chennai South Hub,WH-South-FL,FAS-3001,5,0,25.68
SALE-01218,2025-11-22 20:29:03,CUST-120,Bhubaneswar Southeast Hub,WH-Southeast-GA,ELE-2005,4,0,206.54
SALE-01219,2025-09-30 18:01:52,CUST-141,Nagpur Central Hub,WH-GreatLakes-MI,FIL-4005,6,0,62.61
SALE-01220,2026-05-20 20:00:03,CUST-105,Hyderabad Central Hub,WH-Central-TX,HYD-1004,4,0,181.72
SALE-01221,2025-12-23 20:11:22,CUST-118,Chennai South Hub,WH-South-FL,HYD-1005,5,0,140.37
SALE-01222,2025-12-24 17:50:41,CUST-111,Bhubaneswar Southeast Hub,WH-Southeast-GA,ELE-2001,1,0,703.52
SALE-01223,2026-07-09 17:25:03,CUST-105,Chennai South Hub,WH-South-FL,HYD-1005,2,0,141.95
SALE-01224,2026-01-26 19:39:32,CUST-122,Kolkata East Hub,WH-East-NC,ELE-2001,1,0,654.65
SALE-01225,2025-09-29 17:06:02,CUST-104,Bengaluru Technology Hub,WH-Pacific-WA,HYD-1003,2,0,81.89
SALE-01226,2026-02-28 18:56:04,CUST-108,Lucknow Mid-India Hub,WH-MidAtlantic-VA,ELE-2002,1,0,132.14
SALE-01227,2026-01-02 18:26:53,CUST-143,Lucknow Mid-India Hub,WH-MidAtlantic-VA,HYD-1004,3,0,181.97
SALE-01228,2025-09-17 19:56:35,CUST-152,Coimbatore South Central Hub,WH-SouthCentral-OK,FAS-3005,11,0,31.95
SALE-01229,2026-07-24 20:43:51,CUST-112,Guwahati Northeast Hub,WH-Northeast-NY,HYD-1005,1,0,148.68
SALE-01230,2025-09-23 18:29:22,CUST-109,Ahmedabad Southwest Hub,WH-Southwest-AZ,FAS-3003,9,0,22.83
SALE-01231,2026-01-23 19:17:02,CUST-134,Delhi North Hub,WH-North-IL,HYD-1002,2,1,311.39
SALE-01232,2026-07-26 17:56:56,CUST-153,Coimbatore South Central Hub,WH-SouthCentral-OK,FIL-4002,8,0,32.89
SALE-01233,2026-01-21 20:37:21,CUST-144,Kolkata East Hub,WH-East-NC,FAS-3002,11,0,17.02
SALE-01234,2025-09-13 17:08:43,CUST-148,Pune Midwest Hub,WH-Midwest-OH,FAS-3004,8,0,34.34
SALE-01235,2026-01-20 20:49:20,CUST-112,Bengaluru Technology Hub,WH-Pacific-WA,FIL-4005,6,0,60.97
SALE-01236,2026-05-04 18:07:37,CUST-159,Bhubaneswar Southeast Hub,WH-Southeast-GA,FIL-4004,8,0,48.52
SALE-01237,2026-06-12 18:29:02,CUST-104,Jaipur Regional Hub,WH-Mountain-CO,FAS-3003,5,0,22.95
SALE-01238,2025-10-17 19:39:17,CUST-138,Hyderabad Central Hub,WH-Central-TX,HYD-1001,2,0,466.38
SALE-01239,2026-02-15 19:18:25,CUST-145,Ahmedabad Southwest Hub,WH-Southwest-AZ,ELE-2003,1,0,72.48
SALE-01240,2026-02-24 20:25:13,CUST-117,Hyderabad Central Hub,WH-Central-TX,HYD-1001,2,0,454.61
SALE-01241,2026-02-19 17:47:17,CUST-111,Kolkata East Hub,WH-East-NC,FIL-4001,5,0,51.76
SALE-01242,2026-03-26 19:35:21,CUST-155,Ahmedabad Southwest Hub,WH-Southwest-AZ,FAS-3001,4,0,26.49
SALE-01243,2025-12-11 20:05:24,CUST-110,Indore Central-West Hub,WH-Rockies-UT,ELE-2005,2,0,202.99
SALE-01244,2026-06-26 19:33:36,CUST-152,Bhubaneswar Southeast Hub,WH-Southeast-GA,HYD-1004,5,0,183.24
SALE-01245,2026-06-03 20:42:22,CUST-134,Nagpur Central Hub,WH-GreatLakes-MI,FIL-4005,1,0,65.5
SALE-01246,2026-05-30 20:33:21,CUST-131,Guwahati Northeast Hub,WH-Northeast-NY,FIL-4002,4,0,33.78
SALE-01247,2026-06-03 17:34:27,CUST-117,Delhi North Hub,WH-North-IL,FIL-4004,8,0,47.46
SALE-01248,2025-12-04 19:23:54,CUST-149,Mumbai West Hub,WH-West-CA,FIL-4003,9,0,43.9
SALE-01249,2026-01-03 20:21:18,CUST-109,Mumbai West Hub,WH-West-CA,FIL-4005,5,0,59.52
SALE-01250,2026-03-22 20:25:17,CUST-114,Indore Central-West Hub,WH-Rockies-UT,FIL-4004,2,0,50.98
SALE-01251,2026-01-09 17:16:33,CUST-148,Guwahati Northeast Hub,WH-Northeast-NY,HYD-1004,1,0,173.21
SALE-01252,2026-04-17 20:04:33,CUST-146,Chennai South Hub,WH-South-FL,HYD-1002,3,0,327.47
SALE-01253,2025-11-15 20:17:56,CUST-154,Pune Midwest Hub,WH-Midwest-OH,HYD-1003,5,0,80.55
SALE-01254,2026-04-17 17:27:50,CUST-111,Lucknow Mid-India Hub,WH-MidAtlantic-VA,ELE-2001,4,0,684.86
SALE-01255,2026-05-26 18:58:09,CUST-140,Nagpur Central Hub,WH-GreatLakes-MI,HYD-1001,3,0,466.88
SALE-01256,2026-03-25 20:06:40,CUST-156,Pune Midwest Hub,WH-Midwest-OH,FIL-4003,4,2,44.61
SALE-01257,2026-07-19 17:27:41,CUST-157,Nagpur Central Hub,WH-GreatLakes-MI,FIL-4004,4,0,46.73
SALE-01258,2026-07-14 17:10:35,CUST-131,Chennai South Hub,WH-South-FL,FAS-3004,9,0,34.34
SALE-01259,2026-02-01 18:24:17,CUST-128,Mumbai West Hub,WH-West-CA,FAS-3003,17,0,22.08
SALE-01260,2026-07-15 20:01:52,CUST-150,Nagpur Central Hub,WH-GreatLakes-MI,FIL-4004,8,4,48.51
SALE-01261,2026-02-05 17:45:23,CUST-149,Indore Central-West Hub,WH-Rockies-UT,ELE-2002,1,0,125.79
SALE-01262,2025-11-15 18:04:51,CUST-103,Mumbai West Hub,WH-West-CA,FAS-3005,4,0,28.23
SALE-01263,2026-01-31 17:10:27,CUST-134,Chennai South Hub,WH-South-FL,FIL-4002,8,0,31.0
SALE-01264,2026-01-07 17:40:40,CUST-160,Guwahati Northeast Hub,WH-Northeast-NY,FIL-4001,7,0,53.85
SALE-01265,2026-04-29 19:49:45,CUST-119,Indore Central-West Hub,WH-Rockies-UT,FIL-4005,5,0,64.97
SALE-01266,2026-07-27 20:58:08,CUST-113,Chennai South Hub,WH-South-FL,ELE-2004,1,0,385.21
SALE-01267,2026-04-22 17:36:39,CUST-114,Indore Central-West Hub,WH-Rockies-UT,HYD-1001,1,0,448.26
SALE-01268,2026-03-31 20:10:24,CUST-105,Ahmedabad Southwest Hub,WH-Southwest-AZ,FAS-3001,12,0,24.28
SALE-01269,2025-12-07 20:47:10,CUST-103,Kolkata East Hub,WH-East-NC,HYD-1004,3,0,178.86
SALE-01270,2026-05-29 18:13:57,CUST-134,Coimbatore South Central Hub,WH-SouthCentral-OK,ELE-2002,4,0,128.79
SALE-01271,2026-07-06 17:08:17,CUST-136,Nagpur Central Hub,WH-GreatLakes-MI,ELE-2001,4,0,729.28
SALE-01272,2026-07-20 17:37:47,CUST-110,Bengaluru Technology Hub,WH-Pacific-WA,FIL-4001,7,0,53.11
SALE-01273,2025-10-13 18:10:33,CUST-111,Mumbai West Hub,WH-West-CA,FAS-3001,8,0,25.05
SALE-01274,2025-11-19 20:13:32,CUST-131,Pune Midwest Hub,WH-Midwest-OH,FIL-4001,4,0,54.65
SALE-01275,2026-04-16 17:00:53,CUST-135,Nagpur Central Hub,WH-GreatLakes-MI,ELE-2001,2,0,726.02
SALE-01276,2025-09-08 19:37:32,CUST-156,Nagpur Central Hub,WH-GreatLakes-MI,ELE-2002,3,0,121.12
SALE-01277,2026-06-20 20:37:28,CUST-121,Guwahati Northeast Hub,WH-Northeast-NY,ELE-2002,4,0,132.7
SALE-01278,2026-03-08 19:38:10,CUST-141,Nagpur Central Hub,WH-GreatLakes-MI,FIL-4003,6,0,44.37
SALE-01279,2026-02-02 18:48:51,CUST-134,Delhi North Hub,WH-North-IL,ELE-2002,4,0,131.68
SALE-01280,2026-07-21 18:45:18,CUST-114,Bhubaneswar Southeast Hub,WH-Southeast-GA,HYD-1002,1,0,307.6
SALE-01281,2025-12-25 19:41:27,CUST-133,Mumbai West Hub,WH-West-CA,FAS-3005,9,4,30.02
SALE-01282,2026-01-28 20:25:05,CUST-155,Delhi North Hub,WH-North-IL,FAS-3004,10,0,34.72
SALE-01283,2026-02-21 17:22:33,CUST-141,Bengaluru Technology Hub,WH-Pacific-WA,FAS-3004,12,0,36.25
SALE-01284,2026-04-06 20:44:30,CUST-131,Coimbatore South Central Hub,WH-SouthCentral-OK,FIL-4004,8,0,49.96
SALE-01285,2026-06-20 20:38:13,CUST-129,Kolkata East Hub,WH-East-NC,FAS-3004,6,0,35.03
SALE-01286,2025-11-27 20:25:18,CUST-133,Hyderabad Central Hub,WH-Central-TX,ELE-2003,1,1,79.63
SALE-01287,2025-12-16 18:16:18,CUST-118,Jaipur Regional Hub,WH-Mountain-CO,FIL-4001,9,0,51.73
SALE-01288,2026-03-13 17:54:56,CUST-139,Nagpur Central Hub,WH-GreatLakes-MI,FAS-3005,7,0,29.4
SALE-01289,2026-03-28 19:12:11,CUST-149,Bhubaneswar Southeast Hub,WH-Southeast-GA,FIL-4002,6,0,31.76
SALE-01290,2026-06-11 17:05:58,CUST-125,Nagpur Central Hub,WH-GreatLakes-MI,FAS-3002,10,0,19.21
SALE-01291,2026-04-25 20:07:44,CUST-109,Pune Midwest Hub,WH-Midwest-OH,ELE-2003,1,0,75.89
SALE-01292,2025-10-19 20:38:32,CUST-154,Indore Central-West Hub,WH-Rockies-UT,ELE-2003,2,0,78.13
SALE-01293,2025-10-01 20:40:19,CUST-142,Pune Midwest Hub,WH-Midwest-OH,HYD-1001,1,0,474.26
SALE-01294,2026-01-12 18:46:32,CUST-101,Ahmedabad Southwest Hub,WH-Southwest-AZ,FAS-3003,3,0,22.6
SALE-01295,2026-04-20 19:37:53,CUST-110,Guwahati Northeast Hub,WH-Northeast-NY,FIL-4004,8,0,45.3
SALE-01296,2025-10-22 17:04:16,CUST-132,Bhubaneswar Southeast Hub,WH-Southeast-GA,FAS-3004,11,0,35.96
SALE-01297,2026-05-09 19:37:22,CUST-108,Lucknow Mid-India Hub,WH-MidAtlantic-VA,ELE-2005,5,0,223.62
SALE-01298,2026-01-31 20:27:44,CUST-116,Ahmedabad Southwest Hub,WH-Southwest-AZ,FIL-4001,9,0,59.28
SALE-01299,2026-05-23 17:20:15,CUST-117,Delhi North Hub,WH-North-IL,ELE-2002,4,0,125.51
SALE-01300,2026-06-05 17:42:38,CUST-102,Ahmedabad Southwest Hub,WH-Southwest-AZ,HYD-1004,4,0,183.08
SALE-01301,2026-01-24 18:19:06,CUST-106,Kolkata East Hub,WH-East-NC,ELE-2003,5,4,74.85
SALE-01302,2026-01-10 17:23:15,CUST-115,Kolkata East Hub,WH-East-NC,FIL-4004,5,0,47.42
SALE-01303,2026-06-06 19:02:40,CUST-150,Indore Central-West Hub,WH-Rockies-UT,ELE-2003,2,0,72.35
SALE-01304,2026-07-22 17:51:10,CUST-147,Mumbai West Hub,WH-West-CA,HYD-1005,1,0,146.75
SALE-01305,2026-02-04 18:47:08,CUST-151,Hyderabad Central Hub,WH-Central-TX,ELE-2003,2,0,77.21
SALE-01306,2026-05-31 18:22:54,CUST-123,Coimbatore South Central Hub,WH-SouthCentral-OK,HYD-1003,6,0,84.22
SALE-01307,2025-11-08 17:39:10,CUST-105,Bhubaneswar Southeast Hub,WH-Southeast-GA,HYD-1004,4,0,185.82
SALE-01308,2025-09-12 20:09:53,CUST-125,Mumbai West Hub,WH-West-CA,ELE-2003,2,0,71.53
SALE-01309,2026-03-17 17:18:13,CUST-118,Nagpur Central Hub,WH-GreatLakes-MI,ELE-2004,3,0,373.13
SALE-01310,2025-11-27 18:12:42,CUST-102,Kolkata East Hub,WH-East-NC,HYD-1001,3,0,469.03
SALE-01311,2026-03-01 20:51:23,CUST-114,Coimbatore South Central Hub,WH-SouthCentral-OK,ELE-2004,2,0,397.67
SALE-01312,2025-09-29 18:11:50,CUST-127,Ahmedabad Southwest Hub,WH-Southwest-AZ,HYD-1004,1,1,182.27
SALE-01313,2026-02-23 17:29:58,CUST-111,Jaipur Regional Hub,WH-Mountain-CO,FIL-4002,6,0,30.93
SALE-01314,2025-12-05 18:15:47,CUST-142,Bhubaneswar Southeast Hub,WH-Southeast-GA,FAS-3005,9,0,30.28
SALE-01315,2026-02-08 19:44:26,CUST-141,Bhubaneswar Southeast Hub,WH-Southeast-GA,FAS-3005,13,0,29.82
SALE-01316,2025-09-26 17:10:36,CUST-155,Pune Midwest Hub,WH-Midwest-OH,ELE-2003,4,0,78.82
SALE-01317,2025-12-14 18:31:23,CUST-146,Delhi North Hub,WH-North-IL,FAS-3002,6,0,18.21
SALE-01318,2026-06-09 19:42:49,CUST-127,Ahmedabad Southwest Hub,WH-Southwest-AZ,FAS-3004,8,0,34.58
SALE-01319,2025-10-08 17:25:13,CUST-156,Kolkata East Hub,WH-East-NC,FAS-3004,6,0,36.14
SALE-01320,2026-05-17 18:39:08,CUST-132,Bhubaneswar Southeast Hub,WH-Southeast-GA,FIL-4004,9,0,47.89
SALE-01321,2025-09-11 20:38:50,CUST-115,Coimbatore South Central Hub,WH-SouthCentral-OK,HYD-1003,4,0,89.04
SALE-01322,2025-10-07 18:44:08,CUST-128,Mumbai West Hub,WH-West-CA,HYD-1001,2,0,455.35
SALE-01323,2026-07-10 17:09:45,CUST-112,Chennai South Hub,WH-South-FL,FAS-3005,12,0,32.21
SALE-01324,2026-04-15 18:15:11,CUST-111,Nagpur Central Hub,WH-GreatLakes-MI,FIL-4002,6,0,32.09
SALE-01325,2025-09-05 20:58:42,CUST-154,Delhi North Hub,WH-North-IL,ELE-2004,2,0,396.71
SALE-01326,2026-07-12 19:37:02,CUST-125,Indore Central-West Hub,WH-Rockies-UT,FIL-4003,4,0,44.54
SALE-01327,2026-07-25 17:40:54,CUST-116,Mumbai West Hub,WH-West-CA,HYD-1003,2,0,89.37
SALE-01328,2025-11-06 18:57:01,CUST-124,Jaipur Regional Hub,WH-Mountain-CO,HYD-1003,3,0,90.04
SALE-01329,2026-03-01 18:12:05,CUST-150,Bhubaneswar Southeast Hub,WH-Southeast-GA,ELE-2002,3,0,131.51
SALE-01330,2026-06-23 17:09:41,CUST-149,Bhubaneswar Southeast Hub,WH-Southeast-GA,HYD-1002,2,0,319.19
SALE-01331,2026-05-04 17:28:32,CUST-156,Delhi North Hub,WH-North-IL,FAS-3005,5,0,30.72
SALE-01332,2026-01-25 19:20:01,CUST-157,Ahmedabad Southwest Hub,WH-Southwest-AZ,ELE-2004,4,0,396.83
SALE-01333,2025-09-10 17:19:02,CUST-108,Indore Central-West Hub,WH-Rockies-UT,FAS-3004,6,0,33.68
SALE-01334,2026-03-07 17:37:13,CUST-127,Nagpur Central Hub,WH-GreatLakes-MI,FIL-4002,3,0,32.28
SALE-01335,2026-03-06 18:30:18,CUST-124,Hyderabad Central Hub,WH-Central-TX,HYD-1001,3,0,431.29
SALE-01336,2026-03-17 18:24:01,CUST-112,Bhubaneswar Southeast Hub,WH-Southeast-GA,FAS-3002,5,0,19.22
SALE-01337,2026-01-07 20:30:53,CUST-115,Kolkata East Hub,WH-East-NC,FIL-4001,5,0,53.98
SALE-01338,2025-11-21 19:50:42,CUST-101,Nagpur Central Hub,WH-GreatLakes-MI,ELE-2005,3,0,203.25
SALE-01339,2026-02-24 18:04:28,CUST-136,Nagpur Central Hub,WH-GreatLakes-MI,HYD-1001,5,0,445.12
SALE-01340,2025-10-15 19:23:03,CUST-117,Jaipur Regional Hub,WH-Mountain-CO,FIL-4001,8,0,54.18
SALE-01341,2025-09-29 19:41:37,CUST-102,Jaipur Regional Hub,WH-Mountain-CO,FAS-3001,10,0,26.84
SALE-01342,2026-02-18 19:04:45,CUST-127,Coimbatore South Central Hub,WH-SouthCentral-OK,FAS-3005,8,0,29.75
SALE-01343,2026-03-20 20:16:21,CUST-112,Delhi North Hub,WH-North-IL,FAS-3002,13,0,18.28
SALE-01344,2026-01-29 17:44:56,CUST-144,Bhubaneswar Southeast Hub,WH-Southeast-GA,FIL-4004,5,0,49.5
SALE-01345,2026-02-24 19:08:21,CUST-112,Delhi North Hub,WH-North-IL,ELE-2003,2,0,75.39
SALE-01346,2025-10-20 18:14:11,CUST-129,Pune Midwest Hub,WH-Midwest-OH,ELE-2004,4,0,367.27
SALE-01347,2025-12-04 18:00:55,CUST-125,Pune Midwest Hub,WH-Midwest-OH,HYD-1004,4,0,181.99
SALE-01348,2026-06-04 17:32:46,CUST-147,Pune Midwest Hub,WH-Midwest-OH,FIL-4004,7,0,50.5
SALE-01349,2026-04-16 19:16:15,CUST-156,Hyderabad Central Hub,WH-Central-TX,FAS-3002,13,0,17.31
SALE-01350,2025-09-25 17:18:43,CUST-139,Kolkata East Hub,WH-East-NC,ELE-2002,3,0,128.12
SALE-01351,2025-12-31 20:32:33,CUST-152,Ahmedabad Southwest Hub,WH-Southwest-AZ,FAS-3001,6,0,23.8
SALE-01352,2025-12-29 20:17:54,CUST-133,Ahmedabad Southwest Hub,WH-Southwest-AZ,ELE-2005,4,0,224.9
SALE-01353,2026-01-06 19:07:53,CUST-150,Bhubaneswar Southeast Hub,WH-Southeast-GA,HYD-1003,4,0,84.75
SALE-01354,2026-07-09 18:21:36,CUST-109,Delhi North Hub,WH-North-IL,FIL-4002,6,0,30.93
SALE-01355,2026-04-02 19:45:36,CUST-111,Jaipur Regional Hub,WH-Mountain-CO,FAS-3003,7,0,23.11
SALE-01356,2026-07-02 20:35:22,CUST-116,Coimbatore South Central Hub,WH-SouthCentral-OK,FIL-4003,10,0,41.93
SALE-01357,2026-01-14 19:22:40,CUST-118,Ahmedabad Southwest Hub,WH-Southwest-AZ,ELE-2003,4,0,77.85
SALE-01358,2026-04-26 17:54:01,CUST-128,Nagpur Central Hub,WH-GreatLakes-MI,FIL-4001,8,0,54.96
SALE-01359,2025-12-16 17:32:31,CUST-131,Chennai South Hub,WH-South-FL,FAS-3001,13,0,24.62
SALE-01360,2026-01-28 18:28:50,CUST-152,Ahmedabad Southwest Hub,WH-Southwest-AZ,ELE-2001,1,0,652.89
SALE-01361,2026-06-10 18:12:32,CUST-112,Delhi North Hub,WH-North-IL,FIL-4001,5,0,55.12
SALE-01362,2026-01-16 20:06:10,CUST-149,Bengaluru Technology Hub,WH-Pacific-WA,HYD-1002,5,0,314.91
SALE-01363,2025-09-30 19:04:24,CUST-106,Indore Central-West Hub,WH-Rockies-UT,ELE-2004,1,0,366.91
SALE-01364,2026-07-23 20:56:10,CUST-139,Guwahati Northeast Hub,WH-Northeast-NY,FAS-3002,8,0,17.79
SALE-01365,2026-05-31 19:30:48,CUST-104,Indore Central-West Hub,WH-Rockies-UT,HYD-1004,3,0,179.07
SALE-01366,2025-11-18 18:16:57,CUST-149,Pune Midwest Hub,WH-Midwest-OH,ELE-2005,3,0,223.81
SALE-01367,2025-09-15 18:03:15,CUST-157,Ahmedabad Southwest Hub,WH-Southwest-AZ,FAS-3005,9,0,31.85
SALE-01368,2025-10-02 17:50:47,CUST-132,Ahmedabad Southwest Hub,WH-Southwest-AZ,FAS-3004,5,0,33.62
SALE-01369,2026-04-08 20:12:32,CUST-127,Bhubaneswar Southeast Hub,WH-Southeast-GA,ELE-2003,3,0,74.57
SALE-01370,2026-04-05 20:53:04,CUST-105,Jaipur Regional Hub,WH-Mountain-CO,FIL-4002,5,0,31.4
SALE-01371,2026-07-07 20:02:19,CUST-132,Delhi North Hub,WH-North-IL,FIL-4001,6,0,56.51
SALE-01372,2026-06-23 17:56:26,CUST-131,Mumbai West Hub,WH-West-CA,HYD-1005,4,0,140.92
SALE-01373,2026-07-12 18:31:31,CUST-111,Jaipur Regional Hub,WH-Mountain-CO,FAS-3005,9,0,31.64
SALE-01374,2025-10-07 18:06:09,CUST-106,Bengaluru Technology Hub,WH-Pacific-WA,FIL-4004,8,0,50.28
SALE-01375,2026-06-27 19:51:03,CUST-125,Nagpur Central Hub,WH-GreatLakes-MI,FAS-3002,8,0,18.44
SALE-01376,2026-05-06 19:42:01,CUST-108,Ahmedabad Southwest Hub,WH-Southwest-AZ,FIL-4003,7,0,42.64
SALE-01377,2025-09-07 17:04:42,CUST-145,Jaipur Regional Hub,WH-Mountain-CO,ELE-2002,3,0,130.44
SALE-01378,2026-06-16 20:27:32,CUST-123,Guwahati Northeast Hub,WH-Northeast-NY,FAS-3004,6,0,35.55
SALE-01379,2026-07-09 17:47:46,CUST-132,Coimbatore South Central Hub,WH-SouthCentral-OK,HYD-1001,6,0,426.35
SALE-01380,2026-02-09 18:38:07,CUST-139,Kolkata East Hub,WH-East-NC,FAS-3005,10,0,32.18
SALE-01381,2026-05-20 18:35:13,CUST-117,Ahmedabad Southwest Hub,WH-Southwest-AZ,FIL-4002,4,0,31.84
SALE-01382,2025-09-05 19:57:50,CUST-118,Bengaluru Technology Hub,WH-Pacific-WA,ELE-2002,1,0,126.18
SALE-01383,2026-07-24 17:10:06,CUST-125,Bengaluru Technology Hub,WH-Pacific-WA,HYD-1002,6,5,326.56
SALE-01384,2026-07-22 18:29:18,CUST-127,Pune Midwest Hub,WH-Midwest-OH,FIL-4005,5,0,59.43
SALE-01385,2025-12-17 20:13:45,CUST-120,Indore Central-West Hub,WH-Rockies-UT,HYD-1001,7,0,429.25
SALE-01386,2025-12-07 17:02:43,CUST-108,Hyderabad Central Hub,WH-Central-TX,FIL-4004,7,0,45.74
SALE-01387,2026-06-05 20:17:41,CUST-103,Guwahati Northeast Hub,WH-Northeast-NY,FAS-3001,5,0,23.98
SALE-01388,2026-03-20 17:11:13,CUST-101,Delhi North Hub,WH-North-IL,FIL-4004,8,0,45.72
SALE-01389,2026-01-02 17:11:20,CUST-123,Delhi North Hub,WH-North-IL,HYD-1005,2,0,138.74
SALE-01390,2026-03-29 20:59:46,CUST-113,Mumbai West Hub,WH-West-CA,HYD-1005,8,0,143.97
SALE-01391,2025-09-11 20:03:35,CUST-143,Jaipur Regional Hub,WH-Mountain-CO,FAS-3001,7,0,26.13
SALE-01392,2026-07-22 17:35:46,CUST-137,Chennai South Hub,WH-South-FL,FAS-3001,10,0,24.42
SALE-01393,2025-09-12 17:56:36,CUST-140,Jaipur Regional Hub,WH-Mountain-CO,HYD-1001,4,0,448.84
SALE-01394,2026-07-04 19:23:39,CUST-106,Hyderabad Central Hub,WH-Central-TX,HYD-1004,2,0,180.76
SALE-01395,2025-11-13 17:01:43,CUST-123,Chennai South Hub,WH-South-FL,FAS-3001,5,0,24.69
SALE-01396,2025-10-11 19:02:38,CUST-127,Pune Midwest Hub,WH-Midwest-OH,FAS-3004,6,0,37.23
SALE-01397,2025-12-07 18:41:44,CUST-157,Indore Central-West Hub,WH-Rockies-UT,FIL-4005,5,0,64.08
SALE-01398,2025-12-25 17:13:36,CUST-122,Ahmedabad Southwest Hub,WH-Southwest-AZ,FAS-3004,11,0,37.73
SALE-01399,2026-07-16 20:10:10,CUST-148,Indore Central-West Hub,WH-Rockies-UT,FAS-3003,10,0,22.44
SALE-01400,2026-03-22 17:22:29,CUST-130,Pune Midwest Hub,WH-Midwest-OH,FIL-4001,8,0,57.57
SALE-01401,2026-04-07 17:31:12,CUST-107,Nagpur Central Hub,WH-GreatLakes-MI,ELE-2003,3,0,79.06
SALE-01402,2025-09-03 20:17:38,CUST-132,Chennai South Hub,WH-South-FL,HYD-1001,2,0,429.61
SALE-01403,2026-01-14 19:09:10,CUST-146,Jaipur Regional Hub,WH-Mountain-CO,FAS-3005,6,0,31.96
SALE-01404,2026-02-09 20:49:07,CUST-131,Jaipur Regional Hub,WH-Mountain-CO,ELE-2001,3,0,680.75
SALE-01405,2025-09-14 17:36:06,CUST-102,Pune Midwest Hub,WH-Midwest-OH,FAS-3001,10,0,26.13
SALE-01406,2025-10-01 18:33:16,CUST-143,Lucknow Mid-India Hub,WH-MidAtlantic-VA,ELE-2002,2,0,133.93
SALE-01407,2026-02-08 18:47:31,CUST-152,Bengaluru Technology Hub,WH-Pacific-WA,ELE-2003,2,0,76.55
SALE-01408,2025-10-30 18:01:31,CUST-138,Lucknow Mid-India Hub,WH-MidAtlantic-VA,HYD-1005,4,0,144.97
SALE-01409,2026-01-29 18:16:15,CUST-113,Ahmedabad Southwest Hub,WH-Southwest-AZ,HYD-1004,2,0,170.34
SALE-01410,2026-07-10 19:46:46,CUST-106,Coimbatore South Central Hub,WH-SouthCentral-OK,FIL-4001,2,0,51.88
SALE-01411,2026-06-02 18:00:51,CUST-159,Indore Central-West Hub,WH-Rockies-UT,HYD-1001,4,1,445.64
SALE-01412,2025-09-28 20:32:45,CUST-118,Lucknow Mid-India Hub,WH-MidAtlantic-VA,HYD-1003,4,0,80.81
SALE-01413,2026-05-14 18:43:00,CUST-157,Delhi North Hub,WH-North-IL,FAS-3001,9,0,24.3
SALE-01414,2025-10-19 18:14:12,CUST-126,Bengaluru Technology Hub,WH-Pacific-WA,HYD-1003,4,0,86.64
SALE-01415,2026-02-08 18:07:20,CUST-146,Kolkata East Hub,WH-East-NC,FIL-4005,4,0,61.89
SALE-01416,2026-01-23 19:05:10,CUST-121,Guwahati Northeast Hub,WH-Northeast-NY,FIL-4001,9,0,55.88
SALE-01417,2026-06-11 20:52:23,CUST-106,Pune Midwest Hub,WH-Midwest-OH,FIL-4004,11,0,48.32
SALE-01418,2025-11-23 19:03:00,CUST-131,Delhi North Hub,WH-North-IL,FAS-3001,12,0,23.76
SALE-01419,2025-09-21 17:35:46,CUST-134,Coimbatore South Central Hub,WH-SouthCentral-OK,HYD-1001,6,0,456.97
SALE-01420,2025-11-15 18:52:16,CUST-108,Ahmedabad Southwest Hub,WH-Southwest-AZ,ELE-2002,1,0,122.49
SALE-01421,2026-01-23 18:44:27,CUST-140,Bhubaneswar Southeast Hub,WH-Southeast-GA,FIL-4003,8,0,44.22
SALE-01422,2026-05-09 20:10:18,CUST-123,Jaipur Regional Hub,WH-Mountain-CO,FAS-3001,8,0,26.66
SALE-01423,2026-06-05 17:03:52,CUST-154,Chennai South Hub,WH-South-FL,FAS-3004,12,0,36.4
SALE-01424,2026-07-17 20:50:23,CUST-133,Jaipur Regional Hub,WH-Mountain-CO,ELE-2001,5,0,730.04
SALE-01425,2026-01-03 20:25:16,CUST-142,Bengaluru Technology Hub,WH-Pacific-WA,FAS-3002,6,0,17.18
SALE-01426,2026-06-25 18:39:38,CUST-135,Pune Midwest Hub,WH-Midwest-OH,ELE-2004,1,0,376.08
SALE-01427,2026-04-20 17:33:22,CUST-150,Chennai South Hub,WH-South-FL,ELE-2003,1,0,75.12
SALE-01428,2025-09-12 17:33:07,CUST-103,Hyderabad Central Hub,WH-Central-TX,FAS-3004,11,0,34.82
SALE-01429,2025-11-24 20:02:20,CUST-160,Mumbai West Hub,WH-West-CA,ELE-2004,2,0,374.56
SALE-01430,2025-11-03 17:58:34,CUST-158,Guwahati Northeast Hub,WH-Northeast-NY,ELE-2003,1,0,77.08
SALE-01431,2026-01-13 18:39:46,CUST-149,Guwahati Northeast Hub,WH-Northeast-NY,ELE-2001,2,0,655.42
SALE-01432,2026-04-06 19:05:34,CUST-102,Nagpur Central Hub,WH-GreatLakes-MI,FIL-4001,10,4,57.35
SALE-01433,2026-07-13 19:26:24,CUST-147,Delhi North Hub,WH-North-IL,ELE-2001,4,0,715.13
SALE-01434,2025-11-17 20:19:17,CUST-140,Delhi North Hub,WH-North-IL,FAS-3005,8,0,31.62
SALE-01435,2026-05-27 19:12:54,CUST-142,Guwahati Northeast Hub,WH-Northeast-NY,FIL-4004,11,0,50.07
SALE-01436,2026-01-14 18:47:18,CUST-136,Lucknow Mid-India Hub,WH-MidAtlantic-VA,HYD-1005,1,0,136.33
SALE-01437,2025-12-20 19:14:33,CUST-135,Delhi North Hub,WH-North-IL,FAS-3001,13,0,23.87
SALE-01438,2025-10-02 20:17:00,CUST-121,Jaipur Regional Hub,WH-Mountain-CO,FAS-3002,9,0,18.64
SALE-01439,2025-12-26 17:26:11,CUST-105,Pune Midwest Hub,WH-Midwest-OH,FAS-3005,7,0,29.91
SALE-01440,2025-09-14 18:25:13,CUST-123,Bengaluru Technology Hub,WH-Pacific-WA,FIL-4002,5,0,31.71
SALE-01441,2025-12-16 19:17:30,CUST-118,Bengaluru Technology Hub,WH-Pacific-WA,HYD-1004,5,0,174.74
SALE-01442,2026-02-13 19:14:24,CUST-102,Jaipur Regional Hub,WH-Mountain-CO,FIL-4003,3,0,45.03
SALE-01443,2026-07-27 18:12:15,CUST-141,Coimbatore South Central Hub,WH-SouthCentral-OK,FIL-4004,6,0,46.42
SALE-01444,2025-09-10 17:06:29,CUST-129,Bengaluru Technology Hub,WH-Pacific-WA,HYD-1003,8,0,91.51
SALE-01445,2026-05-11 17:10:22,CUST-126,Mumbai West Hub,WH-West-CA,ELE-2004,4,0,370.45
SALE-01446,2025-10-25 19:55:09,CUST-153,Guwahati Northeast Hub,WH-Northeast-NY,FIL-4002,5,0,30.18
SALE-01447,2025-11-23 20:40:40,CUST-103,Delhi North Hub,WH-North-IL,ELE-2003,5,0,78.59
SALE-01448,2026-02-27 19:23:22,CUST-116,Jaipur Regional Hub,WH-Mountain-CO,FAS-3005,10,0,28.42
SALE-01449,2026-01-21 20:03:52,CUST-151,Mumbai West Hub,WH-West-CA,HYD-1003,2,0,86.6
SALE-01450,2026-06-10 17:49:31,CUST-146,Chennai South Hub,WH-South-FL,ELE-2005,1,0,226.32
SALE-01451,2026-01-21 18:40:24,CUST-146,Coimbatore South Central Hub,WH-SouthCentral-OK,FIL-4001,8,0,52.98
SALE-01452,2026-07-16 20:32:30,CUST-122,Bengaluru Technology Hub,WH-Pacific-WA,HYD-1001,4,0,455.86
SALE-01453,2025-12-09 18:13:08,CUST-156,Delhi North Hub,WH-North-IL,FIL-4005,8,8,63.17
SALE-01454,2025-09-01 17:28:15,CUST-116,Delhi North Hub,WH-North-IL,FIL-4002,8,0,31.39
SALE-01455,2026-05-18 18:36:39,CUST-105,Chennai South Hub,WH-South-FL,FAS-3003,9,0,22.38
SALE-01456,2026-01-22 18:42:15,CUST-160,Lucknow Mid-India Hub,WH-MidAtlantic-VA,HYD-1005,1,0,142.95
SALE-01457,2026-03-04 18:35:20,CUST-124,Guwahati Northeast Hub,WH-Northeast-NY,FAS-3003,6,0,23.52
SALE-01458,2025-11-10 18:16:27,CUST-138,Bengaluru Technology Hub,WH-Pacific-WA,FIL-4004,6,0,47.38
SALE-01459,2026-06-02 20:09:34,CUST-132,Kolkata East Hub,WH-East-NC,HYD-1003,8,0,90.17
SALE-01460,2026-07-20 20:10:36,CUST-104,Jaipur Regional Hub,WH-Mountain-CO,FAS-3001,8,0,25.97
SALE-01461,2025-10-03 17:58:18,CUST-119,Coimbatore South Central Hub,WH-SouthCentral-OK,FIL-4005,5,0,65.43
SALE-01462,2025-12-25 19:20:17,CUST-126,Bengaluru Technology Hub,WH-Pacific-WA,HYD-1002,6,0,344.96
SALE-01463,2025-11-10 20:59:49,CUST-149,Bengaluru Technology Hub,WH-Pacific-WA,FIL-4005,5,0,62.07
SALE-01464,2025-12-01 18:20:10,CUST-147,Guwahati Northeast Hub,WH-Northeast-NY,FAS-3001,9,0,25.38
SALE-01465,2026-06-26 19:57:49,CUST-137,Pune Midwest Hub,WH-Midwest-OH,HYD-1002,1,0,315.92
SALE-01466,2026-02-10 18:07:01,CUST-123,Guwahati Northeast Hub,WH-Northeast-NY,FAS-3001,9,0,25.36
SALE-01467,2025-11-26 17:43:09,CUST-154,Ahmedabad Southwest Hub,WH-Southwest-AZ,HYD-1003,2,0,82.1
SALE-01468,2026-04-29 20:10:50,CUST-133,Coimbatore South Central Hub,WH-SouthCentral-OK,HYD-1003,5,0,91.11
SALE-01469,2026-04-10 17:01:38,CUST-157,Indore Central-West Hub,WH-Rockies-UT,HYD-1002,9,0,338.34
SALE-01470,2026-02-06 20:06:02,CUST-111,Lucknow Mid-India Hub,WH-MidAtlantic-VA,HYD-1001,3,0,444.5
SALE-01471,2026-04-19 20:54:02,CUST-122,Indore Central-West Hub,WH-Rockies-UT,FIL-4003,3,0,40.06
SALE-01472,2026-05-08 17:02:33,CUST-119,Chennai South Hub,WH-South-FL,ELE-2002,2,0,123.93
SALE-01473,2025-10-10 19:50:01,CUST-156,Delhi North Hub,WH-North-IL,ELE-2001,1,0,664.31
SALE-01474,2025-11-18 17:37:44,CUST-142,Jaipur Regional Hub,WH-Mountain-CO,HYD-1003,6,0,83.9
SALE-01475,2025-11-08 19:22:29,CUST-112,Mumbai West Hub,WH-West-CA,FIL-4001,5,0,52.7
SALE-01476,2026-02-16 20:49:46,CUST-110,Jaipur Regional Hub,WH-Mountain-CO,FIL-4005,7,0,61.4
SALE-01477,2026-01-31 18:03:24,CUST-121,Nagpur Central Hub,WH-GreatLakes-MI,ELE-2002,1,0,125.94
SALE-01478,2025-11-28 17:40:00,CUST-154,Bengaluru Technology Hub,WH-Pacific-WA,FAS-3005,4,0,29.24
SALE-01479,2025-12-05 17:16:45,CUST-133,Coimbatore South Central Hub,WH-SouthCentral-OK,FIL-4005,1,0,58.59
SALE-01480,2026-04-02 20:23:35,CUST-127,Mumbai West Hub,WH-West-CA,ELE-2001,3,0,668.3
SALE-01481,2025-09-27 19:14:18,CUST-160,Nagpur Central Hub,WH-GreatLakes-MI,FAS-3002,5,0,17.62
SALE-01482,2026-01-23 17:28:20,CUST-134,Guwahati Northeast Hub,WH-Northeast-NY,FIL-4004,4,0,50.18
SALE-01483,2026-01-14 18:23:37,CUST-156,Coimbatore South Central Hub,WH-SouthCentral-OK,FIL-4001,5,0,55.58
SALE-01484,2025-11-20 17:08:25,CUST-139,Jaipur Regional Hub,WH-Mountain-CO,HYD-1003,7,0,90.74
SALE-01485,2026-01-01 18:02:01,CUST-108,Lucknow Mid-India Hub,WH-MidAtlantic-VA,ELE-2003,5,0,73.52
SALE-01486,2026-04-06 17:40:58,CUST-101,Hyderabad Central Hub,WH-Central-TX,ELE-2001,1,0,668.32
SALE-01487,2026-07-24 19:07:13,CUST-127,Bengaluru Technology Hub,WH-Pacific-WA,ELE-2003,1,1,75.96
SALE-01488,2026-06-13 20:37:19,CUST-124,Nagpur Central Hub,WH-GreatLakes-MI,FIL-4004,4,0,51.3
SALE-01489,2026-04-10 19:52:02,CUST-118,Bengaluru Technology Hub,WH-Pacific-WA,FIL-4005,6,0,59.15
SALE-01490,2026-02-07 18:37:26,CUST-127,Kolkata East Hub,WH-East-NC,ELE-2002,2,0,132.65
SALE-01491,2025-10-16 20:42:34,CUST-154,Bhubaneswar Southeast Hub,WH-Southeast-GA,FIL-4005,5,0,63.28
SALE-01492,2025-11-06 17:44:35,CUST-109,Bhubaneswar Southeast Hub,WH-Southeast-GA,HYD-1005,3,3,148.3
SALE-01493,2025-11-04 18:45:16,CUST-144,Mumbai West Hub,WH-West-CA,HYD-1003,3,0,89.22
SALE-01494,2026-03-27 18:58:48,CUST-138,Nagpur Central Hub,WH-GreatLakes-MI,HYD-1005,1,0,145.33
SALE-01495,2026-02-06 20:19:22,CUST-135,Delhi North Hub,WH-North-IL,FIL-4002,6,0,32.58
SALE-01496,2026-05-30 19:02:41,CUST-149,Mumbai West Hub,WH-West-CA,ELE-2001,2,0,648.82
SALE-01497,2026-03-22 18:10:11,CUST-142,Lucknow Mid-India Hub,WH-MidAtlantic-VA,FIL-4003,7,0,41.69
SALE-01498,2026-07-01 17:56:47,CUST-114,Ahmedabad Southwest Hub,WH-Southwest-AZ,HYD-1005,7,5,139.73
SALE-01499,2026-01-16 20:44:22,CUST-142,Bengaluru Technology Hub,WH-Pacific-WA,HYD-1003,4,0,86.05
SALE-01500,2026-03-04 18:27:56,CUST-137,Nagpur Central Hub,WH-GreatLakes-MI,ELE-2001,3,0,706.9
SALE-01501,2026-04-25 19:18:34,CUST-157,Pune Midwest Hub,WH-Midwest-OH,FIL-4005,4,0,61.21
SALE-01502,2026-05-06 20:31:08,CUST-119,Coimbatore South Central Hub,WH-SouthCentral-OK,HYD-1003,2,0,91.69
SALE-01503,2026-01-31 17:22:36,CUST-127,Ahmedabad Southwest Hub,WH-Southwest-AZ,ELE-2001,1,0,683.42
SALE-01504,2026-04-23 17:09:10,CUST-145,Indore Central-West Hub,WH-Rockies-UT,ELE-2001,1,0,642.76
SALE-01505,2026-02-10 17:50:14,CUST-158,Delhi North Hub,WH-North-IL,FAS-3003,6,0,20.7
SALE-01506,2026-02-23 17:44:54,CUST-145,Mumbai West Hub,WH-West-CA,FAS-3002,6,0,19.44
SALE-01507,2026-06-27 20:24:18,CUST-135,Hyderabad Central Hub,WH-Central-TX,FAS-3004,8,0,34.5
SALE-01508,2026-03-15 18:45:49,CUST-157,Jaipur Regional Hub,WH-Mountain-CO,HYD-1003,4,0,82.27
SALE-01509,2026-05-19 18:27:16,CUST-139,Delhi North Hub,WH-North-IL,FIL-4001,6,0,55.57
SALE-01510,2026-06-03 19:52:38,CUST-113,Mumbai West Hub,WH-West-CA,HYD-1001,3,0,475.92
SALE-01511,2025-11-19 20:44:35,CUST-127,Delhi North Hub,WH-North-IL,ELE-2001,1,0,642.35
SALE-01512,2026-06-03 20:38:38,CUST-145,Chennai South Hub,WH-South-FL,HYD-1001,2,0,446.8
SALE-01513,2025-10-19 20:55:31,CUST-104,Kolkata East Hub,WH-East-NC,FIL-4004,7,0,50.27
SALE-01514,2026-06-01 17:28:21,CUST-157,Kolkata East Hub,WH-East-NC,ELE-2002,2,0,128.97
SALE-01515,2026-01-17 18:58:48,CUST-149,Guwahati Northeast Hub,WH-Northeast-NY,FAS-3005,10,0,30.27
SALE-01516,2026-01-03 19:52:51,CUST-155,Hyderabad Central Hub,WH-Central-TX,ELE-2004,3,0,402.39
SALE-01517,2025-09-30 20:39:08,CUST-104,Indore Central-West Hub,WH-Rockies-UT,ELE-2004,1,0,415.19
SALE-01518,2025-12-10 17:38:19,CUST-117,Kolkata East Hub,WH-East-NC,ELE-2002,2,0,128.83
SALE-01519,2026-04-23 18:57:48,CUST-146,Jaipur Regional Hub,WH-Mountain-CO,ELE-2004,4,0,387.79
SALE-01520,2026-02-25 18:54:33,CUST-113,Delhi North Hub,WH-North-IL,HYD-1003,1,0,81.77
SALE-01521,2026-06-19 18:27:53,CUST-152,Coimbatore South Central Hub,WH-SouthCentral-OK,HYD-1002,3,0,323.4
SALE-01522,2026-07-24 19:34:43,CUST-148,Indore Central-West Hub,WH-Rockies-UT,FAS-3001,10,0,24.22
SALE-01523,2025-09-22 20:23:10,CUST-160,Coimbatore South Central Hub,WH-SouthCentral-OK,HYD-1003,6,0,88.14
SALE-01524,2026-06-24 18:21:33,CUST-120,Mumbai West Hub,WH-West-CA,FIL-4001,5,0,54.14
SALE-01525,2025-09-25 17:46:13,CUST-141,Bengaluru Technology Hub,WH-Pacific-WA,HYD-1001,4,0,439.58
SALE-01526,2026-04-15 19:53:38,CUST-150,Nagpur Central Hub,WH-GreatLakes-MI,HYD-1002,1,0,338.85
SALE-01527,2026-06-12 20:02:59,CUST-155,Nagpur Central Hub,WH-GreatLakes-MI,FAS-3003,4,0,22.22
SALE-01528,2025-12-19 20:45:57,CUST-108,Chennai South Hub,WH-South-FL,ELE-2005,3,0,198.96
SALE-01529,2025-10-07 19:47:02,CUST-121,Mumbai West Hub,WH-West-CA,FAS-3003,9,0,20.96
SALE-01530,2025-09-07 18:38:38,CUST-110,Bhubaneswar Southeast Hub,WH-Southeast-GA,FIL-4003,6,0,39.78
SALE-01531,2026-02-11 20:03:01,CUST-149,Pune Midwest Hub,WH-Midwest-OH,FAS-3004,11,0,37.63
SALE-01532,2025-10-12 20:49:01,CUST-134,Hyderabad Central Hub,WH-Central-TX,ELE-2002,2,0,122.99
SALE-01533,2026-02-19 20:16:50,CUST-128,Coimbatore South Central Hub,WH-SouthCentral-OK,ELE-2005,2,0,206.87
SALE-01534,2026-02-19 19:11:24,CUST-160,Guwahati Northeast Hub,WH-Northeast-NY,FIL-4005,7,0,63.19
SALE-01535,2025-09-02 18:05:33,CUST-119,Nagpur Central Hub,WH-GreatLakes-MI,HYD-1005,3,0,140.82
SALE-01536,2025-10-05 18:39:30,CUST-110,Delhi North Hub,WH-North-IL,HYD-1002,4,0,308.05
SALE-01537,2025-11-18 18:00:10,CUST-134,Delhi North Hub,WH-North-IL,ELE-2003,1,0,74.27
SALE-01538,2025-11-13 20:01:42,CUST-147,Bhubaneswar Southeast Hub,WH-Southeast-GA,HYD-1003,5,0,88.21
SALE-01539,2026-02-06 19:38:09,CUST-128,Ahmedabad Southwest Hub,WH-Southwest-AZ,FIL-4004,7,0,51.28
SALE-01540,2026-02-09 18:50:54,CUST-119,Chennai South Hub,WH-South-FL,FAS-3001,12,0,23.95
SALE-01541,2026-02-20 20:32:50,CUST-119,Hyderabad Central Hub,WH-Central-TX,HYD-1001,3,0,448.01
SALE-01542,2026-02-28 20:38:41,CUST-102,Jaipur Regional Hub,WH-Mountain-CO,HYD-1005,2,0,139.93
SALE-01543,2025-10-23 19:01:38,CUST-141,Chennai South Hub,WH-South-FL,HYD-1005,2,0,139.96
SALE-01544,2025-11-02 19:51:25,CUST-133,Hyderabad Central Hub,WH-Central-TX,FAS-3003,9,0,22.78
SALE-01545,2025-12-16 19:58:27,CUST-108,Chennai South Hub,WH-South-FL,FAS-3002,10,0,17.79
SALE-01546,2025-09-18 17:16:14,CUST-134,Ahmedabad Southwest Hub,WH-Southwest-AZ,FIL-4002,6,0,33.3
SALE-01547,2026-03-02 17:05:09,CUST-154,Kolkata East Hub,WH-East-NC,HYD-1002,5,0,332.17
SALE-01548,2025-12-12 18:03:15,CUST-140,Indore Central-West Hub,WH-Rockies-UT,FIL-4003,11,0,39.78
SALE-01549,2026-06-07 20:06:27,CUST-107,Ahmedabad Southwest Hub,WH-Southwest-AZ,FIL-4002,8,0,32.38
SALE-01550,2025-09-06 17:35:56,CUST-139,Nagpur Central Hub,WH-GreatLakes-MI,ELE-2003,1,1,72.02
SALE-01551,2026-04-30 19:05:26,CUST-121,Pune Midwest Hub,WH-Midwest-OH,ELE-2001,2,0,691.98
SALE-01552,2025-09-10 20:35:40,CUST-158,Kolkata East Hub,WH-East-NC,FIL-4005,7,0,66.14
SALE-01553,2026-01-01 18:22:34,CUST-148,Guwahati Northeast Hub,WH-Northeast-NY,HYD-1003,5,0,90.14
SALE-01554,2026-06-29 18:21:12,CUST-143,Kolkata East Hub,WH-East-NC,ELE-2004,3,0,387.96
SALE-01555,2026-06-12 18:41:59,CUST-149,Hyderabad Central Hub,WH-Central-TX,ELE-2004,1,0,406.47
SALE-01556,2026-05-21 20:15:20,CUST-110,Chennai South Hub,WH-South-FL,ELE-2003,1,0,74.38
SALE-01557,2026-05-13 20:01:41,CUST-153,Coimbatore South Central Hub,WH-SouthCentral-OK,FAS-3001,11,0,24.99
SALE-01558,2026-04-05 19:15:43,CUST-122,Ahmedabad Southwest Hub,WH-Southwest-AZ,ELE-2004,2,0,368.66
SALE-01559,2025-11-19 19:37:23,CUST-110,Delhi North Hub,WH-North-IL,ELE-2002,3,0,130.64
SALE-01560,2026-01-28 18:33:09,CUST-112,Kolkata East Hub,WH-East-NC,HYD-1004,3,0,177.61
SALE-01561,2026-03-27 20:49:46,CUST-111,Mumbai West Hub,WH-West-CA,HYD-1005,3,1,150.55
SALE-01562,2026-04-10 20:16:39,CUST-129,Indore Central-West Hub,WH-Rockies-UT,HYD-1003,3,0,81.76
SALE-01563,2026-07-23 20:17:21,CUST-155,Ahmedabad Southwest Hub,WH-Southwest-AZ,HYD-1001,6,0,444.31
SALE-01564,2025-10-10 19:25:18,CUST-103,Hyderabad Central Hub,WH-Central-TX,HYD-1004,3,0,175.87
SALE-01565,2026-02-20 19:59:59,CUST-117,Guwahati Northeast Hub,WH-Northeast-NY,ELE-2001,1,0,661.92
SALE-01566,2026-02-09 19:54:28,CUST-145,Coimbatore South Central Hub,WH-SouthCentral-OK,FAS-3005,11,0,30.93
SALE-01567,2026-06-21 18:45:03,CUST-106,Guwahati Northeast Hub,WH-Northeast-NY,ELE-2004,2,0,393.24
SALE-01568,2026-06-26 18:19:18,CUST-152,Bengaluru Technology Hub,WH-Pacific-WA,FIL-4002,10,0,33.05
SALE-01569,2026-03-01 19:06:46,CUST-129,Guwahati Northeast Hub,WH-Northeast-NY,ELE-2004,3,0,405.63
SALE-01570,2026-04-19 18:06:17,CUST-124,Ahmedabad Southwest Hub,WH-Southwest-AZ,FAS-3005,13,0,31.41
SALE-01571,2025-10-08 18:02:00,CUST-103,Jaipur Regional Hub,WH-Mountain-CO,FIL-4001,4,0,54.15
SALE-01572,2025-11-02 19:36:28,CUST-119,Guwahati Northeast Hub,WH-Northeast-NY,ELE-2003,4,0,74.57
SALE-01573,2026-05-31 18:36:07,CUST-136,Pune Midwest Hub,WH-Midwest-OH,FAS-3005,8,0,29.84
SALE-01574,2025-10-11 17:03:46,CUST-148,Mumbai West Hub,WH-West-CA,FAS-3004,11,0,34.71
SALE-01575,2026-05-04 17:13:08,CUST-123,Coimbatore South Central Hub,WH-SouthCentral-OK,FIL-4001,3,0,54.82
SALE-01576,2026-01-19 18:05:25,CUST-117,Delhi North Hub,WH-North-IL,FIL-4005,2,0,59.46
SALE-01577,2025-10-11 18:37:39,CUST-151,Kolkata East Hub,WH-East-NC,FIL-4003,5,0,42.4
SALE-01578,2026-06-08 17:28:38,CUST-134,Pune Midwest Hub,WH-Midwest-OH,FIL-4001,6,0,57.12
SALE-01579,2025-11-14 19:19:58,CUST-122,Lucknow Mid-India Hub,WH-MidAtlantic-VA,FAS-3003,5,0,22.05
SALE-01580,2026-01-26 17:18:08,CUST-107,Delhi North Hub,WH-North-IL,HYD-1001,6,0,484.89
SALE-01581,2026-03-28 20:04:00,CUST-151,Pune Midwest Hub,WH-Midwest-OH,HYD-1004,6,0,168.28
SALE-01582,2025-10-31 20:25:23,CUST-101,Guwahati Northeast Hub,WH-Northeast-NY,FAS-3003,11,0,22.6
SALE-01583,2026-06-17 18:34:15,CUST-118,Guwahati Northeast Hub,WH-Northeast-NY,HYD-1002,1,0,303.07
SALE-01584,2025-10-16 19:07:31,CUST-119,Guwahati Northeast Hub,WH-Northeast-NY,ELE-2001,1,0,641.24
SALE-01585,2026-01-07 19:01:24,CUST-159,Kolkata East Hub,WH-East-NC,FAS-3003,11,0,22.98
SALE-01586,2025-10-25 18:11:27,CUST-152,Delhi North Hub,WH-North-IL,FAS-3005,12,0,30.78
SALE-01587,2026-04-08 18:36:12,CUST-115,Mumbai West Hub,WH-West-CA,FIL-4003,11,0,42.52
SALE-01588,2026-01-29 20:42:13,CUST-108,Bengaluru Technology Hub,WH-Pacific-WA,HYD-1002,5,0,315.67
SALE-01589,2026-02-01 19:03:28,CUST-156,Bengaluru Technology Hub,WH-Pacific-WA,FIL-4003,5,0,43.36
SALE-01590,2026-02-07 18:03:06,CUST-121,Pune Midwest Hub,WH-Midwest-OH,HYD-1004,2,0,188.52
SALE-01591,2025-09-08 20:44:39,CUST-104,Kolkata East Hub,WH-East-NC,FIL-4005,7,0,59.72
SALE-01592,2026-06-03 19:37:45,CUST-133,Ahmedabad Southwest Hub,WH-Southwest-AZ,FAS-3005,11,0,31.65
SALE-01593,2026-04-26 17:22:57,CUST-129,Pune Midwest Hub,WH-Midwest-OH,FIL-4005,10,0,58.41
SALE-01594,2026-04-11 17:13:31,CUST-125,Ahmedabad Southwest Hub,WH-Southwest-AZ,FAS-3002,8,0,18.43
SALE-01595,2026-03-15 20:02:39,CUST-143,Guwahati Northeast Hub,WH-Northeast-NY,FAS-3005,10,1,31.02
SALE-01596,2026-04-07 17:57:17,CUST-114,Indore Central-West Hub,WH-Rockies-UT,ELE-2003,1,0,75.81
SALE-01597,2026-03-17 19:19:02,CUST-128,Coimbatore South Central Hub,WH-SouthCentral-OK,HYD-1001,4,0,427.19
SALE-01598,2026-07-21 20:25:35,CUST-156,Mumbai West Hub,WH-West-CA,FAS-3003,4,0,22.28
SALE-01599,2026-02-21 20:02:50,CUST-124,Guwahati Northeast Hub,WH-Northeast-NY,FAS-3002,10,0,16.95
SALE-01600,2026-02-27 19:02:59,CUST-151,Kolkata East Hub,WH-East-NC,ELE-2002,1,0,121.51
SALE-01601,2026-02-09 19:47:51,CUST-103,Indore Central-West Hub,WH-Rockies-UT,HYD-1005,2,0,139.28
SALE-01602,2026-01-04 17:18:46,CUST-160,Lucknow Mid-India Hub,WH-MidAtlantic-VA,HYD-1001,4,0,447.95
SALE-01603,2026-06-13 20:07:28,CUST-118,Bengaluru Technology Hub,WH-Pacific-WA,HYD-1005,2,0,136.4
SALE-01604,2026-07-20 19:22:27,CUST-114,Ahmedabad Southwest Hub,WH-Southwest-AZ,FIL-4005,7,0,66.7
SALE-01605,2026-05-16 19:53:43,CUST-119,Nagpur Central Hub,WH-GreatLakes-MI,FAS-3003,15,0,23.11
SALE-01606,2026-03-05 17:38:18,CUST-123,Guwahati Northeast Hub,WH-Northeast-NY,FAS-3004,12,0,34.92
SALE-01607,2026-03-30 18:50:29,CUST-110,Hyderabad Central Hub,WH-Central-TX,FAS-3001,7,0,26.61
SALE-01608,2026-06-01 17:29:35,CUST-138,Hyderabad Central Hub,WH-Central-TX,FIL-4004,9,0,47.13
SALE-01609,2026-03-05 19:15:52,CUST-158,Bengaluru Technology Hub,WH-Pacific-WA,ELE-2004,4,0,419.02
SALE-01610,2026-06-02 18:54:51,CUST-115,Bengaluru Technology Hub,WH-Pacific-WA,ELE-2003,4,0,73.75
SALE-01611,2026-05-09 17:34:16,CUST-107,Indore Central-West Hub,WH-Rockies-UT,FIL-4004,6,0,49.52
SALE-01612,2025-09-26 20:20:36,CUST-108,Hyderabad Central Hub,WH-Central-TX,HYD-1003,6,0,86.88
SALE-01613,2026-04-24 19:47:10,CUST-130,Delhi North Hub,WH-North-IL,FIL-4004,6,0,49.19
SALE-01614,2025-09-17 19:06:02,CUST-158,Coimbatore South Central Hub,WH-SouthCentral-OK,HYD-1003,5,0,90.59
SALE-01615,2025-12-07 17:05:57,CUST-117,Hyderabad Central Hub,WH-Central-TX,ELE-2005,5,0,221.4
SALE-01616,2025-10-03 20:34:04,CUST-140,Delhi North Hub,WH-North-IL,FIL-4004,9,0,46.31
SALE-01617,2025-11-07 20:58:46,CUST-122,Mumbai West Hub,WH-West-CA,ELE-2004,2,0,412.74
SALE-01618,2026-07-09 19:04:37,CUST-101,Nagpur Central Hub,WH-GreatLakes-MI,HYD-1002,1,0,312.77
SALE-01619,2025-09-27 17:15:35,CUST-125,Nagpur Central Hub,WH-GreatLakes-MI,FIL-4003,9,0,44.58
SALE-01620,2025-11-30 17:41:22,CUST-128,Guwahati Northeast Hub,WH-Northeast-NY,ELE-2002,3,0,129.98
SALE-01621,2025-09-18 18:50:43,CUST-121,Coimbatore South Central Hub,WH-SouthCentral-OK,FIL-4004,6,0,49.0
SALE-01622,2026-03-14 17:38:16,CUST-104,Coimbatore South Central Hub,WH-SouthCentral-OK,FIL-4003,7,0,41.53
SALE-01623,2026-04-08 20:19:44,CUST-128,Jaipur Regional Hub,WH-Mountain-CO,ELE-2001,2,0,674.76
SALE-01624,2025-11-01 19:53:12,CUST-133,Nagpur Central Hub,WH-GreatLakes-MI,HYD-1001,1,0,435.54
SALE-01625,2026-03-19 17:32:37,CUST-130,Bengaluru Technology Hub,WH-Pacific-WA,ELE-2003,2,0,71.03
SALE-01626,2025-12-07 20:56:34,CUST-135,Nagpur Central Hub,WH-GreatLakes-MI,FIL-4005,14,4,64.1
SALE-01627,2026-03-25 18:49:28,CUST-151,Ahmedabad Southwest Hub,WH-Southwest-AZ,HYD-1005,2,0,138.44
SALE-01628,2025-11-16 20:58:02,CUST-120,Indore Central-West Hub,WH-Rockies-UT,HYD-1004,1,0,172.9
SALE-01629,2025-11-28 18:02:49,CUST-138,Ahmedabad Southwest Hub,WH-Southwest-AZ,FAS-3003,12,0,22.32
SALE-01630,2026-01-19 18:47:06,CUST-125,Chennai South Hub,WH-South-FL,ELE-2005,2,0,198.11
SALE-01631,2026-07-24 18:10:23,CUST-106,Bhubaneswar Southeast Hub,WH-Southeast-GA,FAS-3004,3,0,35.51
SALE-01632,2026-02-14 20:17:57,CUST-137,Jaipur Regional Hub,WH-Mountain-CO,FAS-3002,3,0,18.2
SALE-01633,2026-01-07 17:57:37,CUST-132,Ahmedabad Southwest Hub,WH-Southwest-AZ,FAS-3004,12,0,35.23
SALE-01634,2026-05-10 18:22:15,CUST-137,Hyderabad Central Hub,WH-Central-TX,FIL-4001,1,0,52.19
SALE-01635,2026-04-04 20:44:32,CUST-111,Nagpur Central Hub,WH-GreatLakes-MI,HYD-1002,4,0,343.99
SALE-01636,2026-05-29 20:38:24,CUST-140,Guwahati Northeast Hub,WH-Northeast-NY,ELE-2005,2,0,210.44
SALE-01637,2026-03-19 18:46:35,CUST-102,Bengaluru Technology Hub,WH-Pacific-WA,HYD-1004,2,0,166.05
SALE-01638,2026-02-09 20:59:43,CUST-151,Bhubaneswar Southeast Hub,WH-Southeast-GA,HYD-1003,2,0,90.44
SALE-01639,2025-11-29 17:28:27,CUST-135,Lucknow Mid-India Hub,WH-MidAtlantic-VA,FAS-3002,6,1,18.32
SALE-01640,2026-05-26 18:29:13,CUST-160,Delhi North Hub,WH-North-IL,FIL-4002,5,0,30.72
SALE-01641,2026-05-03 20:03:37,CUST-160,Pune Midwest Hub,WH-Midwest-OH,ELE-2004,1,0,381.64
SALE-01642,2026-05-05 19:11:40,CUST-136,Pune Midwest Hub,WH-Midwest-OH,FIL-4003,8,0,39.54
SALE-01643,2025-12-13 17:36:35,CUST-112,Lucknow Mid-India Hub,WH-MidAtlantic-VA,HYD-1005,5,0,138.78
SALE-01644,2026-01-23 18:48:40,CUST-152,Bhubaneswar Southeast Hub,WH-Southeast-GA,FIL-4002,7,0,32.83
SALE-01645,2026-05-07 19:52:04,CUST-128,Chennai South Hub,WH-South-FL,FAS-3003,6,0,22.54
SALE-01646,2026-02-08 17:43:30,CUST-137,Nagpur Central Hub,WH-GreatLakes-MI,HYD-1003,3,0,81.7
SALE-01647,2026-03-08 18:27:10,CUST-112,Pune Midwest Hub,WH-Midwest-OH,ELE-2004,3,0,400.07
SALE-01648,2026-04-13 17:04:38,CUST-102,Mumbai West Hub,WH-West-CA,FAS-3005,14,0,30.04
SALE-01649,2025-12-29 18:40:36,CUST-135,Bengaluru Technology Hub,WH-Pacific-WA,HYD-1005,5,0,141.65
SALE-01650,2025-11-20 19:39:29,CUST-107,Nagpur Central Hub,WH-GreatLakes-MI,FAS-3004,9,0,36.57
SALE-01651,2026-02-20 20:29:08,CUST-135,Bengaluru Technology Hub,WH-Pacific-WA,HYD-1002,3,0,312.75
SALE-01652,2026-06-14 20:16:29,CUST-136,Hyderabad Central Hub,WH-Central-TX,ELE-2004,1,0,388.4
SALE-01653,2025-09-12 17:29:00,CUST-123,Indore Central-West Hub,WH-Rockies-UT,ELE-2002,2,0,134.93
SALE-01654,2025-12-15 19:22:30,CUST-137,Hyderabad Central Hub,WH-Central-TX,ELE-2003,1,0,79.37
SALE-01655,2026-05-24 20:11:42,CUST-113,Guwahati Northeast Hub,WH-Northeast-NY,HYD-1004,1,0,166.76
SALE-01656,2025-12-16 20:56:52,CUST-149,Jaipur Regional Hub,WH-Mountain-CO,FAS-3003,6,0,21.27
SALE-01657,2026-03-04 19:49:50,CUST-124,Mumbai West Hub,WH-West-CA,FAS-3002,9,0,17.14
SALE-01658,2026-03-16 19:31:06,CUST-155,Mumbai West Hub,WH-West-CA,HYD-1003,4,0,82.32
SALE-01659,2026-02-05 19:02:42,CUST-131,Jaipur Regional Hub,WH-Mountain-CO,FIL-4004,7,0,50.79
SALE-01660,2025-09-09 20:05:18,CUST-125,Indore Central-West Hub,WH-Rockies-UT,FAS-3005,4,0,29.26
SALE-01661,2026-05-06 19:16:21,CUST-144,Mumbai West Hub,WH-West-CA,FAS-3005,10,0,31.72
SALE-01662,2026-06-25 18:33:37,CUST-110,Guwahati Northeast Hub,WH-Northeast-NY,ELE-2003,1,0,73.02
SALE-01663,2025-09-04 20:27:26,CUST-158,Pune Midwest Hub,WH-Midwest-OH,FIL-4003,5,0,40.94
SALE-01664,2026-03-26 17:31:08,CUST-150,Kolkata East Hub,WH-East-NC,HYD-1001,5,0,423.86
SALE-01665,2025-09-21 18:24:25,CUST-124,Nagpur Central Hub,WH-GreatLakes-MI,HYD-1005,3,0,150.82
SALE-01666,2026-04-02 19:09:35,CUST-154,Bhubaneswar Southeast Hub,WH-Southeast-GA,FIL-4003,5,0,41.2
SALE-01667,2026-02-23 17:09:20,CUST-141,Kolkata East Hub,WH-East-NC,ELE-2004,3,0,414.39
SALE-01668,2025-09-30 20:39:34,CUST-119,Pune Midwest Hub,WH-Midwest-OH,ELE-2002,3,0,119.03
SALE-01669,2025-10-07 17:56:39,CUST-121,Pune Midwest Hub,WH-Midwest-OH,ELE-2001,3,0,724.06
SALE-01670,2026-07-26 19:39:13,CUST-125,Ahmedabad Southwest Hub,WH-Southwest-AZ,FAS-3002,11,0,18.54
SALE-01671,2026-03-07 20:51:28,CUST-152,Delhi North Hub,WH-North-IL,FIL-4003,9,0,39.97
SALE-01672,2026-01-24 20:42:54,CUST-116,Mumbai West Hub,WH-West-CA,HYD-1004,3,0,176.43
SALE-01673,2026-06-22 20:54:09,CUST-122,Mumbai West Hub,WH-West-CA,HYD-1002,3,0,333.66
SALE-01674,2026-07-23 17:29:40,CUST-129,Chennai South Hub,WH-South-FL,HYD-1002,6,0,311.64
SALE-01675,2026-01-14 18:03:43,CUST-157,Nagpur Central Hub,WH-GreatLakes-MI,FAS-3001,12,0,23.5
SALE-01676,2026-04-03 20:14:17,CUST-119,Coimbatore South Central Hub,WH-SouthCentral-OK,FAS-3002,10,0,18.97
SALE-01677,2026-01-10 20:59:15,CUST-140,Chennai South Hub,WH-South-FL,ELE-2001,4,0,729.12
SALE-01678,2026-06-07 17:26:34,CUST-120,Pune Midwest Hub,WH-Midwest-OH,FAS-3003,7,0,22.94
SALE-01679,2025-10-09 20:53:10,CUST-115,Nagpur Central Hub,WH-GreatLakes-MI,HYD-1005,5,0,131.69
SALE-01680,2026-04-26 18:50:08,CUST-140,Lucknow Mid-India Hub,WH-MidAtlantic-VA,FIL-4004,7,0,46.68
SALE-01681,2026-03-20 19:24:38,CUST-133,Ahmedabad Southwest Hub,WH-Southwest-AZ,HYD-1001,5,0,453.74
SALE-01682,2026-03-05 18:47:15,CUST-110,Pune Midwest Hub,WH-Midwest-OH,FAS-3002,7,0,18.32
SALE-01683,2025-10-09 20:43:38,CUST-124,Bhubaneswar Southeast Hub,WH-Southeast-GA,ELE-2001,1,0,672.37
SALE-01684,2025-12-28 18:10:51,CUST-151,Jaipur Regional Hub,WH-Mountain-CO,FIL-4005,7,0,64.92
SALE-01685,2025-09-08 19:23:26,CUST-112,Chennai South Hub,WH-South-FL,HYD-1001,4,0,484.53
SALE-01686,2026-01-09 19:21:38,CUST-109,Bhubaneswar Southeast Hub,WH-Southeast-GA,FIL-4001,6,0,54.83
SALE-01687,2026-07-06 18:50:35,CUST-157,Bengaluru Technology Hub,WH-Pacific-WA,HYD-1001,4,0,475.73
SALE-01688,2026-01-26 19:45:52,CUST-106,Delhi North Hub,WH-North-IL,FIL-4005,8,0,65.48
SALE-01689,2026-01-17 19:19:50,CUST-115,Jaipur Regional Hub,WH-Mountain-CO,ELE-2003,3,0,77.54
SALE-01690,2025-10-12 20:14:07,CUST-116,Delhi North Hub,WH-North-IL,HYD-1002,4,0,302.25
SALE-01691,2026-05-14 18:20:44,CUST-115,Hyderabad Central Hub,WH-Central-TX,ELE-2002,3,0,130.68
SALE-01692,2025-12-02 18:54:48,CUST-106,Chennai South Hub,WH-South-FL,HYD-1001,2,0,444.71
SALE-01693,2026-07-01 19:07:25,CUST-158,Coimbatore South Central Hub,WH-SouthCentral-OK,FAS-3005,9,0,28.3
SALE-01694,2025-09-10 20:44:57,CUST-127,Bhubaneswar Southeast Hub,WH-Southeast-GA,FIL-4004,4,0,45.21
SALE-01695,2026-03-30 17:06:24,CUST-115,Guwahati Northeast Hub,WH-Northeast-NY,FIL-4005,8,0,60.01
SALE-01696,2025-12-26 20:34:15,CUST-110,Nagpur Central Hub,WH-GreatLakes-MI,FIL-4005,4,0,63.56
SALE-01697,2026-01-17 19:55:05,CUST-124,Mumbai West Hub,WH-West-CA,FIL-4001,5,0,59.02
SALE-01698,2026-06-04 20:43:02,CUST-127,Bengaluru Technology Hub,WH-Pacific-WA,FAS-3005,9,0,28.58
SALE-01699,2025-09-15 19:46:56,CUST-157,Hyderabad Central Hub,WH-Central-TX,FAS-3005,9,0,29.46
SALE-01700,2026-04-16 18:22:12,CUST-121,Coimbatore South Central Hub,WH-SouthCentral-OK,ELE-2005,1,0,203.36
SALE-01701,2026-06-28 20:04:45,CUST-143,Jaipur Regional Hub,WH-Mountain-CO,HYD-1002,3,0,335.77
SALE-01702,2026-06-14 18:24:58,CUST-142,Mumbai West Hub,WH-West-CA,FIL-4001,5,0,58.96
SALE-01703,2026-01-22 17:45:16,CUST-111,Delhi North Hub,WH-North-IL,FAS-3005,6,0,30.05
SALE-01704,2026-02-11 20:13:46,CUST-156,Guwahati Northeast Hub,WH-Northeast-NY,ELE-2005,1,1,224.9
SALE-01705,2026-02-26 19:03:00,CUST-115,Lucknow Mid-India Hub,WH-MidAtlantic-VA,FIL-4003,5,0,44.47
SALE-01706,2026-07-23 19:01:36,CUST-146,Indore Central-West Hub,WH-Rockies-UT,FIL-4001,5,0,56.96
SALE-01707,2026-06-15 20:51:28,CUST-159,Guwahati Northeast Hub,WH-Northeast-NY,FAS-3001,7,0,26.51
SALE-01708,2025-12-01 18:38:14,CUST-126,Indore Central-West Hub,WH-Rockies-UT,FIL-4002,7,0,30.57
SALE-01709,2025-12-07 17:38:00,CUST-147,Kolkata East Hub,WH-East-NC,FIL-4004,6,0,50.71
SALE-01710,2026-05-11 18:07:38,CUST-131,Kolkata East Hub,WH-East-NC,HYD-1005,4,0,150.94
SALE-01711,2025-09-14 17:09:11,CUST-145,Pune Midwest Hub,WH-Midwest-OH,HYD-1003,4,0,89.59
SALE-01712,2026-06-29 17:12:11,CUST-104,Hyderabad Central Hub,WH-Central-TX,FIL-4003,5,0,41.71
SALE-01713,2025-10-30 20:21:06,CUST-147,Pune Midwest Hub,WH-Midwest-OH,HYD-1003,4,0,88.42
SALE-01714,2026-05-15 18:28:05,CUST-159,Ahmedabad Southwest Hub,WH-Southwest-AZ,FAS-3005,7,0,32.0
SALE-01715,2026-05-10 17:03:32,CUST-147,Mumbai West Hub,WH-West-CA,HYD-1005,5,0,131.7
SALE-01716,2026-06-18 17:04:29,CUST-118,Coimbatore South Central Hub,WH-SouthCentral-OK,FAS-3001,8,0,23.59
SALE-01717,2026-02-08 17:27:10,CUST-154,Hyderabad Central Hub,WH-Central-TX,FIL-4004,3,0,49.02
SALE-01718,2025-12-20 20:57:21,CUST-155,Guwahati Northeast Hub,WH-Northeast-NY,FIL-4005,7,5,64.74
SALE-01719,2025-12-27 17:48:34,CUST-136,Kolkata East Hub,WH-East-NC,HYD-1005,2,0,143.11
SALE-01720,2026-02-10 17:09:32,CUST-108,Lucknow Mid-India Hub,WH-MidAtlantic-VA,FIL-4002,2,0,34.36
SALE-01721,2025-09-25 19:47:03,CUST-160,Coimbatore South Central Hub,WH-SouthCentral-OK,HYD-1001,6,4,466.67
SALE-01722,2026-03-18 19:42:43,CUST-145,Chennai South Hub,WH-South-FL,FAS-3001,6,0,25.89
SALE-01723,2025-10-16 17:57:50,CUST-135,Nagpur Central Hub,WH-GreatLakes-MI,FAS-3002,8,8,19.35
SALE-01724,2025-10-01 18:35:23,CUST-113,Jaipur Regional Hub,WH-Mountain-CO,FAS-3004,5,0,35.03
SALE-01725,2026-03-25 17:59:38,CUST-117,Lucknow Mid-India Hub,WH-MidAtlantic-VA,FAS-3005,8,0,32.15
SALE-01726,2026-04-27 19:03:25,CUST-119,Lucknow Mid-India Hub,WH-MidAtlantic-VA,ELE-2002,2,0,130.11
SALE-01727,2025-09-18 18:38:54,CUST-106,Indore Central-West Hub,WH-Rockies-UT,ELE-2005,1,0,201.97
SALE-01728,2026-02-01 17:25:51,CUST-107,Bhubaneswar Southeast Hub,WH-Southeast-GA,HYD-1001,1,0,447.86
SALE-01729,2025-10-02 18:51:03,CUST-149,Bengaluru Technology Hub,WH-Pacific-WA,FAS-3002,7,0,16.94
SALE-01730,2026-03-03 20:12:12,CUST-111,Coimbatore South Central Hub,WH-SouthCentral-OK,FAS-3003,12,0,22.47
SALE-01731,2026-01-24 17:16:15,CUST-112,Mumbai West Hub,WH-West-CA,FIL-4003,5,0,43.64
SALE-01732,2025-12-29 20:28:27,CUST-116,Bengaluru Technology Hub,WH-Pacific-WA,ELE-2004,1,0,392.89
SALE-01733,2026-07-22 19:36:50,CUST-116,Mumbai West Hub,WH-West-CA,ELE-2003,1,0,76.03
SALE-01734,2026-01-26 19:19:35,CUST-137,Pune Midwest Hub,WH-Midwest-OH,ELE-2001,3,0,703.98
SALE-01735,2026-03-25 18:42:10,CUST-122,Coimbatore South Central Hub,WH-SouthCentral-OK,FIL-4003,15,0,43.36
SALE-01736,2026-04-21 19:25:00,CUST-136,Guwahati Northeast Hub,WH-Northeast-NY,ELE-2005,3,1,201.56
SALE-01737,2026-03-03 17:53:54,CUST-145,Lucknow Mid-India Hub,WH-MidAtlantic-VA,FIL-4005,8,0,60.04
SALE-01738,2025-11-21 17:46:55,CUST-124,Indore Central-West Hub,WH-Rockies-UT,FAS-3002,11,0,17.54
SALE-01739,2026-01-29 19:40:31,CUST-119,Ahmedabad Southwest Hub,WH-Southwest-AZ,ELE-2003,1,0,72.49
SALE-01740,2025-11-14 19:26:53,CUST-153,Delhi North Hub,WH-North-IL,HYD-1005,3,0,145.6
SALE-01741,2026-03-24 19:41:37,CUST-153,Nagpur Central Hub,WH-GreatLakes-MI,HYD-1003,2,0,89.23
SALE-01742,2025-12-07 18:35:49,CUST-157,Kolkata East Hub,WH-East-NC,ELE-2002,1,0,132.03
SALE-01743,2025-12-31 17:08:04,CUST-101,Guwahati Northeast Hub,WH-Northeast-NY,FAS-3002,7,0,17.45
SALE-01744,2026-04-27 19:14:28,CUST-138,Delhi North Hub,WH-North-IL,ELE-2003,2,0,80.74
SALE-01745,2026-07-23 18:08:04,CUST-108,Indore Central-West Hub,WH-Rockies-UT,ELE-2005,1,0,202.43
SALE-01746,2026-04-04 19:59:57,CUST-145,Jaipur Regional Hub,WH-Mountain-CO,ELE-2002,1,0,120.64
SALE-01747,2026-07-03 20:13:49,CUST-143,Pune Midwest Hub,WH-Midwest-OH,FAS-3004,10,0,34.35
SALE-01748,2025-12-13 20:47:00,CUST-111,Hyderabad Central Hub,WH-Central-TX,ELE-2002,2,0,130.52
SALE-01749,2025-09-26 18:02:40,CUST-141,Lucknow Mid-India Hub,WH-MidAtlantic-VA,HYD-1001,1,0,456.43
SALE-01750,2026-04-21 17:31:20,CUST-112,Ahmedabad Southwest Hub,WH-Southwest-AZ,HYD-1001,5,0,463.4
SALE-01751,2026-02-01 19:01:16,CUST-101,Delhi North Hub,WH-North-IL,HYD-1005,1,0,146.35
SALE-01752,2026-02-25 18:15:22,CUST-122,Mumbai West Hub,WH-West-CA,ELE-2001,2,0,663.11
SALE-01753,2026-05-09 19:30:41,CUST-123,Hyderabad Central Hub,WH-Central-TX,FIL-4004,5,0,47.06
SALE-01754,2025-10-28 18:32:34,CUST-141,Chennai South Hub,WH-South-FL,FAS-3005,6,0,29.26
SALE-01755,2026-03-04 20:30:04,CUST-140,Mumbai West Hub,WH-West-CA,FAS-3004,10,0,37.21
SALE-01756,2025-12-31 20:43:19,CUST-103,Pune Midwest Hub,WH-Midwest-OH,ELE-2002,3,0,120.95
SALE-01757,2026-05-30 18:38:10,CUST-136,Pune Midwest Hub,WH-Midwest-OH,FAS-3004,8,0,35.35
SALE-01758,2026-06-15 18:11:23,CUST-155,Mumbai West Hub,WH-West-CA,ELE-2001,1,0,703.65
SALE-01759,2026-07-08 17:45:38,CUST-153,Nagpur Central Hub,WH-GreatLakes-MI,HYD-1005,2,0,144.48
SALE-01760,2026-01-24 17:22:16,CUST-125,Chennai South Hub,WH-South-FL,HYD-1003,4,0,87.82
SALE-01761,2026-02-06 17:59:30,CUST-154,Hyderabad Central Hub,WH-Central-TX,FIL-4004,8,0,45.49
SALE-01762,2025-09-19 17:41:57,CUST-134,Coimbatore South Central Hub,WH-SouthCentral-OK,ELE-2003,4,0,76.43
SALE-01763,2026-07-14 19:31:56,CUST-135,Nagpur Central Hub,WH-GreatLakes-MI,HYD-1001,7,0,436.18
SALE-01764,2025-09-04 17:18:59,CUST-126,Indore Central-West Hub,WH-Rockies-UT,FAS-3004,9,0,37.55
SALE-01765,2026-04-05 17:50:01,CUST-106,Guwahati Northeast Hub,WH-Northeast-NY,FIL-4001,4,1,59.05
SALE-01766,2026-04-22 19:45:18,CUST-112,Bhubaneswar Southeast Hub,WH-Southeast-GA,FAS-3004,11,0,33.22
SALE-01767,2025-12-20 18:37:12,CUST-126,Bhubaneswar Southeast Hub,WH-Southeast-GA,HYD-1002,3,0,306.64
SALE-01768,2026-04-26 17:36:42,CUST-112,Bengaluru Technology Hub,WH-Pacific-WA,HYD-1002,5,0,316.54
SALE-01769,2025-11-30 20:07:52,CUST-133,Coimbatore South Central Hub,WH-SouthCentral-OK,HYD-1005,3,0,135.25
SALE-01770,2026-06-23 18:16:42,CUST-142,Lucknow Mid-India Hub,WH-MidAtlantic-VA,FAS-3003,7,0,21.83
SALE-01771,2025-12-21 20:59:05,CUST-155,Ahmedabad Southwest Hub,WH-Southwest-AZ,FAS-3001,13,0,23.65
SALE-01772,2025-09-27 17:37:16,CUST-144,Chennai South Hub,WH-South-FL,ELE-2005,2,0,215.76
SALE-01773,2025-10-04 18:27:12,CUST-115,Bhubaneswar Southeast Hub,WH-Southeast-GA,FIL-4001,4,0,53.57
SALE-01774,2026-04-24 17:46:11,CUST-122,Jaipur Regional Hub,WH-Mountain-CO,FAS-3003,9,0,22.99
SALE-01775,2026-03-08 19:35:52,CUST-156,Bhubaneswar Southeast Hub,WH-Southeast-GA,FAS-3001,9,0,26.68
SALE-01776,2026-03-31 18:49:55,CUST-156,Coimbatore South Central Hub,WH-SouthCentral-OK,FAS-3002,9,0,17.32
SALE-01777,2026-01-09 18:51:46,CUST-152,Coimbatore South Central Hub,WH-SouthCentral-OK,FAS-3001,7,0,25.45
SALE-01778,2026-06-12 17:59:49,CUST-150,Coimbatore South Central Hub,WH-SouthCentral-OK,HYD-1003,4,0,84.42
SALE-01779,2026-01-06 17:18:28,CUST-158,Ahmedabad Southwest Hub,WH-Southwest-AZ,ELE-2004,2,0,389.07
SALE-01780,2026-07-15 20:55:21,CUST-103,Hyderabad Central Hub,WH-Central-TX,ELE-2002,1,1,133.79
SALE-01781,2025-09-18 18:18:08,CUST-143,Indore Central-West Hub,WH-Rockies-UT,HYD-1002,5,0,338.03
SALE-01782,2025-11-17 20:29:42,CUST-120,Guwahati Northeast Hub,WH-Northeast-NY,ELE-2002,5,0,128.91
SALE-01783,2025-09-07 17:05:48,CUST-128,Nagpur Central Hub,WH-GreatLakes-MI,ELE-2004,1,0,380.95
SALE-01784,2025-12-05 20:59:11,CUST-121,Chennai South Hub,WH-South-FL,FIL-4001,7,0,54.51
SALE-01785,2025-10-13 20:33:34,CUST-105,Coimbatore South Central Hub,WH-SouthCentral-OK,FAS-3003,8,0,22.71
SALE-01786,2026-07-05 19:29:33,CUST-158,Kolkata East Hub,WH-East-NC,ELE-2004,3,0,367.17
SALE-01787,2026-07-04 20:19:06,CUST-143,Ahmedabad Southwest Hub,WH-Southwest-AZ,ELE-2005,5,0,216.33
SALE-01788,2026-04-22 20:21:25,CUST-146,Jaipur Regional Hub,WH-Mountain-CO,FAS-3005,3,0,28.73
SALE-01789,2025-09-23 20:58:11,CUST-141,Bengaluru Technology Hub,WH-Pacific-WA,HYD-1001,4,0,429.38
SALE-01790,2026-05-08 18:57:46,CUST-101,Jaipur Regional Hub,WH-Mountain-CO,FIL-4002,6,0,34.11
SALE-01791,2026-01-09 19:16:46,CUST-154,Hyderabad Central Hub,WH-Central-TX,ELE-2004,2,0,388.57
SALE-01792,2026-03-19 20:11:29,CUST-149,Ahmedabad Southwest Hub,WH-Southwest-AZ,FAS-3002,10,0,19.11
SALE-01793,2026-04-26 20:05:09,CUST-119,Chennai South Hub,WH-South-FL,HYD-1005,3,0,141.19
SALE-01794,2025-10-23 17:23:50,CUST-121,Jaipur Regional Hub,WH-Mountain-CO,ELE-2002,2,0,127.24
SALE-01795,2026-02-01 18:55:04,CUST-147,Jaipur Regional Hub,WH-Mountain-CO,ELE-2005,1,0,201.65
SALE-01796,2025-11-10 20:47:52,CUST-117,Coimbatore South Central Hub,WH-SouthCentral-OK,HYD-1003,1,1,80.42
SALE-01797,2025-09-24 19:55:48,CUST-119,Pune Midwest Hub,WH-Midwest-OH,FIL-4003,5,0,41.27
SALE-01798,2026-01-14 17:24:41,CUST-145,Hyderabad Central Hub,WH-Central-TX,HYD-1001,6,0,464.63
SALE-01799,2026-02-27 18:17:16,CUST-142,Mumbai West Hub,WH-West-CA,FAS-3005,9,0,29.41
SALE-01800,2026-07-25 19:28:04,CUST-110,Indore Central-West Hub,WH-Rockies-UT,ELE-2003,3,0,74.71
SALE-01801,2026-07-19 20:01:20,CUST-121,Delhi North Hub,WH-North-IL,FAS-3001,9,0,24.71
SALE-01802,2025-09-13 20:07:04,CUST-140,Jaipur Regional Hub,WH-Mountain-CO,HYD-1001,4,0,469.66
SALE-01803,2025-12-27 20:09:08,CUST-117,Bhubaneswar Southeast Hub,WH-Southeast-GA,HYD-1005,1,0,137.94
SALE-01804,2025-11-03 18:22:15,CUST-104,Mumbai West Hub,WH-West-CA,ELE-2003,1,0,77.66
SALE-01805,2025-09-17 20:01:20,CUST-144,Nagpur Central Hub,WH-GreatLakes-MI,FAS-3004,3,0,33.21
SALE-01806,2025-09-22 18:49:34,CUST-121,Jaipur Regional Hub,WH-Mountain-CO,HYD-1001,5,0,439.11
SALE-01807,2026-03-08 18:01:43,CUST-140,Nagpur Central Hub,WH-GreatLakes-MI,HYD-1002,6,0,304.74
SALE-01808,2026-01-21 19:09:56,CUST-133,Kolkata East Hub,WH-East-NC,FAS-3002,4,0,18.09
SALE-01809,2025-12-26 18:06:16,CUST-122,Chennai South Hub,WH-South-FL,HYD-1004,1,0,168.99
SALE-01810,2025-12-08 19:51:31,CUST-112,Bhubaneswar Southeast Hub,WH-Southeast-GA,HYD-1001,3,0,485.32
SALE-01811,2026-05-19 20:52:33,CUST-114,Nagpur Central Hub,WH-GreatLakes-MI,ELE-2002,1,0,118.19
SALE-01812,2026-02-12 20:45:06,CUST-137,Nagpur Central Hub,WH-GreatLakes-MI,FIL-4005,6,0,58.81
SALE-01813,2025-09-27 17:26:45,CUST-118,Guwahati Northeast Hub,WH-Northeast-NY,FAS-3002,7,0,18.38
SALE-01814,2025-10-30 18:14:12,CUST-140,Pune Midwest Hub,WH-Midwest-OH,FIL-4005,8,0,62.35
SALE-01815,2026-07-09 20:16:16,CUST-136,Chennai South Hub,WH-South-FL,FIL-4005,8,0,64.59
SALE-01816,2026-02-21 19:23:25,CUST-138,Bhubaneswar Southeast Hub,WH-Southeast-GA,FIL-4003,6,0,44.2
SALE-01817,2026-04-06 19:14:29,CUST-132,Guwahati Northeast Hub,WH-Northeast-NY,ELE-2001,3,0,708.33
SALE-01818,2025-11-17 20:24:25,CUST-143,Indore Central-West Hub,WH-Rockies-UT,FIL-4002,3,0,33.49
SALE-01819,2026-07-21 20:34:36,CUST-139,Bhubaneswar Southeast Hub,WH-Southeast-GA,FIL-4003,9,0,43.01
SALE-01820,2025-12-10 20:51:48,CUST-145,Bhubaneswar Southeast Hub,WH-Southeast-GA,FIL-4001,3,0,54.04
SALE-01821,2025-11-26 18:46:43,CUST-147,Indore Central-West Hub,WH-Rockies-UT,ELE-2005,1,0,197.71
SALE-01822,2026-06-16 20:54:48,CUST-131,Guwahati Northeast Hub,WH-Northeast-NY,ELE-2002,8,0,122.67
SALE-01823,2025-11-29 17:14:46,CUST-118,Pune Midwest Hub,WH-Midwest-OH,ELE-2005,2,0,201.59
SALE-01824,2026-01-07 18:51:06,CUST-141,Bhubaneswar Southeast Hub,WH-Southeast-GA,HYD-1002,3,0,303.18
SALE-01825,2026-03-07 18:21:02,CUST-104,Bhubaneswar Southeast Hub,WH-Southeast-GA,HYD-1005,1,0,134.75
SALE-01826,2026-06-24 19:53:24,CUST-145,Hyderabad Central Hub,WH-Central-TX,ELE-2004,3,0,389.15
SALE-01827,2026-07-27 17:49:42,CUST-126,Pune Midwest Hub,WH-Midwest-OH,FIL-4002,4,0,34.23
SALE-01828,2026-06-21 20:25:22,CUST-109,Mumbai West Hub,WH-West-CA,FAS-3002,8,0,18.88
SALE-01829,2026-07-17 17:20:37,CUST-102,Mumbai West Hub,WH-West-CA,HYD-1001,6,0,469.33
SALE-01830,2025-11-22 18:45:36,CUST-130,Bhubaneswar Southeast Hub,WH-Southeast-GA,FIL-4004,7,0,49.74
SALE-01831,2025-10-24 19:48:11,CUST-120,Hyderabad Central Hub,WH-Central-TX,FIL-4001,12,0,52.67
SALE-01832,2025-12-26 17:18:14,CUST-138,Nagpur Central Hub,WH-GreatLakes-MI,FIL-4003,7,0,39.63
SALE-01833,2026-03-01 19:07:42,CUST-129,Ahmedabad Southwest Hub,WH-Southwest-AZ,FIL-4002,8,0,32.1
SALE-01834,2026-03-30 20:46:56,CUST-133,Bhubaneswar Southeast Hub,WH-Southeast-GA,ELE-2001,2,0,673.21
SALE-01835,2026-03-30 19:48:42,CUST-145,Kolkata East Hub,WH-East-NC,FIL-4005,6,0,61.93
SALE-01836,2025-09-10 19:27:06,CUST-129,Ahmedabad Southwest Hub,WH-Southwest-AZ,HYD-1005,2,0,139.3
SALE-01837,2026-07-12 18:40:54,CUST-113,Kolkata East Hub,WH-East-NC,FAS-3003,8,0,21.14
SALE-01838,2025-09-04 17:27:22,CUST-113,Indore Central-West Hub,WH-Rockies-UT,HYD-1002,4,0,345.23
SALE-01839,2026-06-23 18:52:30,CUST-131,Hyderabad Central Hub,WH-Central-TX,ELE-2002,1,0,122.64
SALE-01840,2026-06-23 18:48:59,CUST-141,Chennai South Hub,WH-South-FL,FIL-4002,7,0,30.5
SALE-01841,2026-04-16 18:16:56,CUST-134,Kolkata East Hub,WH-East-NC,FIL-4002,6,0,32.05
SALE-01842,2026-03-10 18:13:41,CUST-123,Coimbatore South Central Hub,WH-SouthCentral-OK,FAS-3004,3,0,33.21
SALE-01843,2026-04-27 20:17:11,CUST-152,Bengaluru Technology Hub,WH-Pacific-WA,HYD-1001,4,0,468.37
SALE-01844,2026-07-24 20:12:40,CUST-118,Indore Central-West Hub,WH-Rockies-UT,FIL-4003,5,0,44.71
SALE-01845,2026-03-16 18:45:58,CUST-113,Pune Midwest Hub,WH-Midwest-OH,FIL-4002,4,0,33.61
SALE-01846,2026-07-13 19:08:48,CUST-106,Jaipur Regional Hub,WH-Mountain-CO,FAS-3003,15,0,21.63
SALE-01847,2025-11-30 19:28:24,CUST-128,Chennai South Hub,WH-South-FL,HYD-1005,5,0,148.22
SALE-01848,2026-02-18 19:11:37,CUST-102,Mumbai West Hub,WH-West-CA,FIL-4004,4,0,49.44
SALE-01849,2026-04-15 17:26:51,CUST-121,Nagpur Central Hub,WH-GreatLakes-MI,FIL-4002,9,0,33.66
SALE-01850,2026-07-18 17:22:19,CUST-115,Indore Central-West Hub,WH-Rockies-UT,FAS-3003,15,0,23.06
SALE-01851,2026-07-07 17:47:50,CUST-155,Bengaluru Technology Hub,WH-Pacific-WA,FAS-3002,12,7,17.68
SALE-01852,2026-05-04 18:40:44,CUST-121,Nagpur Central Hub,WH-GreatLakes-MI,FIL-4005,3,0,59.11
SALE-01853,2025-10-30 18:44:32,CUST-155,Pune Midwest Hub,WH-Midwest-OH,FAS-3004,13,0,34.95
SALE-01854,2026-02-06 19:25:58,CUST-155,Lucknow Mid-India Hub,WH-MidAtlantic-VA,FAS-3005,4,0,30.13
SALE-01855,2026-03-22 20:37:53,CUST-160,Pune Midwest Hub,WH-Midwest-OH,ELE-2003,1,0,78.41
SALE-01856,2026-04-24 20:45:00,CUST-155,Bhubaneswar Southeast Hub,WH-Southeast-GA,ELE-2003,1,0,73.6
SALE-01857,2026-01-22 19:54:41,CUST-151,Lucknow Mid-India Hub,WH-MidAtlantic-VA,HYD-1005,4,0,140.52
SALE-01858,2026-06-30 19:39:59,CUST-130,Indore Central-West Hub,WH-Rockies-UT,ELE-2001,3,0,709.08
SALE-01859,2026-07-05 18:20:40,CUST-148,Bengaluru Technology Hub,WH-Pacific-WA,FAS-3005,5,0,32.03
SALE-01860,2026-05-22 17:59:16,CUST-159,Guwahati Northeast Hub,WH-Northeast-NY,FAS-3003,12,0,20.96
SALE-01861,2026-01-12 20:47:30,CUST-154,Delhi North Hub,WH-North-IL,FIL-4003,6,0,42.33
SALE-01862,2025-10-16 17:21:40,CUST-158,Jaipur Regional Hub,WH-Mountain-CO,FAS-3004,12,0,36.43
SALE-01863,2025-11-23 19:13:37,CUST-149,Jaipur Regional Hub,WH-Mountain-CO,FIL-4005,4,0,58.58
SALE-01864,2026-05-25 17:24:04,CUST-104,Hyderabad Central Hub,WH-Central-TX,FAS-3005,11,0,30.06
SALE-01865,2026-05-05 18:09:52,CUST-102,Indore Central-West Hub,WH-Rockies-UT,FIL-4001,5,3,54.57
SALE-01866,2025-09-12 20:45:55,CUST-153,Nagpur Central Hub,WH-GreatLakes-MI,HYD-1004,3,0,180.03
SALE-01867,2026-04-22 19:30:01,CUST-147,Delhi North Hub,WH-North-IL,FAS-3005,9,0,31.41
SALE-01868,2026-07-18 20:13:24,CUST-108,Hyderabad Central Hub,WH-Central-TX,FAS-3002,9,0,18.78
SALE-01869,2025-10-02 18:55:21,CUST-145,Bhubaneswar Southeast Hub,WH-Southeast-GA,FAS-3005,6,0,30.85
SALE-01870,2026-05-14 17:51:30,CUST-138,Kolkata East Hub,WH-East-NC,FIL-4001,9,0,52.73
SALE-01871,2026-05-03 17:40:41,CUST-111,Mumbai West Hub,WH-West-CA,HYD-1005,6,0,134.01
SALE-01872,2026-03-22 18:01:18,CUST-139,Pune Midwest Hub,WH-Midwest-OH,HYD-1005,5,0,141.11
SALE-01873,2025-12-14 18:40:36,CUST-133,Lucknow Mid-India Hub,WH-MidAtlantic-VA,FIL-4002,10,2,34.07
SALE-01874,2025-09-18 17:03:13,CUST-154,Bengaluru Technology Hub,WH-Pacific-WA,ELE-2003,1,0,80.78
SALE-01875,2026-03-19 19:05:32,CUST-124,Coimbatore South Central Hub,WH-SouthCentral-OK,FIL-4003,8,0,40.85
SALE-01876,2026-07-17 18:10:25,CUST-159,Bhubaneswar Southeast Hub,WH-Southeast-GA,FAS-3001,12,0,23.54
SALE-01877,2026-04-14 19:03:39,CUST-137,Lucknow Mid-India Hub,WH-MidAtlantic-VA,HYD-1003,4,0,91.2
SALE-01878,2025-09-04 18:47:58,CUST-143,Bengaluru Technology Hub,WH-Pacific-WA,ELE-2004,3,0,379.3
SALE-01879,2025-12-26 19:12:59,CUST-143,Pune Midwest Hub,WH-Midwest-OH,ELE-2001,2,0,662.33
SALE-01880,2025-10-16 19:56:39,CUST-101,Nagpur Central Hub,WH-GreatLakes-MI,ELE-2002,2,0,120.59
SALE-01881,2026-03-20 17:41:37,CUST-132,Kolkata East Hub,WH-East-NC,HYD-1005,4,0,135.63
SALE-01882,2026-01-23 20:35:41,CUST-119,Kolkata East Hub,WH-East-NC,FAS-3004,7,0,34.4
SALE-01883,2026-03-07 20:04:30,CUST-128,Jaipur Regional Hub,WH-Mountain-CO,HYD-1004,2,0,178.16
SALE-01884,2026-06-14 17:02:47,CUST-115,Jaipur Regional Hub,WH-Mountain-CO,HYD-1002,3,0,321.75
SALE-01885,2025-09-23 20:50:05,CUST-151,Coimbatore South Central Hub,WH-SouthCentral-OK,FAS-3002,8,0,19.23
SALE-01886,2025-09-24 19:13:17,CUST-153,Jaipur Regional Hub,WH-Mountain-CO,HYD-1004,4,0,169.43
SALE-01887,2025-10-21 19:15:58,CUST-132,Lucknow Mid-India Hub,WH-MidAtlantic-VA,HYD-1001,6,0,456.02
SALE-01888,2026-07-24 20:11:30,CUST-131,Lucknow Mid-India Hub,WH-MidAtlantic-VA,ELE-2001,3,0,705.38
SALE-01889,2025-12-11 19:38:21,CUST-109,Jaipur Regional Hub,WH-Mountain-CO,HYD-1004,5,0,172.99
SALE-01890,2026-03-15 19:17:01,CUST-143,Hyderabad Central Hub,WH-Central-TX,ELE-2003,2,0,78.88
SALE-01891,2026-02-27 19:23:13,CUST-158,Indore Central-West Hub,WH-Rockies-UT,FAS-3004,7,0,34.4
SALE-01892,2025-11-25 20:24:41,CUST-115,Mumbai West Hub,WH-West-CA,ELE-2004,1,0,402.67
SALE-01893,2026-01-18 18:07:32,CUST-129,Pune Midwest Hub,WH-Midwest-OH,ELE-2005,6,0,215.62
SALE-01894,2026-05-16 19:54:40,CUST-105,Kolkata East Hub,WH-East-NC,FAS-3004,3,0,37.05
SALE-01895,2026-01-18 20:31:08,CUST-107,Jaipur Regional Hub,WH-Mountain-CO,ELE-2005,4,0,205.6
SALE-01896,2025-12-29 19:20:20,CUST-119,Chennai South Hub,WH-South-FL,FAS-3001,7,0,25.9
SALE-01897,2026-03-14 20:31:21,CUST-131,Hyderabad Central Hub,WH-Central-TX,ELE-2003,1,0,71.28
SALE-01898,2026-07-07 18:01:03,CUST-121,Lucknow Mid-India Hub,WH-MidAtlantic-VA,ELE-2005,3,0,211.72
SALE-01899,2025-12-26 18:43:21,CUST-125,Bengaluru Technology Hub,WH-Pacific-WA,FIL-4003,4,0,40.05
SALE-01900,2026-07-25 19:11:49,CUST-124,Pune Midwest Hub,WH-Midwest-OH,HYD-1005,4,4,148.51
SALE-01901,2026-02-08 19:35:00,CUST-124,Jaipur Regional Hub,WH-Mountain-CO,ELE-2002,2,0,121.23
SALE-01902,2025-11-12 18:49:30,CUST-130,Hyderabad Central Hub,WH-Central-TX,HYD-1002,4,0,302.45
SALE-01903,2026-04-07 18:10:43,CUST-121,Kolkata East Hub,WH-East-NC,ELE-2002,1,0,123.18
SALE-01904,2025-10-29 20:40:59,CUST-144,Ahmedabad Southwest Hub,WH-Southwest-AZ,FAS-3001,7,0,26.66
SALE-01905,2025-11-11 20:56:46,CUST-107,Coimbatore South Central Hub,WH-SouthCentral-OK,ELE-2002,3,0,120.73
SALE-01906,2026-06-30 20:53:43,CUST-104,Lucknow Mid-India Hub,WH-MidAtlantic-VA,FAS-3003,8,0,22.54
SALE-01907,2025-10-05 19:26:32,CUST-154,Kolkata East Hub,WH-East-NC,FAS-3003,10,0,21.18
SALE-01908,2026-01-17 20:49:31,CUST-145,Jaipur Regional Hub,WH-Mountain-CO,FAS-3003,14,0,22.83
SALE-01909,2026-06-08 17:12:52,CUST-148,Nagpur Central Hub,WH-GreatLakes-MI,ELE-2004,6,0,382.1
SALE-01910,2026-05-01 19:17:08,CUST-159,Bengaluru Technology Hub,WH-Pacific-WA,ELE-2001,1,0,656.65
SALE-01911,2025-12-17 18:07:50,CUST-102,Pune Midwest Hub,WH-Midwest-OH,FIL-4003,6,0,42.7
SALE-01912,2025-12-02 20:46:13,CUST-102,Hyderabad Central Hub,WH-Central-TX,FIL-4005,5,0,61.08
SALE-01913,2026-06-01 19:03:55,CUST-139,Jaipur Regional Hub,WH-Mountain-CO,FAS-3001,8,0,24.34
SALE-01914,2026-05-26 18:01:47,CUST-128,Chennai South Hub,WH-South-FL,HYD-1002,1,0,323.24
SALE-01915,2026-07-02 19:09:39,CUST-138,Guwahati Northeast Hub,WH-Northeast-NY,ELE-2005,2,0,211.2
SALE-01916,2025-10-06 18:13:30,CUST-123,Delhi North Hub,WH-North-IL,HYD-1001,1,1,425.11
SALE-01917,2026-05-29 18:11:31,CUST-133,Mumbai West Hub,WH-West-CA,FIL-4002,10,0,33.49
SALE-01918,2026-06-26 17:10:32,CUST-139,Jaipur Regional Hub,WH-Mountain-CO,HYD-1002,4,0,316.48
SALE-01919,2026-01-14 18:51:46,CUST-109,Coimbatore South Central Hub,WH-SouthCentral-OK,HYD-1001,6,0,440.19
SALE-01920,2026-07-07 20:16:08,CUST-109,Mumbai West Hub,WH-West-CA,HYD-1004,2,1,179.97
SALE-01921,2026-06-09 19:20:23,CUST-121,Mumbai West Hub,WH-West-CA,HYD-1005,6,4,144.34
SALE-01922,2026-02-19 18:03:19,CUST-145,Nagpur Central Hub,WH-GreatLakes-MI,FAS-3003,5,0,21.07
SALE-01923,2026-05-17 18:34:49,CUST-151,Hyderabad Central Hub,WH-Central-TX,HYD-1003,1,0,87.73
SALE-01924,2026-04-25 19:00:03,CUST-159,Lucknow Mid-India Hub,WH-MidAtlantic-VA,HYD-1001,3,0,430.69
SALE-01925,2026-06-26 20:59:59,CUST-149,Bhubaneswar Southeast Hub,WH-Southeast-GA,FIL-4003,8,0,43.79
SALE-01926,2025-11-12 18:51:05,CUST-122,Bhubaneswar Southeast Hub,WH-Southeast-GA,FAS-3003,9,0,23.44
SALE-01927,2026-06-13 18:33:31,CUST-138,Lucknow Mid-India Hub,WH-MidAtlantic-VA,FIL-4004,3,0,47.59
SALE-01928,2025-09-01 20:22:39,CUST-152,Lucknow Mid-India Hub,WH-MidAtlantic-VA,FAS-3003,7,0,20.87
SALE-01929,2026-03-23 19:48:05,CUST-117,Jaipur Regional Hub,WH-Mountain-CO,FAS-3002,5,0,16.95
SALE-01930,2026-07-27 20:47:16,CUST-124,Lucknow Mid-India Hub,WH-MidAtlantic-VA,HYD-1003,2,2,89.76
SALE-01931,2026-04-26 19:40:22,CUST-138,Ahmedabad Southwest Hub,WH-Southwest-AZ,HYD-1002,5,0,325.21
SALE-01932,2026-06-01 17:46:48,CUST-127,Jaipur Regional Hub,WH-Mountain-CO,HYD-1004,5,0,171.55
SALE-01933,2025-11-08 19:10:07,CUST-143,Ahmedabad Southwest Hub,WH-Southwest-AZ,FAS-3002,15,0,18.74
SALE-01934,2026-05-31 18:04:03,CUST-111,Kolkata East Hub,WH-East-NC,ELE-2004,2,0,404.47
SALE-01935,2026-02-09 20:55:46,CUST-119,Jaipur Regional Hub,WH-Mountain-CO,HYD-1001,7,0,426.27
SALE-01936,2025-10-11 20:02:19,CUST-155,Mumbai West Hub,WH-West-CA,FIL-4005,4,1,64.01
SALE-01937,2026-05-21 17:48:35,CUST-158,Hyderabad Central Hub,WH-Central-TX,FAS-3001,10,0,26.37
SALE-01938,2026-05-07 19:50:30,CUST-102,Kolkata East Hub,WH-East-NC,ELE-2001,1,0,645.34
SALE-01939,2025-11-04 19:10:59,CUST-101,Pune Midwest Hub,WH-Midwest-OH,FIL-4004,4,2,51.04
SALE-01940,2026-01-19 20:46:14,CUST-138,Hyderabad Central Hub,WH-Central-TX,FIL-4003,6,0,43.6
SALE-01941,2026-07-14 17:25:29,CUST-108,Pune Midwest Hub,WH-Midwest-OH,FIL-4002,7,0,32.95
SALE-01942,2025-12-18 17:28:31,CUST-113,Chennai South Hub,WH-South-FL,ELE-2001,5,0,671.3
SALE-01943,2026-02-04 20:01:38,CUST-156,Pune Midwest Hub,WH-Midwest-OH,HYD-1004,4,0,166.7
SALE-01944,2026-04-04 17:06:44,CUST-105,Indore Central-West Hub,WH-Rockies-UT,FAS-3001,13,13,23.65
SALE-01945,2025-10-20 20:51:01,CUST-132,Coimbatore South Central Hub,WH-SouthCentral-OK,FIL-4005,6,1,66.05
SALE-01946,2025-09-02 17:36:05,CUST-126,Ahmedabad Southwest Hub,WH-Southwest-AZ,HYD-1005,2,0,148.1
SALE-01947,2026-04-21 18:43:03,CUST-103,Bengaluru Technology Hub,WH-Pacific-WA,FAS-3003,9,0,21.67
SALE-01948,2026-06-18 18:28:01,CUST-121,Delhi North Hub,WH-North-IL,HYD-1005,1,0,145.28
SALE-01949,2026-01-17 20:13:47,CUST-111,Guwahati Northeast Hub,WH-Northeast-NY,FIL-4002,5,0,32.0
SALE-01950,2026-04-08 19:36:21,CUST-153,Mumbai West Hub,WH-West-CA,FIL-4004,7,0,45.41
SALE-01951,2026-02-20 19:57:28,CUST-112,Hyderabad Central Hub,WH-Central-TX,FAS-3003,7,6,23.09
SALE-01952,2026-06-03 20:09:54,CUST-159,Kolkata East Hub,WH-East-NC,FAS-3003,7,0,21.89
SALE-01953,2025-10-07 18:58:42,CUST-102,Coimbatore South Central Hub,WH-SouthCentral-OK,FIL-4001,5,0,52.29
SALE-01954,2026-02-15 18:22:06,CUST-114,Chennai South Hub,WH-South-FL,HYD-1001,4,0,467.63
SALE-01955,2025-11-29 17:44:22,CUST-148,Jaipur Regional Hub,WH-Mountain-CO,FAS-3003,10,0,22.5
SALE-01956,2025-11-29 18:23:46,CUST-130,Pune Midwest Hub,WH-Midwest-OH,FIL-4001,5,0,52.21
SALE-01957,2026-05-03 17:38:18,CUST-112,Nagpur Central Hub,WH-GreatLakes-MI,HYD-1003,3,0,88.63
SALE-01958,2025-12-27 18:51:06,CUST-121,Bengaluru Technology Hub,WH-Pacific-WA,FAS-3002,10,0,17.76
SALE-01959,2025-09-07 18:08:10,CUST-104,Guwahati Northeast Hub,WH-Northeast-NY,ELE-2004,2,0,399.43
SALE-01960,2025-10-22 20:02:39,CUST-111,Coimbatore South Central Hub,WH-SouthCentral-OK,FAS-3003,8,0,23.16
SALE-01961,2026-07-13 20:05:02,CUST-160,Guwahati Northeast Hub,WH-Northeast-NY,HYD-1001,4,0,472.84
SALE-01962,2025-12-01 20:07:54,CUST-127,Chennai South Hub,WH-South-FL,HYD-1002,3,0,317.34
SALE-01963,2025-09-19 18:17:29,CUST-143,Lucknow Mid-India Hub,WH-MidAtlantic-VA,FAS-3003,5,0,23.3
SALE-01964,2025-09-20 18:54:57,CUST-151,Jaipur Regional Hub,WH-Mountain-CO,HYD-1004,1,0,175.22
SALE-01965,2026-02-16 19:45:16,CUST-129,Nagpur Central Hub,WH-GreatLakes-MI,ELE-2005,2,0,200.19
SALE-01966,2026-03-13 17:10:48,CUST-139,Mumbai West Hub,WH-West-CA,HYD-1002,3,0,333.5
SALE-01967,2026-07-13 18:06:11,CUST-129,Jaipur Regional Hub,WH-Mountain-CO,ELE-2005,3,0,206.81
SALE-01968,2025-11-25 18:57:34,CUST-141,Guwahati Northeast Hub,WH-Northeast-NY,FIL-4004,6,0,48.31
SALE-01969,2026-07-02 20:55:40,CUST-135,Delhi North Hub,WH-North-IL,ELE-2002,1,0,122.66
SALE-01970,2026-03-16 17:58:31,CUST-149,Lucknow Mid-India Hub,WH-MidAtlantic-VA,HYD-1005,4,0,145.58
SALE-01971,2026-05-29 18:58:27,CUST-158,Ahmedabad Southwest Hub,WH-Southwest-AZ,FAS-3001,11,0,25.39
SALE-01972,2026-03-09 20:56:43,CUST-130,Kolkata East Hub,WH-East-NC,FIL-4004,5,0,46.41
SALE-01973,2026-06-04 18:01:00,CUST-134,Pune Midwest Hub,WH-Midwest-OH,FIL-4005,7,0,61.69
SALE-01974,2025-10-16 17:16:28,CUST-146,Hyderabad Central Hub,WH-Central-TX,FAS-3002,12,0,17.73
SALE-01975,2026-02-27 20:48:04,CUST-109,Ahmedabad Southwest Hub,WH-Southwest-AZ,HYD-1004,1,0,167.18
SALE-01976,2025-10-28 17:26:21,CUST-156,Indore Central-West Hub,WH-Rockies-UT,ELE-2001,2,0,728.03
SALE-01977,2026-05-21 19:46:50,CUST-139,Nagpur Central Hub,WH-GreatLakes-MI,ELE-2002,4,0,118.46
SALE-01978,2025-12-25 19:26:29,CUST-127,Indore Central-West Hub,WH-Rockies-UT,ELE-2001,1,0,717.65
SALE-01979,2026-07-25 18:59:56,CUST-133,Chennai South Hub,WH-South-FL,ELE-2003,2,0,72.04
SALE-01980,2026-03-13 19:16:28,CUST-151,Nagpur Central Hub,WH-GreatLakes-MI,ELE-2002,7,0,119.0
SALE-01981,2026-01-19 17:26:11,CUST-129,Lucknow Mid-India Hub,WH-MidAtlantic-VA,FIL-4002,1,0,30.17
SALE-01982,2026-07-10 18:25:11,CUST-158,Kolkata East Hub,WH-East-NC,ELE-2003,1,0,76.47
SALE-01983,2025-11-17 20:49:05,CUST-146,Hyderabad Central Hub,WH-Central-TX,ELE-2001,3,0,720.88
SALE-01984,2026-06-18 18:18:21,CUST-123,Bhubaneswar Southeast Hub,WH-Southeast-GA,HYD-1004,7,0,172.2
SALE-01985,2026-04-25 20:40:03,CUST-158,Hyderabad Central Hub,WH-Central-TX,ELE-2001,1,0,682.34
SALE-01986,2026-06-02 18:11:35,CUST-119,Coimbatore South Central Hub,WH-SouthCentral-OK,HYD-1005,4,1,150.89
SALE-01987,2025-10-28 19:37:30,CUST-156,Bengaluru Technology Hub,WH-Pacific-WA,HYD-1001,5,0,443.91
SALE-01988,2026-04-21 19:36:30,CUST-106,Coimbatore South Central Hub,WH-SouthCentral-OK,HYD-1002,6,0,326.99
SALE-01989,2025-12-08 18:11:04,CUST-158,Mumbai West Hub,WH-West-CA,ELE-2005,4,0,216.87
SALE-01990,2026-06-29 17:27:38,CUST-160,Bengaluru Technology Hub,WH-Pacific-WA,ELE-2005,2,0,225.69
SALE-01991,2026-02-20 17:39:30,CUST-129,Jaipur Regional Hub,WH-Mountain-CO,FAS-3003,6,0,21.81
SALE-01992,2025-09-02 19:43:09,CUST-123,Ahmedabad Southwest Hub,WH-Southwest-AZ,FIL-4002,4,0,32.37
SALE-01993,2026-05-19 20:39:04,CUST-111,Chennai South Hub,WH-South-FL,FAS-3004,8,0,34.32
SALE-01994,2026-03-08 20:04:22,CUST-134,Nagpur Central Hub,WH-GreatLakes-MI,FAS-3002,11,0,16.94
SALE-01995,2026-03-17 18:09:00,CUST-141,Lucknow Mid-India Hub,WH-MidAtlantic-VA,FAS-3004,8,0,36.67
SALE-01996,2026-05-19 20:37:03,CUST-124,Chennai South Hub,WH-South-FL,HYD-1005,6,0,149.35
SALE-01997,2026-05-06 17:18:44,CUST-108,Chennai South Hub,WH-South-FL,FAS-3001,4,0,26.18
SALE-01998,2026-03-18 19:35:30,CUST-127,Jaipur Regional Hub,WH-Mountain-CO,FIL-4001,4,0,55.05
SALE-01999,2025-12-02 17:57:47,CUST-108,Pune Midwest Hub,WH-Midwest-OH,FIL-4002,4,0,31.07
SALE-02000,2026-03-13 19:43:45,CUST-120,Pune Midwest Hub,WH-Midwest-OH,FIL-4002,3,0,31.47
SALE-02001,2025-12-23 17:06:17,CUST-145,Chennai South Hub,WH-South-FL,HYD-1003,4,0,83.35
SALE-02002,2026-01-13 18:14:56,CUST-102,Pune Midwest Hub,WH-Midwest-OH,FAS-3001,6,0,26.33
SALE-02003,2025-11-10 20:29:50,CUST-139,Hyderabad Central Hub,WH-Central-TX,HYD-1004,7,0,172.24
SALE-02004,2025-09-02 19:05:52,CUST-146,Mumbai West Hub,WH-West-CA,ELE-2004,3,0,395.75
SALE-02005,2026-05-13 20:28:08,CUST-141,Chennai South Hub,WH-South-FL,HYD-1002,3,0,328.16
SALE-02006,2026-03-14 17:46:56,CUST-113,Jaipur Regional Hub,WH-Mountain-CO,FIL-4004,4,0,46.92
SALE-02007,2026-06-23 20:56:33,CUST-127,Pune Midwest Hub,WH-Midwest-OH,ELE-2001,1,0,661.87
SALE-02008,2026-03-06 17:22:43,CUST-104,Chennai South Hub,WH-South-FL,ELE-2001,1,0,659.12
SALE-02009,2026-05-20 19:58:11,CUST-124,Guwahati Northeast Hub,WH-Northeast-NY,ELE-2003,1,0,76.97
SALE-02010,2025-11-05 18:02:10,CUST-157,Chennai South Hub,WH-South-FL,ELE-2003,1,0,78.74
SALE-02011,2025-12-05 19:20:45,CUST-146,Nagpur Central Hub,WH-GreatLakes-MI,HYD-1001,1,0,441.25
SALE-02012,2026-06-07 18:33:20,CUST-139,Nagpur Central Hub,WH-GreatLakes-MI,FAS-3002,12,0,18.94
SALE-02013,2026-06-24 18:25:56,CUST-145,Ahmedabad Southwest Hub,WH-Southwest-AZ,FAS-3002,10,0,17.91
SALE-02014,2026-03-24 17:56:59,CUST-156,Mumbai West Hub,WH-West-CA,HYD-1004,10,0,188.52
SALE-02015,2026-02-16 20:47:37,CUST-151,Ahmedabad Southwest Hub,WH-Southwest-AZ,ELE-2001,1,0,711.56
SALE-02016,2026-03-03 18:27:35,CUST-151,Bhubaneswar Southeast Hub,WH-Southeast-GA,FAS-3005,11,0,29.9
SALE-02017,2026-07-01 18:37:36,CUST-156,Ahmedabad Southwest Hub,WH-Southwest-AZ,FAS-3002,11,0,18.22
SALE-02018,2025-12-01 17:29:27,CUST-147,Jaipur Regional Hub,WH-Mountain-CO,HYD-1002,7,0,339.03
SALE-02019,2026-06-26 17:02:07,CUST-146,Delhi North Hub,WH-North-IL,HYD-1004,6,0,173.46
SALE-02020,2025-10-09 18:32:22,CUST-115,Hyderabad Central Hub,WH-Central-TX,FIL-4005,7,0,61.68
SALE-02021,2025-12-17 18:00:21,CUST-116,Bhubaneswar Southeast Hub,WH-Southeast-GA,ELE-2005,1,0,200.6
SALE-02022,2026-01-08 18:05:02,CUST-106,Hyderabad Central Hub,WH-Central-TX,ELE-2002,1,0,121.96
SALE-02023,2025-09-04 20:08:00,CUST-115,Ahmedabad Southwest Hub,WH-Southwest-AZ,ELE-2004,2,0,370.11
SALE-02024,2026-03-31 20:48:57,CUST-107,Delhi North Hub,WH-North-IL,HYD-1002,2,0,332.33
SALE-02025,2026-07-18 18:56:17,CUST-116,Kolkata East Hub,WH-East-NC,FIL-4004,4,0,48.64
SALE-02026,2026-02-04 17:18:00,CUST-102,Bhubaneswar Southeast Hub,WH-Southeast-GA,HYD-1003,1,0,89.43
SALE-02027,2025-09-10 18:55:17,CUST-114,Kolkata East Hub,WH-East-NC,HYD-1004,3,0,177.74
SALE-02028,2026-04-08 20:28:52,CUST-120,Coimbatore South Central Hub,WH-SouthCentral-OK,FIL-4003,10,0,42.06
SALE-02029,2025-09-05 18:30:49,CUST-127,Delhi North Hub,WH-North-IL,HYD-1002,2,0,342.92
SALE-02030,2025-12-16 19:37:15,CUST-151,Jaipur Regional Hub,WH-Mountain-CO,ELE-2001,2,0,650.13
SALE-02031,2025-10-25 20:55:24,CUST-123,Chennai South Hub,WH-South-FL,ELE-2001,3,0,700.41
SALE-02032,2025-10-01 17:55:36,CUST-120,Ahmedabad Southwest Hub,WH-Southwest-AZ,ELE-2004,6,0,372.98
SALE-02033,2025-09-12 20:08:21,CUST-109,Lucknow Mid-India Hub,WH-MidAtlantic-VA,FAS-3002,6,0,19.34
SALE-02034,2026-05-13 17:47:08,CUST-115,Delhi North Hub,WH-North-IL,FAS-3004,7,0,33.56
SALE-02035,2026-05-17 17:05:20,CUST-121,Bhubaneswar Southeast Hub,WH-Southeast-GA,FIL-4003,3,0,39.92
SALE-02036,2026-05-23 19:31:32,CUST-138,Kolkata East Hub,WH-East-NC,HYD-1003,4,0,85.87
SALE-02037,2025-10-31 17:34:04,CUST-132,Ahmedabad Southwest Hub,WH-Southwest-AZ,FAS-3001,6,0,25.61
SALE-02038,2026-06-20 20:24:15,CUST-150,Bengaluru Technology Hub,WH-Pacific-WA,FIL-4003,5,0,43.83
SALE-02039,2026-06-02 18:02:18,CUST-114,Mumbai West Hub,WH-West-CA,ELE-2004,1,0,415.41
SALE-02040,2026-01-24 19:37:34,CUST-133,Jaipur Regional Hub,WH-Mountain-CO,FAS-3001,11,0,23.6
SALE-02041,2026-01-17 19:35:02,CUST-144,Bhubaneswar Southeast Hub,WH-Southeast-GA,ELE-2005,3,0,225.9
SALE-02042,2026-05-16 20:55:20,CUST-159,Guwahati Northeast Hub,WH-Northeast-NY,HYD-1004,5,0,168.12
SALE-02043,2025-10-15 20:57:00,CUST-149,Guwahati Northeast Hub,WH-Northeast-NY,FAS-3002,9,0,17.67
SALE-02044,2026-02-25 17:51:20,CUST-130,Lucknow Mid-India Hub,WH-MidAtlantic-VA,HYD-1003,3,0,90.41
SALE-02045,2026-03-29 20:38:56,CUST-158,Kolkata East Hub,WH-East-NC,FIL-4003,8,0,42.9
SALE-02046,2026-02-26 20:51:21,CUST-146,Indore Central-West Hub,WH-Rockies-UT,ELE-2003,1,0,80.13
SALE-02047,2026-07-18 17:58:24,CUST-113,Ahmedabad Southwest Hub,WH-Southwest-AZ,HYD-1004,1,0,185.5
SALE-02048,2025-11-28 19:19:38,CUST-115,Indore Central-West Hub,WH-Rockies-UT,HYD-1005,5,0,132.69
SALE-02049,2026-01-17 18:26:42,CUST-152,Guwahati Northeast Hub,WH-Northeast-NY,HYD-1004,5,0,164.66
SALE-02050,2026-06-17 20:33:13,CUST-135,Mumbai West Hub,WH-West-CA,FIL-4004,4,0,45.28
SALE-02051,2026-02-17 17:55:20,CUST-121,Bengaluru Technology Hub,WH-Pacific-WA,HYD-1003,4,0,80.2
SALE-02052,2025-12-12 17:22:17,CUST-138,Bengaluru Technology Hub,WH-Pacific-WA,HYD-1001,1,0,476.51
SALE-02053,2026-07-09 18:01:08,CUST-144,Ahmedabad Southwest Hub,WH-Southwest-AZ,ELE-2002,7,0,132.18
SALE-02054,2026-03-19 20:47:41,CUST-148,Bhubaneswar Southeast Hub,WH-Southeast-GA,FAS-3005,10,0,30.39
SALE-02055,2026-01-27 19:30:36,CUST-109,Delhi North Hub,WH-North-IL,HYD-1005,6,0,142.61
SALE-02056,2026-06-07 18:45:59,CUST-130,Mumbai West Hub,WH-West-CA,HYD-1001,2,0,456.15
SALE-02057,2025-11-29 20:01:58,CUST-144,Guwahati Northeast Hub,WH-Northeast-NY,FIL-4001,3,0,52.33
SALE-02058,2026-05-15 18:21:56,CUST-119,Delhi North Hub,WH-North-IL,FIL-4005,6,0,65.53
SALE-02059,2026-01-10 18:29:34,CUST-102,Bhubaneswar Southeast Hub,WH-Southeast-GA,FAS-3002,8,0,16.96
SALE-02060,2026-06-16 17:48:02,CUST-157,Delhi North Hub,WH-North-IL,HYD-1003,2,0,81.66
SALE-02061,2025-12-28 17:55:43,CUST-143,Hyderabad Central Hub,WH-Central-TX,HYD-1003,2,0,86.8
SALE-02062,2026-01-27 18:04:04,CUST-136,Ahmedabad Southwest Hub,WH-Southwest-AZ,FAS-3003,6,0,22.84
SALE-02063,2025-09-19 17:17:45,CUST-109,Nagpur Central Hub,WH-GreatLakes-MI,ELE-2004,3,0,392.56
SALE-02064,2025-09-10 17:28:09,CUST-103,Coimbatore South Central Hub,WH-SouthCentral-OK,ELE-2002,1,0,131.79
SALE-02065,2026-02-15 20:21:53,CUST-156,Pune Midwest Hub,WH-Midwest-OH,HYD-1005,1,0,146.63
SALE-02066,2026-05-02 20:00:04,CUST-138,Delhi North Hub,WH-North-IL,HYD-1003,5,0,82.22
SALE-02067,2026-02-11 19:14:17,CUST-145,Jaipur Regional Hub,WH-Mountain-CO,FIL-4002,2,0,30.69
SALE-02068,2026-03-22 18:01:51,CUST-152,Guwahati Northeast Hub,WH-Northeast-NY,FIL-4001,10,0,55.52
SALE-02069,2025-10-03 19:40:05,CUST-120,Mumbai West Hub,WH-West-CA,HYD-1002,4,3,329.16
SALE-02070,2025-10-16 18:19:27,CUST-107,Ahmedabad Southwest Hub,WH-Southwest-AZ,ELE-2002,5,0,118.97
SALE-02071,2026-05-14 17:15:05,CUST-143,Ahmedabad Southwest Hub,WH-Southwest-AZ,FAS-3001,9,0,24.32
SALE-02072,2026-07-18 20:43:59,CUST-150,Chennai South Hub,WH-South-FL,HYD-1004,2,2,178.63
SALE-02073,2026-04-07 19:45:38,CUST-150,Ahmedabad Southwest Hub,WH-Southwest-AZ,FAS-3001,4,0,24.78
SALE-02074,2025-10-29 18:58:15,CUST-142,Kolkata East Hub,WH-East-NC,FIL-4003,7,0,39.51
SALE-02075,2026-06-18 19:26:10,CUST-119,Bhubaneswar Southeast Hub,WH-Southeast-GA,FAS-3002,8,0,18.85
SALE-02076,2026-03-18 17:42:38,CUST-148,Mumbai West Hub,WH-West-CA,FAS-3001,10,0,24.82
SALE-02077,2026-06-08 18:45:48,CUST-112,Lucknow Mid-India Hub,WH-MidAtlantic-VA,FAS-3002,10,0,17.33
SALE-02078,2025-09-19 19:26:01,CUST-122,Indore Central-West Hub,WH-Rockies-UT,ELE-2002,2,0,122.17
SALE-02079,2026-06-12 20:04:26,CUST-120,Nagpur Central Hub,WH-GreatLakes-MI,ELE-2001,4,0,657.91
SALE-02080,2025-12-09 20:36:30,CUST-115,Lucknow Mid-India Hub,WH-MidAtlantic-VA,ELE-2001,4,0,643.45
SALE-02081,2026-02-27 17:36:34,CUST-158,Pune Midwest Hub,WH-Midwest-OH,HYD-1002,3,0,338.11
SALE-02082,2025-09-24 18:30:06,CUST-110,Bengaluru Technology Hub,WH-Pacific-WA,ELE-2005,1,0,204.58
SALE-02083,2025-11-19 17:25:48,CUST-154,Pune Midwest Hub,WH-Midwest-OH,HYD-1005,2,0,140.22
SALE-02084,2025-11-29 17:08:37,CUST-118,Chennai South Hub,WH-South-FL,ELE-2004,1,0,404.87
SALE-02085,2025-12-31 20:04:25,CUST-138,Chennai South Hub,WH-South-FL,ELE-2005,1,0,203.95
SALE-02086,2025-09-15 19:50:01,CUST-116,Nagpur Central Hub,WH-GreatLakes-MI,HYD-1004,2,0,187.02
SALE-02087,2026-05-10 17:44:33,CUST-122,Lucknow Mid-India Hub,WH-MidAtlantic-VA,HYD-1005,4,0,136.73
SALE-02088,2026-04-07 19:51:05,CUST-121,Ahmedabad Southwest Hub,WH-Southwest-AZ,HYD-1001,2,0,462.85
SALE-02089,2025-12-10 17:01:15,CUST-111,Chennai South Hub,WH-South-FL,ELE-2003,2,0,76.47
SALE-02090,2026-02-18 17:26:58,CUST-157,Nagpur Central Hub,WH-GreatLakes-MI,FAS-3005,7,0,28.74
SALE-02091,2025-12-23 20:11:53,CUST-111,Jaipur Regional Hub,WH-Mountain-CO,ELE-2005,6,0,197.85
SALE-02092,2025-10-17 19:01:21,CUST-135,Mumbai West Hub,WH-West-CA,FIL-4005,5,0,65.22
SALE-02093,2025-09-16 17:58:20,CUST-110,Nagpur Central Hub,WH-GreatLakes-MI,ELE-2003,3,0,80.54
SALE-02094,2025-09-16 17:34:17,CUST-122,Ahmedabad Southwest Hub,WH-Southwest-AZ,FAS-3005,5,0,31.89
SALE-02095,2026-05-06 17:02:59,CUST-120,Pune Midwest Hub,WH-Midwest-OH,HYD-1005,1,0,150.63
SALE-02096,2026-03-22 20:26:07,CUST-111,Mumbai West Hub,WH-West-CA,FAS-3003,8,0,21.6
SALE-02097,2026-04-22 19:48:25,CUST-122,Mumbai West Hub,WH-West-CA,ELE-2002,4,0,133.3
SALE-02098,2026-01-02 19:34:50,CUST-118,Bhubaneswar Southeast Hub,WH-Southeast-GA,FAS-3002,8,0,18.25
SALE-02099,2026-05-05 17:23:15,CUST-129,Bhubaneswar Southeast Hub,WH-Southeast-GA,FIL-4001,6,0,52.51
SALE-02100,2026-02-18 20:26:19,CUST-123,Delhi North Hub,WH-North-IL,FAS-3001,7,0,25.55
SALE-02101,2025-11-17 19:32:14,CUST-142,Nagpur Central Hub,WH-GreatLakes-MI,FIL-4005,2,0,66.22
SALE-02102,2026-04-08 17:40:55,CUST-136,Chennai South Hub,WH-South-FL,HYD-1005,2,0,138.91
SALE-02103,2025-10-19 18:02:53,CUST-159,Pune Midwest Hub,WH-Midwest-OH,ELE-2005,2,0,202.41
SALE-02104,2026-04-05 19:51:28,CUST-117,Lucknow Mid-India Hub,WH-MidAtlantic-VA,ELE-2004,1,0,391.34
SALE-02105,2025-10-25 17:12:23,CUST-117,Pune Midwest Hub,WH-Midwest-OH,HYD-1004,3,0,171.4
SALE-02106,2026-03-19 17:36:11,CUST-101,Chennai South Hub,WH-South-FL,FIL-4001,11,0,55.44
SALE-02107,2026-04-15 20:18:29,CUST-141,Indore Central-West Hub,WH-Rockies-UT,FIL-4001,6,0,56.02
SALE-02108,2026-05-25 18:07:28,CUST-111,Nagpur Central Hub,WH-GreatLakes-MI,ELE-2004,4,0,371.51
SALE-02109,2025-12-22 19:43:08,CUST-137,Guwahati Northeast Hub,WH-Northeast-NY,FIL-4002,6,4,30.2
SALE-02110,2026-03-05 17:58:03,CUST-129,Kolkata East Hub,WH-East-NC,FIL-4004,2,0,45.67
SALE-02111,2025-11-07 18:42:26,CUST-145,Chennai South Hub,WH-South-FL,HYD-1005,1,0,142.97
SALE-02112,2026-06-08 17:20:32,CUST-148,Jaipur Regional Hub,WH-Mountain-CO,HYD-1001,6,0,441.19
SALE-02113,2026-03-24 20:28:49,CUST-129,Jaipur Regional Hub,WH-Mountain-CO,HYD-1001,2,0,454.08
SALE-02114,2025-12-11 19:18:49,CUST-113,Bengaluru Technology Hub,WH-Pacific-WA,FIL-4001,4,0,54.26
SALE-02115,2026-02-24 18:54:05,CUST-104,Delhi North Hub,WH-North-IL,HYD-1005,3,0,149.05
SALE-02116,2026-05-29 20:49:47,CUST-112,Pune Midwest Hub,WH-Midwest-OH,FIL-4001,9,0,55.21
SALE-02117,2025-12-04 20:48:02,CUST-130,Kolkata East Hub,WH-East-NC,HYD-1003,3,0,88.7
SALE-02118,2025-10-07 19:31:16,CUST-113,Hyderabad Central Hub,WH-Central-TX,FIL-4004,2,0,48.46
SALE-02119,2026-06-06 17:31:38,CUST-135,Nagpur Central Hub,WH-GreatLakes-MI,ELE-2001,3,0,697.97
SALE-02120,2026-07-06 19:45:06,CUST-116,Pune Midwest Hub,WH-Midwest-OH,FAS-3002,11,0,19.1
SALE-02121,2026-04-07 18:26:38,CUST-156,Delhi North Hub,WH-North-IL,ELE-2001,2,0,671.72
SALE-02122,2026-02-06 17:42:00,CUST-113,Bhubaneswar Southeast Hub,WH-Southeast-GA,FAS-3005,10,0,31.88
SALE-02123,2025-09-06 17:03:09,CUST-111,Coimbatore South Central Hub,WH-SouthCentral-OK,HYD-1003,2,0,90.47
SALE-02124,2025-10-11 19:03:23,CUST-102,Mumbai West Hub,WH-West-CA,ELE-2005,1,0,213.62
SALE-02125,2025-12-13 18:19:00,CUST-103,Mumbai West Hub,WH-West-CA,HYD-1003,4,0,79.98
SALE-02126,2026-03-06 18:18:03,CUST-111,Indore Central-West Hub,WH-Rockies-UT,ELE-2002,1,0,122.91
SALE-02127,2026-03-21 18:15:54,CUST-122,Lucknow Mid-India Hub,WH-MidAtlantic-VA,FAS-3002,1,0,18.03
SALE-02128,2026-04-27 18:49:11,CUST-128,Pune Midwest Hub,WH-Midwest-OH,FIL-4005,7,0,61.56
SALE-02129,2025-12-11 20:48:31,CUST-140,Mumbai West Hub,WH-West-CA,FIL-4004,3,0,50.24
SALE-02130,2026-04-04 19:10:15,CUST-115,Nagpur Central Hub,WH-GreatLakes-MI,FAS-3004,9,0,34.42
SALE-02131,2026-05-25 19:56:39,CUST-122,Mumbai West Hub,WH-West-CA,ELE-2003,1,0,77.54
SALE-02132,2026-03-26 17:22:52,CUST-117,Ahmedabad Southwest Hub,WH-Southwest-AZ,ELE-2001,2,0,667.06
SALE-02133,2025-11-20 20:09:56,CUST-131,Bhubaneswar Southeast Hub,WH-Southeast-GA,HYD-1005,7,0,136.49
SALE-02134,2026-02-22 18:23:45,CUST-139,Lucknow Mid-India Hub,WH-MidAtlantic-VA,HYD-1003,2,0,90.02
SALE-02135,2026-07-05 20:51:44,CUST-151,Bengaluru Technology Hub,WH-Pacific-WA,HYD-1004,1,0,177.49
SALE-02136,2025-11-20 17:03:27,CUST-153,Ahmedabad Southwest Hub,WH-Southwest-AZ,ELE-2003,5,0,78.24
SALE-02137,2026-01-08 17:44:03,CUST-150,Bengaluru Technology Hub,WH-Pacific-WA,ELE-2005,2,2,217.9
SALE-02138,2026-03-28 19:07:12,CUST-129,Chennai South Hub,WH-South-FL,FIL-4004,4,0,46.75
SALE-02139,2026-03-12 18:02:03,CUST-118,Bhubaneswar Southeast Hub,WH-Southeast-GA,FAS-3002,8,3,17.78
SALE-02140,2026-01-23 18:42:34,CUST-145,Indore Central-West Hub,WH-Rockies-UT,ELE-2004,3,0,387.5
SALE-02141,2026-01-16 19:46:59,CUST-145,Coimbatore South Central Hub,WH-SouthCentral-OK,FAS-3004,7,0,37.12
SALE-02142,2026-06-26 20:07:07,CUST-159,Delhi North Hub,WH-North-IL,FIL-4005,5,0,59.1
SALE-02143,2026-03-30 18:54:55,CUST-152,Jaipur Regional Hub,WH-Mountain-CO,FAS-3001,10,0,25.81
SALE-02144,2025-09-11 19:23:25,CUST-140,Chennai South Hub,WH-South-FL,FAS-3005,7,0,30.87
SALE-02145,2025-09-17 17:17:11,CUST-159,Kolkata East Hub,WH-East-NC,HYD-1001,4,0,457.02
SALE-02146,2025-11-04 20:44:31,CUST-152,Hyderabad Central Hub,WH-Central-TX,ELE-2001,1,0,723.83
SALE-02147,2026-04-20 18:29:50,CUST-157,Hyderabad Central Hub,WH-Central-TX,HYD-1004,3,0,183.62
SALE-02148,2026-06-04 18:38:47,CUST-160,Chennai South Hub,WH-South-FL,FIL-4002,7,0,31.94
SALE-02149,2025-12-19 20:07:59,CUST-157,Guwahati Northeast Hub,WH-Northeast-NY,ELE-2001,1,0,653.17
SALE-02150,2025-10-18 17:34:45,CUST-136,Delhi North Hub,WH-North-IL,HYD-1004,2,0,181.56
SALE-02151,2026-01-30 17:34:18,CUST-109,Lucknow Mid-India Hub,WH-MidAtlantic-VA,ELE-2002,5,0,134.59
SALE-02152,2026-05-31 18:06:37,CUST-121,Jaipur Regional Hub,WH-Mountain-CO,HYD-1001,4,0,453.29
SALE-02153,2025-12-16 19:15:25,CUST-114,Guwahati Northeast Hub,WH-Northeast-NY,HYD-1002,8,0,311.13
SALE-02154,2026-06-13 19:32:27,CUST-151,Lucknow Mid-India Hub,WH-MidAtlantic-VA,ELE-2004,6,0,391.95
SALE-02155,2026-04-26 20:32:20,CUST-155,Chennai South Hub,WH-South-FL,HYD-1004,8,0,186.74
SALE-02156,2025-12-17 19:01:58,CUST-140,Ahmedabad Southwest Hub,WH-Southwest-AZ,ELE-2004,2,0,382.29
SALE-02157,2026-02-16 17:40:12,CUST-157,Coimbatore South Central Hub,WH-SouthCentral-OK,FAS-3003,15,0,23.15
SALE-02158,2026-04-01 19:36:02,CUST-151,Delhi North Hub,WH-North-IL,ELE-2001,1,0,732.16
SALE-02159,2026-06-16 18:03:25,CUST-150,Bhubaneswar Southeast Hub,WH-Southeast-GA,FAS-3004,11,0,34.68
SALE-02160,2026-03-17 18:03:16,CUST-122,Kolkata East Hub,WH-East-NC,HYD-1005,4,0,139.91
SALE-02161,2026-05-25 19:06:32,CUST-130,Mumbai West Hub,WH-West-CA,FAS-3003,3,0,21.38
SALE-02162,2025-11-08 19:53:12,CUST-119,Bengaluru Technology Hub,WH-Pacific-WA,ELE-2003,2,0,74.22
SALE-02163,2026-02-12 17:55:17,CUST-140,Lucknow Mid-India Hub,WH-MidAtlantic-VA,FIL-4003,7,0,42.01
SALE-02164,2025-12-01 18:22:27,CUST-106,Chennai South Hub,WH-South-FL,ELE-2005,3,0,200.97
SALE-02165,2026-04-05 19:18:53,CUST-123,Mumbai West Hub,WH-West-CA,FAS-3003,17,0,21.03
SALE-02166,2026-04-21 17:46:08,CUST-140,Bengaluru Technology Hub,WH-Pacific-WA,HYD-1005,4,0,133.2
SALE-02167,2026-06-02 20:37:38,CUST-147,Ahmedabad Southwest Hub,WH-Southwest-AZ,FAS-3003,7,0,23.5
SALE-02168,2026-01-29 17:34:45,CUST-103,Delhi North Hub,WH-North-IL,HYD-1004,5,0,167.23
SALE-02169,2025-11-16 19:09:45,CUST-135,Indore Central-West Hub,WH-Rockies-UT,FIL-4005,6,4,59.88
SALE-02170,2026-01-03 20:32:28,CUST-114,Delhi North Hub,WH-North-IL,HYD-1003,5,0,90.55
SALE-02171,2026-05-26 17:44:53,CUST-103,Lucknow Mid-India Hub,WH-MidAtlantic-VA,ELE-2001,3,0,668.16
SALE-02172,2026-02-14 20:35:42,CUST-109,Bhubaneswar Southeast Hub,WH-Southeast-GA,ELE-2002,2,0,132.07
SALE-02173,2026-05-11 20:58:46,CUST-157,Hyderabad Central Hub,WH-Central-TX,ELE-2005,2,0,210.41
SALE-02174,2026-01-03 20:06:46,CUST-123,Jaipur Regional Hub,WH-Mountain-CO,FIL-4003,5,0,41.53
SALE-02175,2025-10-12 18:07:20,CUST-154,Bhubaneswar Southeast Hub,WH-Southeast-GA,HYD-1004,5,1,187.89
SALE-02176,2026-04-08 20:49:52,CUST-159,Ahmedabad Southwest Hub,WH-Southwest-AZ,HYD-1004,4,0,183.76
SALE-02177,2025-11-21 18:17:08,CUST-150,Indore Central-West Hub,WH-Rockies-UT,ELE-2005,2,0,198.47
SALE-02178,2025-11-16 18:31:12,CUST-116,Mumbai West Hub,WH-West-CA,FIL-4001,5,0,54.94
SALE-02179,2026-02-20 18:51:00,CUST-145,Lucknow Mid-India Hub,WH-MidAtlantic-VA,FIL-4004,4,0,48.24
SALE-02180,2025-12-10 20:59:33,CUST-141,Hyderabad Central Hub,WH-Central-TX,ELE-2002,2,0,123.0
SALE-02181,2026-02-08 17:23:29,CUST-159,Mumbai West Hub,WH-West-CA,ELE-2004,2,0,377.29
SALE-02182,2026-07-10 20:10:37,CUST-145,Chennai South Hub,WH-South-FL,ELE-2005,4,0,211.92
SALE-02183,2025-10-20 19:10:58,CUST-157,Mumbai West Hub,WH-West-CA,HYD-1005,3,0,142.63
SALE-02184,2026-01-19 19:18:29,CUST-117,Hyderabad Central Hub,WH-Central-TX,FAS-3001,10,0,25.97
SALE-02185,2025-10-06 17:43:06,CUST-140,Ahmedabad Southwest Hub,WH-Southwest-AZ,FAS-3003,8,0,23.03
SALE-02186,2025-11-27 18:26:16,CUST-157,Kolkata East Hub,WH-East-NC,HYD-1002,8,0,329.3
SALE-02187,2026-04-05 20:48:14,CUST-153,Mumbai West Hub,WH-West-CA,ELE-2002,1,0,125.97
SALE-02188,2025-09-08 17:53:37,CUST-127,Bhubaneswar Southeast Hub,WH-Southeast-GA,HYD-1004,2,2,168.1
SALE-02189,2026-03-28 20:38:46,CUST-159,Kolkata East Hub,WH-East-NC,FIL-4003,3,0,45.26
SALE-02190,2025-10-18 19:18:56,CUST-134,Bhubaneswar Southeast Hub,WH-Southeast-GA,HYD-1002,5,0,330.21
SALE-02191,2025-11-28 20:42:42,CUST-159,Lucknow Mid-India Hub,WH-MidAtlantic-VA,FAS-3002,9,0,18.33
SALE-02192,2026-06-16 19:41:19,CUST-131,Ahmedabad Southwest Hub,WH-Southwest-AZ,FAS-3001,11,0,24.66
SALE-02193,2025-11-26 18:43:54,CUST-127,Chennai South Hub,WH-South-FL,FAS-3002,11,0,19.38
SALE-02194,2026-03-15 17:14:24,CUST-125,Chennai South Hub,WH-South-FL,FAS-3004,8,0,35.13
SALE-02195,2026-01-31 19:28:36,CUST-120,Indore Central-West Hub,WH-Rockies-UT,ELE-2002,2,0,129.76
SALE-02196,2026-02-16 19:09:04,CUST-150,Kolkata East Hub,WH-East-NC,FAS-3004,3,0,37.74
SALE-02197,2025-10-31 17:46:37,CUST-108,Guwahati Northeast Hub,WH-Northeast-NY,FIL-4005,5,0,64.01
SALE-02198,2025-09-07 17:31:20,CUST-160,Ahmedabad Southwest Hub,WH-Southwest-AZ,FAS-3002,10,0,18.02
SALE-02199,2026-03-22 17:12:34,CUST-112,Hyderabad Central Hub,WH-Central-TX,FIL-4003,3,0,39.64
SALE-02200,2026-06-04 18:16:12,CUST-136,Pune Midwest Hub,WH-Midwest-OH,HYD-1005,4,0,139.0
SALE-02201,2026-06-03 19:26:32,CUST-128,Indore Central-West Hub,WH-Rockies-UT,HYD-1003,6,0,88.66
SALE-02202,2026-05-31 18:29:55,CUST-137,Coimbatore South Central Hub,WH-SouthCentral-OK,FAS-3001,8,0,23.78
SALE-02203,2025-12-11 17:49:11,CUST-111,Guwahati Northeast Hub,WH-Northeast-NY,HYD-1003,4,0,81.26
SALE-02204,2026-01-12 17:37:32,CUST-103,Guwahati Northeast Hub,WH-Northeast-NY,ELE-2001,5,0,655.34
SALE-02205,2026-06-25 18:37:59,CUST-155,Chennai South Hub,WH-South-FL,FIL-4005,6,0,64.97
SALE-02206,2025-11-20 17:01:48,CUST-147,Delhi North Hub,WH-North-IL,HYD-1002,4,0,337.32
SALE-02207,2026-05-14 20:49:33,CUST-114,Bengaluru Technology Hub,WH-Pacific-WA,FAS-3005,8,0,28.63
SALE-02208,2025-09-14 19:15:26,CUST-138,Coimbatore South Central Hub,WH-SouthCentral-OK,FIL-4001,6,0,54.46
SALE-02209,2026-01-19 19:28:23,CUST-115,Ahmedabad Southwest Hub,WH-Southwest-AZ,ELE-2004,3,0,415.09
SALE-02210,2025-09-25 20:17:34,CUST-136,Jaipur Regional Hub,WH-Mountain-CO,ELE-2001,5,0,725.44
SALE-02211,2026-01-24 17:20:03,CUST-104,Nagpur Central Hub,WH-GreatLakes-MI,FAS-3004,13,0,36.85
SALE-02212,2025-12-15 20:12:34,CUST-149,Kolkata East Hub,WH-East-NC,HYD-1003,3,0,90.9
SALE-02213,2025-09-22 17:51:53,CUST-131,Kolkata East Hub,WH-East-NC,ELE-2002,1,0,121.47
SALE-02214,2026-06-20 19:11:19,CUST-141,Bengaluru Technology Hub,WH-Pacific-WA,HYD-1002,4,0,336.66
SALE-02215,2026-02-10 19:34:55,CUST-131,Jaipur Regional Hub,WH-Mountain-CO,FAS-3004,9,0,34.87
SALE-02216,2026-04-25 18:03:35,CUST-145,Pune Midwest Hub,WH-Midwest-OH,HYD-1003,3,0,80.68
SALE-02217,2026-06-19 19:21:45,CUST-108,Bhubaneswar Southeast Hub,WH-Southeast-GA,HYD-1002,4,0,319.07
SALE-02218,2026-04-01 17:51:41,CUST-156,Delhi North Hub,WH-North-IL,HYD-1004,3,0,167.02
SALE-02219,2026-04-01 17:02:17,CUST-136,Bengaluru Technology Hub,WH-Pacific-WA,FAS-3002,8,0,18.35
SALE-02220,2026-06-08 17:11:29,CUST-102,Guwahati Northeast Hub,WH-Northeast-NY,ELE-2001,1,0,721.8
SALE-02221,2026-05-30 20:12:47,CUST-112,Indore Central-West Hub,WH-Rockies-UT,ELE-2003,4,0,72.51
SALE-02222,2025-12-09 18:40:48,CUST-134,Bhubaneswar Southeast Hub,WH-Southeast-GA,ELE-2001,1,0,729.42
SALE-02223,2025-09-30 17:46:27,CUST-125,Delhi North Hub,WH-North-IL,FAS-3002,7,0,17.45
SALE-02224,2026-02-17 17:06:33,CUST-159,Indore Central-West Hub,WH-Rockies-UT,FIL-4002,3,0,32.48
SALE-02225,2025-10-23 20:07:35,CUST-160,Mumbai West Hub,WH-West-CA,ELE-2004,1,0,392.27
SALE-02226,2026-06-12 18:02:21,CUST-137,Bhubaneswar Southeast Hub,WH-Southeast-GA,ELE-2005,3,0,224.96
SALE-02227,2025-09-27 17:14:30,CUST-137,Coimbatore South Central Hub,WH-SouthCentral-OK,HYD-1005,4,0,144.42
SALE-02228,2026-05-10 17:29:22,CUST-150,Bhubaneswar Southeast Hub,WH-Southeast-GA,FIL-4003,6,0,41.56
SALE-02229,2026-02-19 18:06:33,CUST-140,Ahmedabad Southwest Hub,WH-Southwest-AZ,FAS-3002,10,0,19.07
SALE-02230,2025-10-04 20:09:21,CUST-147,Coimbatore South Central Hub,WH-SouthCentral-OK,HYD-1001,6,0,428.59
SALE-02231,2026-06-13 17:53:03,CUST-149,Delhi North Hub,WH-North-IL,FAS-3005,11,0,31.24
SALE-02232,2025-12-03 19:50:16,CUST-111,Kolkata East Hub,WH-East-NC,HYD-1001,6,0,462.28
SALE-02233,2025-10-26 17:31:37,CUST-102,Bengaluru Technology Hub,WH-Pacific-WA,FAS-3001,5,0,26.73
SALE-02234,2026-04-26 17:30:18,CUST-116,Bengaluru Technology Hub,WH-Pacific-WA,FAS-3005,8,0,30.0
SALE-02235,2026-06-27 20:15:21,CUST-151,Mumbai West Hub,WH-West-CA,ELE-2001,1,0,691.45
SALE-02236,2025-10-03 20:38:31,CUST-145,Pune Midwest Hub,WH-Midwest-OH,FIL-4003,9,0,42.23
SALE-02237,2025-11-11 20:39:17,CUST-109,Lucknow Mid-India Hub,WH-MidAtlantic-VA,HYD-1005,8,0,138.12
SALE-02238,2026-05-14 17:03:21,CUST-143,Delhi North Hub,WH-North-IL,HYD-1004,3,0,173.7
SALE-02239,2026-06-28 18:20:59,CUST-123,Nagpur Central Hub,WH-GreatLakes-MI,HYD-1002,5,0,309.85
SALE-02240,2025-10-01 19:59:59,CUST-127,Mumbai West Hub,WH-West-CA,HYD-1001,3,0,435.6
SALE-02241,2026-05-12 18:48:28,CUST-139,Indore Central-West Hub,WH-Rockies-UT,ELE-2004,1,0,406.41
SALE-02242,2025-11-13 19:40:10,CUST-159,Bhubaneswar Southeast Hub,WH-Southeast-GA,FAS-3005,7,0,28.58
SALE-02243,2025-12-07 18:21:08,CUST-156,Coimbatore South Central Hub,WH-SouthCentral-OK,HYD-1005,4,2,147.23
SALE-02244,2026-03-29 17:20:29,CUST-157,Mumbai West Hub,WH-West-CA,ELE-2001,1,0,699.32
SALE-02245,2026-02-11 17:11:08,CUST-154,Bengaluru Technology Hub,WH-Pacific-WA,FAS-3001,7,0,25.28
SALE-02246,2026-02-10 19:29:25,CUST-155,Coimbatore South Central Hub,WH-SouthCentral-OK,FAS-3003,4,0,22.6
SALE-02247,2026-01-03 17:50:34,CUST-160,Coimbatore South Central Hub,WH-SouthCentral-OK,HYD-1001,5,0,442.79
SALE-02248,2026-07-26 19:59:40,CUST-127,Kolkata East Hub,WH-East-NC,FIL-4005,11,0,58.98
SALE-02249,2025-12-18 17:01:49,CUST-150,Lucknow Mid-India Hub,WH-MidAtlantic-VA,FIL-4004,3,0,48.9
SALE-02250,2026-04-27 19:57:00,CUST-125,Bhubaneswar Southeast Hub,WH-Southeast-GA,FIL-4002,6,0,32.02
SALE-02251,2026-06-19 18:17:21,CUST-120,Bhubaneswar Southeast Hub,WH-Southeast-GA,ELE-2001,3,0,670.98
SALE-02252,2026-06-17 17:40:46,CUST-111,Chennai South Hub,WH-South-FL,FIL-4004,8,8,49.49
SALE-02253,2025-12-27 17:57:26,CUST-108,Mumbai West Hub,WH-West-CA,ELE-2005,2,0,213.44
SALE-02254,2026-07-08 17:22:28,CUST-131,Chennai South Hub,WH-South-FL,FIL-4002,4,0,34.56
SALE-02255,2025-11-12 20:50:04,CUST-141,Mumbai West Hub,WH-West-CA,FIL-4002,11,0,30.7
SALE-02256,2026-05-28 19:43:22,CUST-156,Nagpur Central Hub,WH-GreatLakes-MI,FAS-3004,10,0,37.01
SALE-02257,2025-12-08 17:25:36,CUST-108,Coimbatore South Central Hub,WH-SouthCentral-OK,ELE-2004,3,0,392.52
SALE-02258,2026-07-14 20:15:03,CUST-115,Indore Central-West Hub,WH-Rockies-UT,HYD-1004,3,0,180.36
SALE-02259,2026-03-19 19:28:40,CUST-154,Bengaluru Technology Hub,WH-Pacific-WA,FIL-4003,5,0,44.86
SALE-02260,2026-06-10 20:41:59,CUST-126,Lucknow Mid-India Hub,WH-MidAtlantic-VA,FAS-3005,9,0,29.13
SALE-02261,2025-09-16 20:27:23,CUST-146,Jaipur Regional Hub,WH-Mountain-CO,ELE-2004,3,0,413.27
SALE-02262,2026-03-22 18:42:18,CUST-129,Guwahati Northeast Hub,WH-Northeast-NY,FIL-4005,6,0,59.46
SALE-02263,2026-05-01 17:46:42,CUST-142,Lucknow Mid-India Hub,WH-MidAtlantic-VA,FAS-3003,12,0,23.74
SALE-02264,2025-09-30 18:10:49,CUST-118,Guwahati Northeast Hub,WH-Northeast-NY,HYD-1004,5,0,173.62
SALE-02265,2026-03-16 19:41:08,CUST-138,Jaipur Regional Hub,WH-Mountain-CO,HYD-1001,1,0,483.78
SALE-02266,2026-06-28 18:05:40,CUST-104,Kolkata East Hub,WH-East-NC,FIL-4001,8,0,55.64
SALE-02267,2026-02-23 18:53:26,CUST-108,Guwahati Northeast Hub,WH-Northeast-NY,FAS-3005,10,0,31.38
SALE-02268,2025-09-28 17:18:38,CUST-149,Delhi North Hub,WH-North-IL,FAS-3001,9,0,26.06
SALE-02269,2026-05-02 17:05:24,CUST-157,Hyderabad Central Hub,WH-Central-TX,FAS-3002,11,0,18.52
SALE-02270,2025-09-29 18:49:40,CUST-141,Hyderabad Central Hub,WH-Central-TX,ELE-2004,1,0,406.24
SALE-02271,2026-05-15 20:13:25,CUST-137,Mumbai West Hub,WH-West-CA,FIL-4002,3,0,33.74
SALE-02272,2026-02-01 20:25:35,CUST-138,Kolkata East Hub,WH-East-NC,HYD-1004,2,0,181.58
SALE-02273,2026-03-15 20:10:19,CUST-116,Lucknow Mid-India Hub,WH-MidAtlantic-VA,HYD-1004,4,0,180.13
SALE-02274,2026-06-15 18:54:48,CUST-106,Chennai South Hub,WH-South-FL,FIL-4004,8,0,45.41
SALE-02275,2025-10-08 17:33:35,CUST-105,Delhi North Hub,WH-North-IL,FAS-3004,3,0,33.55
SALE-02276,2026-06-17 19:32:11,CUST-128,Lucknow Mid-India Hub,WH-MidAtlantic-VA,HYD-1004,2,0,173.2
SALE-02277,2025-12-22 19:34:14,CUST-139,Indore Central-West Hub,WH-Rockies-UT,FIL-4001,7,5,54.58
SALE-02278,2025-11-20 17:50:03,CUST-158,Delhi North Hub,WH-North-IL,ELE-2003,2,0,75.88
SALE-02279,2025-09-04 19:37:35,CUST-146,Coimbatore South Central Hub,WH-SouthCentral-OK,FAS-3005,14,0,28.44
SALE-02280,2025-12-16 17:45:11,CUST-106,Chennai South Hub,WH-South-FL,ELE-2002,5,0,121.64
SALE-02281,2025-12-30 17:57:30,CUST-105,Guwahati Northeast Hub,WH-Northeast-NY,FIL-4002,3,0,32.69
SALE-02282,2026-06-07 18:52:45,CUST-103,Hyderabad Central Hub,WH-Central-TX,HYD-1005,5,0,134.28
SALE-02283,2026-04-12 18:10:10,CUST-145,Lucknow Mid-India Hub,WH-MidAtlantic-VA,FAS-3003,6,0,23.35
SALE-02284,2026-01-18 19:19:25,CUST-120,Kolkata East Hub,WH-East-NC,ELE-2003,1,0,75.14
SALE-02285,2025-12-07 19:03:04,CUST-138,Bengaluru Technology Hub,WH-Pacific-WA,FIL-4005,7,0,60.4
SALE-02286,2025-12-04 17:17:55,CUST-113,Chennai South Hub,WH-South-FL,ELE-2002,3,0,117.69
SALE-02287,2026-01-07 20:45:31,CUST-135,Mumbai West Hub,WH-West-CA,FIL-4002,8,4,30.75
SALE-02288,2026-04-23 19:20:59,CUST-101,Jaipur Regional Hub,WH-Mountain-CO,ELE-2001,2,0,734.14
SALE-02289,2026-02-06 18:45:25,CUST-102,Lucknow Mid-India Hub,WH-MidAtlantic-VA,FAS-3005,7,0,31.63
SALE-02290,2026-02-15 19:12:34,CUST-153,Coimbatore South Central Hub,WH-SouthCentral-OK,HYD-1003,5,0,88.14
SALE-02291,2026-04-01 20:34:53,CUST-134,Hyderabad Central Hub,WH-Central-TX,FAS-3003,14,0,20.87
SALE-02292,2026-04-27 19:07:06,CUST-150,Chennai South Hub,WH-South-FL,FIL-4003,2,0,41.64
SALE-02293,2026-05-14 20:19:38,CUST-120,Guwahati Northeast Hub,WH-Northeast-NY,FIL-4001,5,5,53.8
SALE-02294,2025-09-28 18:32:11,CUST-143,Lucknow Mid-India Hub,WH-MidAtlantic-VA,HYD-1004,1,0,182.13
SALE-02295,2025-12-12 20:01:41,CUST-137,Hyderabad Central Hub,WH-Central-TX,HYD-1003,5,0,88.14
SALE-02296,2026-02-16 17:43:15,CUST-137,Kolkata East Hub,WH-East-NC,FIL-4004,4,0,46.67
SALE-02297,2026-07-18 20:34:34,CUST-104,Mumbai West Hub,WH-West-CA,HYD-1001,2,0,455.66
SALE-02298,2025-09-03 18:49:56,CUST-106,Delhi North Hub,WH-North-IL,ELE-2001,1,0,722.14
SALE-02299,2025-12-26 19:10:29,CUST-125,Delhi North Hub,WH-North-IL,HYD-1004,5,0,167.4
SALE-02300,2026-01-20 18:40:44,CUST-105,Coimbatore South Central Hub,WH-SouthCentral-OK,FIL-4004,10,0,49.85
SALE-02301,2026-03-06 20:21:28,CUST-106,Ahmedabad Southwest Hub,WH-Southwest-AZ,FIL-4002,6,0,32.6
SALE-02302,2026-04-20 19:47:11,CUST-159,Nagpur Central Hub,WH-GreatLakes-MI,HYD-1004,3,0,175.24
SALE-02303,2026-02-07 18:02:15,CUST-135,Coimbatore South Central Hub,WH-SouthCentral-OK,FIL-4001,4,0,52.05
SALE-02304,2026-06-28 17:36:59,CUST-140,Delhi North Hub,WH-North-IL,ELE-2001,2,0,669.06
SALE-02305,2026-07-11 17:46:56,CUST-140,Coimbatore South Central Hub,WH-SouthCentral-OK,HYD-1005,1,0,136.7
SALE-02306,2025-12-22 19:35:04,CUST-143,Pune Midwest Hub,WH-Midwest-OH,FIL-4004,6,0,50.76
SALE-02307,2026-06-02 18:36:37,CUST-136,Ahmedabad Southwest Hub,WH-Southwest-AZ,HYD-1004,5,0,167.98
SALE-02308,2026-02-23 17:45:25,CUST-109,Kolkata East Hub,WH-East-NC,ELE-2004,4,0,381.5
SALE-02309,2025-11-28 20:45:55,CUST-133,Pune Midwest Hub,WH-Midwest-OH,HYD-1004,7,0,183.74
SALE-02310,2026-03-18 20:02:37,CUST-127,Hyderabad Central Hub,WH-Central-TX,FIL-4001,7,0,53.63
SALE-02311,2026-04-02 17:52:35,CUST-129,Bengaluru Technology Hub,WH-Pacific-WA,FIL-4004,5,0,45.63
SALE-02312,2026-06-23 17:30:56,CUST-128,Kolkata East Hub,WH-East-NC,FIL-4005,7,0,60.67
SALE-02313,2025-09-13 19:08:09,CUST-113,Chennai South Hub,WH-South-FL,FAS-3001,11,0,25.13
SALE-02314,2025-12-28 18:19:58,CUST-103,Bhubaneswar Southeast Hub,WH-Southeast-GA,HYD-1002,5,0,313.8
SALE-02315,2025-09-25 17:31:00,CUST-105,Jaipur Regional Hub,WH-Mountain-CO,FIL-4005,5,0,65.8
SALE-02316,2026-07-26 18:16:22,CUST-141,Delhi North Hub,WH-North-IL,FAS-3005,5,0,28.96
SALE-02317,2026-07-21 20:22:43,CUST-147,Delhi North Hub,WH-North-IL,FIL-4001,5,0,58.98
SALE-02318,2025-12-15 17:06:57,CUST-135,Kolkata East Hub,WH-East-NC,FIL-4002,5,0,32.72
SALE-02319,2026-06-09 20:16:06,CUST-110,Delhi North Hub,WH-North-IL,ELE-2003,1,0,80.67
SALE-02320,2025-11-01 19:52:28,CUST-105,Bengaluru Technology Hub,WH-Pacific-WA,FIL-4001,7,0,59.37
SALE-02321,2026-07-25 18:30:02,CUST-111,Indore Central-West Hub,WH-Rockies-UT,FIL-4005,3,0,66.81
SALE-02322,2025-09-11 20:10:51,CUST-130,Bhubaneswar Southeast Hub,WH-Southeast-GA,ELE-2005,3,0,207.57
SALE-02323,2025-09-17 18:18:22,CUST-105,Ahmedabad Southwest Hub,WH-Southwest-AZ,ELE-2001,3,0,705.76
SALE-02324,2025-11-18 19:40:34,CUST-149,Indore Central-West Hub,WH-Rockies-UT,HYD-1002,4,0,344.03
SALE-02325,2025-11-18 17:26:32,CUST-147,Mumbai West Hub,WH-West-CA,ELE-2003,2,0,75.09
SALE-02326,2025-11-18 18:17:26,CUST-136,Pune Midwest Hub,WH-Midwest-OH,ELE-2003,1,0,80.15
SALE-02327,2026-06-19 17:30:04,CUST-157,Mumbai West Hub,WH-West-CA,FAS-3001,5,0,25.9
SALE-02328,2025-11-21 18:55:36,CUST-120,Bhubaneswar Southeast Hub,WH-Southeast-GA,ELE-2003,5,0,70.56
SALE-02329,2026-01-25 19:45:34,CUST-134,Hyderabad Central Hub,WH-Central-TX,FIL-4004,8,0,46.11
SALE-02330,2025-11-05 17:26:16,CUST-124,Bengaluru Technology Hub,WH-Pacific-WA,HYD-1004,6,0,186.05
SALE-02331,2026-07-27 18:56:21,CUST-107,Hyderabad Central Hub,WH-Central-TX,FIL-4002,6,0,33.76
SALE-02332,2025-10-27 19:10:27,CUST-115,Ahmedabad Southwest Hub,WH-Southwest-AZ,HYD-1002,5,0,313.08
SALE-02333,2025-11-02 20:25:22,CUST-142,Bhubaneswar Southeast Hub,WH-Southeast-GA,ELE-2003,3,0,77.5
SALE-02334,2026-04-07 17:05:51,CUST-140,Pune Midwest Hub,WH-Midwest-OH,FAS-3005,7,0,28.56
SALE-02335,2025-11-26 20:19:23,CUST-145,Chennai South Hub,WH-South-FL,FIL-4001,3,0,51.86
SALE-02336,2025-09-13 17:45:04,CUST-156,Kolkata East Hub,WH-East-NC,HYD-1004,7,0,167.5
SALE-02337,2026-02-20 18:49:23,CUST-134,Bhubaneswar Southeast Hub,WH-Southeast-GA,FIL-4004,4,0,48.1
SALE-02338,2025-10-27 20:30:07,CUST-149,Pune Midwest Hub,WH-Midwest-OH,ELE-2005,2,0,208.37
SALE-02339,2026-04-09 19:13:15,CUST-121,Hyderabad Central Hub,WH-Central-TX,FIL-4001,5,3,52.68
SALE-02340,2026-02-11 17:16:38,CUST-121,Indore Central-West Hub,WH-Rockies-UT,FAS-3004,7,0,32.94
SALE-02341,2025-10-19 20:26:40,CUST-156,Nagpur Central Hub,WH-GreatLakes-MI,FIL-4002,5,0,31.39
SALE-02342,2025-12-04 18:53:41,CUST-151,Indore Central-West Hub,WH-Rockies-UT,FAS-3005,7,0,28.9
SALE-02343,2026-03-21 17:01:01,CUST-154,Pune Midwest Hub,WH-Midwest-OH,ELE-2001,1,0,691.21
SALE-02344,2026-02-23 19:32:24,CUST-119,Mumbai West Hub,WH-West-CA,ELE-2005,8,0,213.6
SALE-02345,2025-12-29 18:28:34,CUST-109,Hyderabad Central Hub,WH-Central-TX,ELE-2003,1,0,79.29
SALE-02346,2026-03-25 18:12:00,CUST-156,Pune Midwest Hub,WH-Midwest-OH,ELE-2004,5,0,391.29
SALE-02347,2026-02-02 18:31:35,CUST-132,Pune Midwest Hub,WH-Midwest-OH,FIL-4001,3,0,57.46
SALE-02348,2026-04-28 18:44:40,CUST-110,Bengaluru Technology Hub,WH-Pacific-WA,HYD-1003,3,0,89.06
SALE-02349,2026-07-09 18:35:05,CUST-150,Delhi North Hub,WH-North-IL,ELE-2002,1,0,122.28
SALE-02350,2026-07-10 19:07:23,CUST-129,Mumbai West Hub,WH-West-CA,FIL-4004,8,0,47.89
SALE-02351,2025-10-03 19:38:17,CUST-127,Guwahati Northeast Hub,WH-Northeast-NY,HYD-1005,4,2,148.76
SALE-02352,2026-02-16 20:22:01,CUST-155,Bengaluru Technology Hub,WH-Pacific-WA,HYD-1004,2,0,182.72
SALE-02353,2025-10-08 20:46:52,CUST-107,Ahmedabad Southwest Hub,WH-Southwest-AZ,ELE-2004,2,0,420.86
SALE-02354,2026-04-29 19:25:40,CUST-130,Guwahati Northeast Hub,WH-Northeast-NY,HYD-1005,3,0,148.11
SALE-02355,2026-03-20 19:33:53,CUST-103,Ahmedabad Southwest Hub,WH-Southwest-AZ,HYD-1003,2,0,84.61
SALE-02356,2026-03-09 20:55:41,CUST-112,Bhubaneswar Southeast Hub,WH-Southeast-GA,FIL-4003,6,0,43.07
SALE-02357,2025-09-06 17:42:00,CUST-113,Mumbai West Hub,WH-West-CA,FAS-3001,13,0,23.84
SALE-02358,2026-06-12 20:07:27,CUST-153,Mumbai West Hub,WH-West-CA,HYD-1003,2,0,88.42
SALE-02359,2025-11-29 17:02:03,CUST-154,Bengaluru Technology Hub,WH-Pacific-WA,FIL-4004,9,0,45.85
SALE-02360,2026-07-14 20:23:17,CUST-107,Nagpur Central Hub,WH-GreatLakes-MI,FAS-3004,9,0,37.3
SALE-02361,2026-07-17 19:23:58,CUST-151,Mumbai West Hub,WH-West-CA,ELE-2004,1,1,385.83
SALE-02362,2026-03-18 20:55:30,CUST-104,Indore Central-West Hub,WH-Rockies-UT,HYD-1004,3,0,175.51
SALE-02363,2025-12-05 20:51:20,CUST-102,Bengaluru Technology Hub,WH-Pacific-WA,ELE-2003,4,0,80.18
SALE-02364,2026-01-26 17:47:45,CUST-117,Kolkata East Hub,WH-East-NC,ELE-2002,2,0,121.54
SALE-02365,2026-06-14 19:28:28,CUST-113,Ahmedabad Southwest Hub,WH-Southwest-AZ,FAS-3002,6,0,17.14
SALE-02366,2026-01-13 17:41:29,CUST-140,Indore Central-West Hub,WH-Rockies-UT,FIL-4005,6,0,62.4
SALE-02367,2025-11-08 18:14:15,CUST-118,Coimbatore South Central Hub,WH-SouthCentral-OK,FAS-3004,8,0,36.32
SALE-02368,2025-10-14 19:50:31,CUST-150,Mumbai West Hub,WH-West-CA,ELE-2003,1,0,72.06
SALE-02369,2026-03-02 18:24:51,CUST-105,Guwahati Northeast Hub,WH-Northeast-NY,FIL-4005,6,0,63.93
SALE-02370,2025-10-29 19:30:11,CUST-114,Guwahati Northeast Hub,WH-Northeast-NY,FIL-4002,9,0,30.58
SALE-02371,2026-02-24 20:04:37,CUST-130,Coimbatore South Central Hub,WH-SouthCentral-OK,FAS-3005,6,0,31.44
SALE-02372,2025-10-24 20:52:58,CUST-127,Mumbai West Hub,WH-West-CA,FIL-4003,3,0,42.05
SALE-02373,2026-06-17 18:54:08,CUST-103,Bhubaneswar Southeast Hub,WH-Southeast-GA,ELE-2002,3,0,133.15
SALE-02374,2025-10-30 18:54:28,CUST-101,Bengaluru Technology Hub,WH-Pacific-WA,FAS-3003,10,0,21.29
SALE-02375,2026-02-26 17:44:51,CUST-153,Bhubaneswar Southeast Hub,WH-Southeast-GA,FAS-3005,10,0,31.9
SALE-02376,2026-02-13 19:41:34,CUST-115,Kolkata East Hub,WH-East-NC,FIL-4002,13,0,32.25
SALE-02377,2026-03-16 20:36:55,CUST-126,Bhubaneswar Southeast Hub,WH-Southeast-GA,FIL-4005,8,0,63.63
SALE-02378,2026-05-25 17:31:55,CUST-129,Chennai South Hub,WH-South-FL,ELE-2002,3,0,133.24
SALE-02379,2025-09-22 19:22:37,CUST-101,Bengaluru Technology Hub,WH-Pacific-WA,HYD-1001,1,0,485.62
SALE-02380,2026-05-26 20:23:21,CUST-130,Pune Midwest Hub,WH-Midwest-OH,ELE-2005,4,0,200.3
SALE-02381,2026-05-03 20:18:37,CUST-122,Jaipur Regional Hub,WH-Mountain-CO,HYD-1005,4,0,144.7
SALE-02382,2026-02-01 19:21:48,CUST-116,Bengaluru Technology Hub,WH-Pacific-WA,FIL-4002,4,0,30.98
SALE-02383,2025-10-14 17:39:35,CUST-146,Bengaluru Technology Hub,WH-Pacific-WA,ELE-2003,1,0,76.62
SALE-02384,2025-11-26 17:40:14,CUST-159,Nagpur Central Hub,WH-GreatLakes-MI,FIL-4001,6,0,54.39
SALE-02385,2026-07-12 17:49:33,CUST-135,Jaipur Regional Hub,WH-Mountain-CO,FAS-3003,8,0,22.46
SALE-02386,2025-12-23 19:12:30,CUST-120,Delhi North Hub,WH-North-IL,HYD-1001,5,0,479.15
SALE-02387,2026-06-09 19:33:53,CUST-143,Guwahati Northeast Hub,WH-Northeast-NY,HYD-1003,2,0,86.05
SALE-02388,2025-12-23 20:20:19,CUST-155,Ahmedabad Southwest Hub,WH-Southwest-AZ,HYD-1004,6,0,183.25
SALE-02389,2026-07-22 20:05:48,CUST-105,Jaipur Regional Hub,WH-Mountain-CO,HYD-1004,1,0,173.79
SALE-02390,2025-09-02 17:33:51,CUST-147,Lucknow Mid-India Hub,WH-MidAtlantic-VA,FIL-4002,7,0,32.68
SALE-02391,2025-10-05 17:48:24,CUST-147,Ahmedabad Southwest Hub,WH-Southwest-AZ,FAS-3002,6,0,17.68
SALE-02392,2026-01-10 17:30:55,CUST-160,Hyderabad Central Hub,WH-Central-TX,FIL-4003,7,0,42.94
SALE-02393,2025-10-23 19:08:27,CUST-104,Nagpur Central Hub,WH-GreatLakes-MI,FIL-4003,5,0,43.19
SALE-02394,2026-06-10 19:19:46,CUST-143,Ahmedabad Southwest Hub,WH-Southwest-AZ,FAS-3003,5,0,22.64
SALE-02395,2026-05-22 17:45:51,CUST-113,Kolkata East Hub,WH-East-NC,ELE-2003,1,1,75.18
SALE-02396,2025-11-12 19:20:39,CUST-143,Kolkata East Hub,WH-East-NC,HYD-1004,4,0,186.49
SALE-02397,2025-09-22 17:06:37,CUST-132,Pune Midwest Hub,WH-Midwest-OH,FIL-4005,10,0,60.57
SALE-02398,2025-09-08 20:29:21,CUST-144,Indore Central-West Hub,WH-Rockies-UT,FAS-3005,7,0,31.13
SALE-02399,2026-02-17 17:16:10,CUST-117,Bengaluru Technology Hub,WH-Pacific-WA,FAS-3005,9,0,32.34
SALE-02400,2026-05-05 18:49:12,CUST-140,Delhi North Hub,WH-North-IL,FAS-3001,15,0,24.27
SALE-02401,2026-06-21 20:59:31,CUST-116,Delhi North Hub,WH-North-IL,ELE-2003,1,0,71.78
SALE-02402,2025-10-15 20:24:46,CUST-157,Indore Central-West Hub,WH-Rockies-UT,ELE-2003,5,0,78.63
SALE-02403,2025-10-12 17:27:54,CUST-101,Indore Central-West Hub,WH-Rockies-UT,FIL-4005,9,0,59.68
SALE-02404,2025-09-09 17:25:29,CUST-122,Mumbai West Hub,WH-West-CA,ELE-2003,2,0,77.45
SALE-02405,2025-11-06 18:03:50,CUST-102,Bengaluru Technology Hub,WH-Pacific-WA,ELE-2003,4,0,72.79
SALE-02406,2026-06-04 20:36:00,CUST-144,Bengaluru Technology Hub,WH-Pacific-WA,HYD-1004,5,0,166.87
SALE-02407,2026-03-19 20:27:02,CUST-159,Jaipur Regional Hub,WH-Mountain-CO,HYD-1002,3,0,300.82
SALE-02408,2026-06-16 19:35:55,CUST-130,Bhubaneswar Southeast Hub,WH-Southeast-GA,ELE-2004,2,0,398.63
SALE-02409,2025-10-25 17:19:04,CUST-116,Mumbai West Hub,WH-West-CA,FAS-3002,12,0,18.69
SALE-02410,2026-05-22 20:09:25,CUST-116,Bhubaneswar Southeast Hub,WH-Southeast-GA,ELE-2004,1,0,397.13
SALE-02411,2025-12-21 20:42:59,CUST-146,Chennai South Hub,WH-South-FL,FAS-3005,3,0,31.99
SALE-02412,2026-04-17 20:56:36,CUST-132,Bengaluru Technology Hub,WH-Pacific-WA,FIL-4005,7,0,64.54
SALE-02413,2026-05-26 18:09:45,CUST-122,Kolkata East Hub,WH-East-NC,HYD-1001,3,0,438.11
SALE-02414,2025-11-08 19:51:54,CUST-124,Chennai South Hub,WH-South-FL,ELE-2003,1,0,72.66
SALE-02415,2026-03-14 19:35:10,CUST-143,Nagpur Central Hub,WH-GreatLakes-MI,FIL-4005,4,0,64.96
SALE-02416,2026-05-30 18:39:38,CUST-153,Chennai South Hub,WH-South-FL,ELE-2004,4,0,390.8
SALE-02417,2025-11-04 19:59:38,CUST-114,Delhi North Hub,WH-North-IL,HYD-1002,3,0,313.94
SALE-02418,2026-02-06 20:08:37,CUST-121,Ahmedabad Southwest Hub,WH-Southwest-AZ,FIL-4004,7,0,48.19
SALE-02419,2026-02-01 18:08:13,CUST-143,Bengaluru Technology Hub,WH-Pacific-WA,ELE-2002,2,0,121.43
SALE-02420,2026-05-27 20:52:08,CUST-101,Guwahati Northeast Hub,WH-Northeast-NY,FIL-4003,2,0,43.46
SALE-02421,2026-01-30 17:30:47,CUST-144,Chennai South Hub,WH-South-FL,FIL-4005,4,0,61.94
SALE-02422,2026-03-17 17:08:42,CUST-146,Bengaluru Technology Hub,WH-Pacific-WA,HYD-1004,3,0,178.06
SALE-02423,2025-09-13 20:48:35,CUST-101,Pune Midwest Hub,WH-Midwest-OH,FIL-4004,9,0,49.57
SALE-02424,2026-02-26 17:21:56,CUST-144,Kolkata East Hub,WH-East-NC,ELE-2002,3,0,117.66
SALE-02425,2026-03-31 19:41:01,CUST-143,Lucknow Mid-India Hub,WH-MidAtlantic-VA,FIL-4001,9,6,55.94
SALE-02426,2026-03-27 17:26:19,CUST-120,Bhubaneswar Southeast Hub,WH-Southeast-GA,ELE-2002,1,0,130.09
SALE-02427,2026-05-21 20:29:33,CUST-106,Jaipur Regional Hub,WH-Mountain-CO,FAS-3002,9,0,17.3
SALE-02428,2026-02-20 18:50:21,CUST-114,Chennai South Hub,WH-South-FL,FIL-4001,7,0,58.65
SALE-02429,2026-03-20 18:50:14,CUST-116,Jaipur Regional Hub,WH-Mountain-CO,FAS-3001,9,0,23.69
SALE-02430,2025-09-01 19:05:03,CUST-113,Mumbai West Hub,WH-West-CA,FIL-4003,7,0,43.0
SALE-02431,2026-07-14 20:03:00,CUST-129,Ahmedabad Southwest Hub,WH-Southwest-AZ,FAS-3003,6,0,22.39
SALE-02432,2025-09-08 17:22:57,CUST-157,Hyderabad Central Hub,WH-Central-TX,FIL-4001,9,6,52.16
SALE-02433,2026-07-04 19:40:14,CUST-121,Jaipur Regional Hub,WH-Mountain-CO,HYD-1005,3,0,138.96
SALE-02434,2026-06-18 18:27:43,CUST-128,Jaipur Regional Hub,WH-Mountain-CO,HYD-1001,5,0,464.51
SALE-02435,2025-10-20 17:12:03,CUST-151,Indore Central-West Hub,WH-Rockies-UT,ELE-2002,1,0,134.69
SALE-02436,2026-02-01 19:07:08,CUST-116,Chennai South Hub,WH-South-FL,FAS-3001,7,0,23.66
SALE-02437,2026-03-31 17:03:14,CUST-109,Pune Midwest Hub,WH-Midwest-OH,HYD-1005,1,0,139.08
SALE-02438,2026-06-15 20:37:59,CUST-132,Hyderabad Central Hub,WH-Central-TX,HYD-1001,3,0,464.91
SALE-02439,2026-06-26 19:34:43,CUST-147,Lucknow Mid-India Hub,WH-MidAtlantic-VA,FIL-4005,2,0,59.02
SALE-02440,2026-07-08 18:14:09,CUST-159,Jaipur Regional Hub,WH-Mountain-CO,ELE-2003,1,0,75.82
SALE-02441,2026-05-12 17:37:12,CUST-104,Mumbai West Hub,WH-West-CA,FIL-4004,7,4,50.39
SALE-02442,2025-12-16 18:12:08,CUST-105,Bengaluru Technology Hub,WH-Pacific-WA,FAS-3003,10,0,22.72
SALE-02443,2026-05-28 17:19:49,CUST-155,Ahmedabad Southwest Hub,WH-Southwest-AZ,HYD-1001,4,4,424.44
SALE-02444,2025-12-13 20:47:52,CUST-150,Jaipur Regional Hub,WH-Mountain-CO,ELE-2001,4,0,709.6
SALE-02445,2025-12-14 19:59:34,CUST-115,Coimbatore South Central Hub,WH-SouthCentral-OK,FAS-3002,12,0,18.52
SALE-02446,2026-03-30 18:56:09,CUST-112,Jaipur Regional Hub,WH-Mountain-CO,FIL-4003,6,0,42.86
SALE-02447,2026-02-05 17:52:30,CUST-119,Chennai South Hub,WH-South-FL,HYD-1001,1,0,442.84
SALE-02448,2026-04-22 17:54:13,CUST-150,Kolkata East Hub,WH-East-NC,HYD-1003,5,0,84.07
SALE-02449,2025-10-28 18:29:51,CUST-132,Lucknow Mid-India Hub,WH-MidAtlantic-VA,FAS-3001,7,0,25.45
SALE-02450,2026-03-19 18:39:35,CUST-128,Indore Central-West Hub,WH-Rockies-UT,HYD-1005,7,0,143.57
SALE-02451,2025-11-26 19:00:17,CUST-107,Indore Central-West Hub,WH-Rockies-UT,FAS-3001,11,0,23.87
SALE-02452,2026-01-30 18:43:04,CUST-144,Chennai South Hub,WH-South-FL,FIL-4001,6,0,55.98
SALE-02453,2025-12-13 17:14:06,CUST-160,Jaipur Regional Hub,WH-Mountain-CO,ELE-2002,3,0,124.63
SALE-02454,2026-02-24 18:27:46,CUST-105,Jaipur Regional Hub,WH-Mountain-CO,FAS-3001,6,0,23.7
SALE-02455,2026-05-04 17:03:27,CUST-102,Bengaluru Technology Hub,WH-Pacific-WA,FAS-3002,7,0,18.48
SALE-02456,2026-01-01 19:45:45,CUST-138,Guwahati Northeast Hub,WH-Northeast-NY,ELE-2005,5,0,204.54
SALE-02457,2026-02-18 17:38:09,CUST-157,Ahmedabad Southwest Hub,WH-Southwest-AZ,FAS-3001,4,0,25.77
SALE-02458,2025-12-13 18:08:31,CUST-126,Ahmedabad Southwest Hub,WH-Southwest-AZ,FAS-3003,9,0,21.42
SALE-02459,2025-11-06 19:13:22,CUST-148,Delhi North Hub,WH-North-IL,FAS-3001,5,0,26.14
SALE-02460,2025-09-30 20:39:42,CUST-145,Indore Central-West Hub,WH-Rockies-UT,HYD-1002,4,0,319.73
SALE-02461,2026-01-29 17:52:34,CUST-159,Mumbai West Hub,WH-West-CA,FIL-4003,3,0,42.16
SALE-02462,2026-06-18 19:13:38,CUST-158,Jaipur Regional Hub,WH-Mountain-CO,FIL-4002,8,0,32.47
SALE-02463,2026-03-01 20:54:54,CUST-132,Bengaluru Technology Hub,WH-Pacific-WA,FIL-4003,3,0,39.69
SALE-02464,2025-10-04 17:56:23,CUST-144,Coimbatore South Central Hub,WH-SouthCentral-OK,HYD-1001,5,0,445.88
SALE-02465,2026-04-22 18:29:09,CUST-141,Hyderabad Central Hub,WH-Central-TX,ELE-2004,4,0,410.7
SALE-02466,2026-02-08 19:55:40,CUST-123,Hyderabad Central Hub,WH-Central-TX,ELE-2002,2,0,119.54
SALE-02467,2026-03-09 18:50:01,CUST-143,Guwahati Northeast Hub,WH-Northeast-NY,FAS-3005,5,0,31.0
SALE-02468,2025-10-31 20:07:38,CUST-127,Coimbatore South Central Hub,WH-SouthCentral-OK,ELE-2004,2,0,402.79
SALE-02469,2026-03-24 19:28:33,CUST-113,Coimbatore South Central Hub,WH-SouthCentral-OK,FIL-4004,11,0,49.78
SALE-02470,2025-11-03 18:11:00,CUST-151,Mumbai West Hub,WH-West-CA,FIL-4003,6,0,44.64
SALE-02471,2026-06-27 19:21:16,CUST-131,Bhubaneswar Southeast Hub,WH-Southeast-GA,FIL-4005,4,0,60.47
SALE-02472,2025-10-21 17:25:22,CUST-124,Chennai South Hub,WH-South-FL,FAS-3004,6,0,35.44
SALE-02473,2026-01-24 20:29:53,CUST-134,Jaipur Regional Hub,WH-Mountain-CO,FAS-3001,14,0,26.28
SALE-02474,2025-10-01 19:34:14,CUST-134,Indore Central-West Hub,WH-Rockies-UT,FAS-3001,10,0,24.49
SALE-02475,2025-09-30 19:53:01,CUST-133,Indore Central-West Hub,WH-Rockies-UT,FIL-4005,4,0,60.29
SALE-02476,2026-04-23 20:14:54,CUST-133,Lucknow Mid-India Hub,WH-MidAtlantic-VA,FAS-3002,6,0,19.19
SALE-02477,2026-02-24 17:56:44,CUST-103,Mumbai West Hub,WH-West-CA,ELE-2004,3,0,402.21
SALE-02478,2026-03-27 20:31:59,CUST-141,Kolkata East Hub,WH-East-NC,FIL-4004,7,0,47.24
SALE-02479,2025-11-14 17:42:51,CUST-154,Kolkata East Hub,WH-East-NC,ELE-2002,2,0,125.3
SALE-02480,2026-04-07 19:05:37,CUST-150,Chennai South Hub,WH-South-FL,HYD-1001,8,8,437.59
SALE-02481,2026-05-17 18:54:20,CUST-122,Pune Midwest Hub,WH-Midwest-OH,HYD-1002,2,0,321.2
SALE-02482,2025-11-25 17:14:53,CUST-115,Kolkata East Hub,WH-East-NC,FAS-3005,13,0,31.27
SALE-02483,2025-10-02 20:00:57,CUST-120,Chennai South Hub,WH-South-FL,HYD-1003,3,0,81.71
SALE-02484,2025-09-10 17:18:35,CUST-160,Coimbatore South Central Hub,WH-SouthCentral-OK,FAS-3001,10,0,23.8
SALE-02485,2026-02-04 17:16:05,CUST-140,Hyderabad Central Hub,WH-Central-TX,FIL-4004,4,0,46.14
SALE-02486,2026-01-17 20:32:52,CUST-128,Pune Midwest Hub,WH-Midwest-OH,HYD-1001,1,0,444.42
SALE-02487,2025-12-01 20:20:34,CUST-129,Indore Central-West Hub,WH-Rockies-UT,FIL-4003,6,0,40.88
SALE-02488,2026-02-06 19:59:04,CUST-160,Chennai South Hub,WH-South-FL,FIL-4005,5,0,62.27
SALE-02489,2025-12-24 18:49:57,CUST-128,Pune Midwest Hub,WH-Midwest-OH,HYD-1005,1,0,145.4
SALE-02490,2025-11-06 20:03:31,CUST-148,Pune Midwest Hub,WH-Midwest-OH,FIL-4003,3,0,43.09
SALE-02491,2025-11-15 17:54:35,CUST-105,Bengaluru Technology Hub,WH-Pacific-WA,ELE-2002,2,0,131.6
SALE-02492,2026-04-10 17:13:59,CUST-124,Delhi North Hub,WH-North-IL,HYD-1001,1,1,462.45
SALE-02493,2026-07-12 18:15:06,CUST-115,Ahmedabad Southwest Hub,WH-Southwest-AZ,ELE-2001,5,0,705.99
SALE-02494,2026-03-13 17:41:18,CUST-122,Mumbai West Hub,WH-West-CA,FIL-4003,5,0,42.46
SALE-02495,2025-11-17 20:53:16,CUST-101,Bengaluru Technology Hub,WH-Pacific-WA,ELE-2002,1,0,121.68
SALE-02496,2026-04-21 17:30:21,CUST-139,Pune Midwest Hub,WH-Midwest-OH,ELE-2001,1,0,672.14
SALE-02497,2026-06-25 18:26:33,CUST-109,Ahmedabad Southwest Hub,WH-Southwest-AZ,ELE-2004,2,0,376.12
SALE-02498,2026-04-09 20:20:04,CUST-149,Hyderabad Central Hub,WH-Central-TX,FIL-4004,11,0,49.2
SALE-02499,2026-04-12 18:21:53,CUST-138,Coimbatore South Central Hub,WH-SouthCentral-OK,ELE-2004,3,0,387.66
SALE-02500,2026-07-03 17:45:20,CUST-130,Delhi North Hub,WH-North-IL,ELE-2001,2,0,639.82
SALE-02501,2025-10-03 20:40:59,CUST-111,Jaipur Regional Hub,WH-Mountain-CO,HYD-1004,5,0,176.78
SALE-02502,2025-09-12 18:39:03,CUST-123,Coimbatore South Central Hub,WH-SouthCentral-OK,FIL-4002,6,0,30.15
SALE-02503,2026-03-17 19:52:20,CUST-127,Mumbai West Hub,WH-West-CA,ELE-2003,2,0,80.25
SALE-02504,2025-10-22 19:54:46,CUST-116,Coimbatore South Central Hub,WH-SouthCentral-OK,FAS-3004,5,0,35.13
SALE-02505,2026-07-22 18:30:33,CUST-129,Lucknow Mid-India Hub,WH-MidAtlantic-VA,FAS-3005,8,0,31.19
SALE-02506,2026-05-30 19:41:36,CUST-122,Delhi North Hub,WH-North-IL,FAS-3003,14,4,20.82
SALE-02507,2025-10-06 20:26:25,CUST-154,Nagpur Central Hub,WH-GreatLakes-MI,FAS-3002,11,0,19.33
SALE-02508,2026-06-08 20:10:17,CUST-137,Delhi North Hub,WH-North-IL,FIL-4005,8,1,59.27
SALE-02509,2025-10-25 20:59:31,CUST-132,Guwahati Northeast Hub,WH-Northeast-NY,FAS-3005,7,0,28.77
SALE-02510,2026-05-04 18:57:52,CUST-130,Lucknow Mid-India Hub,WH-MidAtlantic-VA,FAS-3001,9,0,26.25
SALE-02511,2025-10-15 20:28:11,CUST-143,Delhi North Hub,WH-North-IL,FAS-3001,16,0,24.52
SALE-02512,2025-11-09 17:57:00,CUST-122,Mumbai West Hub,WH-West-CA,ELE-2005,3,0,206.58
SALE-02513,2026-01-20 17:23:55,CUST-101,Delhi North Hub,WH-North-IL,HYD-1005,3,0,132.17
SALE-02514,2025-09-27 20:42:10,CUST-101,Nagpur Central Hub,WH-GreatLakes-MI,HYD-1002,1,0,323.98
SALE-02515,2026-02-10 20:13:28,CUST-137,Indore Central-West Hub,WH-Rockies-UT,HYD-1004,3,0,177.25
SALE-02516,2026-02-22 18:13:28,CUST-141,Mumbai West Hub,WH-West-CA,FIL-4004,7,0,49.93
SALE-02517,2026-01-27 17:44:45,CUST-138,Lucknow Mid-India Hub,WH-MidAtlantic-VA,FIL-4002,4,0,33.69
SALE-02518,2025-09-30 18:32:42,CUST-137,Pune Midwest Hub,WH-Midwest-OH,FIL-4003,7,0,44.7
SALE-02519,2025-11-23 20:19:41,CUST-146,Bengaluru Technology Hub,WH-Pacific-WA,FIL-4001,3,3,52.88
SALE-02520,2026-05-14 17:38:30,CUST-156,Chennai South Hub,WH-South-FL,HYD-1004,1,1,166.89
SALE-02521,2025-11-09 18:48:27,CUST-155,Guwahati Northeast Hub,WH-Northeast-NY,FAS-3003,8,0,22.02
SALE-02522,2025-09-17 18:02:20,CUST-123,Bengaluru Technology Hub,WH-Pacific-WA,HYD-1003,2,0,80.22
SALE-02523,2026-06-24 19:00:50,CUST-139,Lucknow Mid-India Hub,WH-MidAtlantic-VA,FAS-3003,9,0,22.76
SALE-02524,2025-11-17 19:14:53,CUST-160,Mumbai West Hub,WH-West-CA,FIL-4004,6,0,45.37
SALE-02525,2026-06-01 19:14:25,CUST-158,Lucknow Mid-India Hub,WH-MidAtlantic-VA,ELE-2004,2,0,402.54
SALE-02526,2025-11-17 17:07:53,CUST-127,Hyderabad Central Hub,WH-Central-TX,HYD-1004,3,0,183.23
SALE-02527,2026-04-30 17:07:52,CUST-127,Hyderabad Central Hub,WH-Central-TX,ELE-2004,5,0,419.44
SALE-02528,2026-07-01 17:10:06,CUST-160,Chennai South Hub,WH-South-FL,FAS-3005,10,0,28.8
SALE-02529,2025-09-29 20:34:48,CUST-103,Jaipur Regional Hub,WH-Mountain-CO,FAS-3005,14,0,29.47
SALE-02530,2026-03-07 19:30:30,CUST-123,Lucknow Mid-India Hub,WH-MidAtlantic-VA,FIL-4004,10,0,51.24
SALE-02531,2026-07-19 18:52:37,CUST-133,Indore Central-West Hub,WH-Rockies-UT,FAS-3002,5,0,18.4
SALE-02532,2026-04-17 18:01:08,CUST-134,Bengaluru Technology Hub,WH-Pacific-WA,FAS-3001,7,0,25.01
SALE-02533,2026-07-13 20:04:29,CUST-148,Bhubaneswar Southeast Hub,WH-Southeast-GA,ELE-2005,1,0,221.63
SALE-02534,2025-11-28 20:57:42,CUST-104,Nagpur Central Hub,WH-GreatLakes-MI,HYD-1005,3,0,145.51
SALE-02535,2026-02-12 19:37:25,CUST-114,Jaipur Regional Hub,WH-Mountain-CO,ELE-2004,4,0,402.77
SALE-02536,2025-11-11 17:22:56,CUST-139,Hyderabad Central Hub,WH-Central-TX,ELE-2002,2,0,132.15
SALE-02537,2026-01-31 19:07:39,CUST-128,Indore Central-West Hub,WH-Rockies-UT,ELE-2001,4,0,728.37
SALE-02538,2026-07-24 17:55:48,CUST-149,Bhubaneswar Southeast Hub,WH-Southeast-GA,HYD-1002,2,2,307.77
SALE-02539,2025-10-03 20:21:07,CUST-154,Pune Midwest Hub,WH-Midwest-OH,FIL-4004,7,0,48.1
SALE-02540,2026-01-12 20:41:34,CUST-133,Ahmedabad Southwest Hub,WH-Southwest-AZ,FIL-4004,8,0,50.74
SALE-02541,2025-12-28 17:17:12,CUST-129,Chennai South Hub,WH-South-FL,FAS-3004,14,0,33.52
SALE-02542,2026-06-28 17:19:11,CUST-126,Coimbatore South Central Hub,WH-SouthCentral-OK,FAS-3001,14,0,26.36
SALE-02543,2026-05-14 17:18:07,CUST-121,Coimbatore South Central Hub,WH-SouthCentral-OK,FAS-3001,11,0,24.02
SALE-02544,2026-03-03 19:32:11,CUST-107,Kolkata East Hub,WH-East-NC,FIL-4002,8,0,32.95
SALE-02545,2026-07-19 18:50:19,CUST-153,Pune Midwest Hub,WH-Midwest-OH,HYD-1005,3,0,144.77
SALE-02546,2025-09-28 18:24:30,CUST-104,Guwahati Northeast Hub,WH-Northeast-NY,ELE-2003,1,0,75.44
SALE-02547,2025-10-17 19:46:58,CUST-133,Hyderabad Central Hub,WH-Central-TX,FIL-4004,9,0,51.27
SALE-02548,2025-09-28 19:27:21,CUST-120,Bhubaneswar Southeast Hub,WH-Southeast-GA,FIL-4001,9,0,53.93
SALE-02549,2025-10-30 20:08:40,CUST-102,Bengaluru Technology Hub,WH-Pacific-WA,FAS-3001,6,0,24.64
SALE-02550,2026-05-18 19:38:55,CUST-144,Bhubaneswar Southeast Hub,WH-Southeast-GA,ELE-2004,3,0,416.31
SALE-02551,2026-07-06 19:34:51,CUST-120,Coimbatore South Central Hub,WH-SouthCentral-OK,ELE-2003,1,0,73.11
SALE-02552,2025-09-11 18:42:23,CUST-146,Mumbai West Hub,WH-West-CA,ELE-2005,3,0,222.68
SALE-02553,2026-04-26 18:52:11,CUST-147,Chennai South Hub,WH-South-FL,FIL-4005,6,0,61.08
SALE-02554,2026-05-15 19:49:57,CUST-126,Jaipur Regional Hub,WH-Mountain-CO,FIL-4001,7,0,55.73
SALE-02555,2025-09-28 17:17:35,CUST-111,Kolkata East Hub,WH-East-NC,HYD-1003,3,0,80.82
SALE-02556,2026-07-06 17:47:03,CUST-142,Indore Central-West Hub,WH-Rockies-UT,ELE-2005,3,0,219.23
SALE-02557,2025-10-04 17:41:10,CUST-160,Coimbatore South Central Hub,WH-SouthCentral-OK,FIL-4003,4,4,44.37
SALE-02558,2026-03-22 17:19:18,CUST-151,Indore Central-West Hub,WH-Rockies-UT,ELE-2002,1,0,129.95
SALE-02559,2025-10-19 18:48:16,CUST-104,Coimbatore South Central Hub,WH-SouthCentral-OK,ELE-2005,1,0,225.73
SALE-02560,2025-11-24 20:05:08,CUST-138,Pune Midwest Hub,WH-Midwest-OH,ELE-2005,1,0,202.05
SALE-02561,2025-11-01 17:38:32,CUST-121,Hyderabad Central Hub,WH-Central-TX,FAS-3002,7,0,18.89
SALE-02562,2026-03-25 17:08:16,CUST-129,Chennai South Hub,WH-South-FL,ELE-2005,3,1,212.77
SALE-02563,2025-12-27 18:41:04,CUST-111,Delhi North Hub,WH-North-IL,HYD-1005,3,0,132.61
SALE-02564,2025-11-11 18:54:57,CUST-154,Bengaluru Technology Hub,WH-Pacific-WA,HYD-1001,3,0,483.95
SALE-02565,2025-10-20 18:48:26,CUST-149,Chennai South Hub,WH-South-FL,FAS-3002,10,0,18.42
SALE-02566,2025-09-16 20:57:49,CUST-103,Ahmedabad Southwest Hub,WH-Southwest-AZ,FAS-3001,8,0,25.54
SALE-02567,2026-05-20 18:34:33,CUST-115,Coimbatore South Central Hub,WH-SouthCentral-OK,FAS-3004,11,0,33.5
SALE-02568,2026-03-25 20:38:49,CUST-102,Kolkata East Hub,WH-East-NC,HYD-1004,3,0,167.0
SALE-02569,2026-05-21 18:31:16,CUST-153,Bengaluru Technology Hub,WH-Pacific-WA,FIL-4003,9,0,39.82
SALE-02570,2025-10-12 17:11:20,CUST-103,Bhubaneswar Southeast Hub,WH-Southeast-GA,FIL-4002,8,0,34.21
SALE-02571,2025-10-10 20:56:35,CUST-128,Chennai South Hub,WH-South-FL,HYD-1003,6,0,87.38
SALE-02572,2025-12-15 17:19:13,CUST-154,Bengaluru Technology Hub,WH-Pacific-WA,HYD-1005,3,0,148.41
SALE-02573,2025-09-01 19:49:27,CUST-148,Chennai South Hub,WH-South-FL,FAS-3003,8,0,21.75
SALE-02574,2025-10-24 20:17:44,CUST-139,Mumbai West Hub,WH-West-CA,FAS-3003,3,0,21.49
SALE-02575,2025-10-03 17:32:50,CUST-102,Delhi North Hub,WH-North-IL,ELE-2005,1,0,224.21
SALE-02576,2026-03-19 18:29:06,CUST-160,Ahmedabad Southwest Hub,WH-Southwest-AZ,ELE-2002,1,0,123.69
SALE-02577,2026-04-26 18:06:40,CUST-107,Pune Midwest Hub,WH-Midwest-OH,HYD-1001,2,0,441.99
SALE-02578,2026-03-30 17:08:42,CUST-152,Hyderabad Central Hub,WH-Central-TX,FAS-3005,9,0,28.25
SALE-02579,2025-09-27 20:15:15,CUST-155,Chennai South Hub,WH-South-FL,FAS-3002,12,0,17.55
SALE-02580,2025-11-07 20:10:38,CUST-129,Coimbatore South Central Hub,WH-SouthCentral-OK,ELE-2004,1,1,409.1
SALE-02581,2026-05-11 17:41:07,CUST-123,Kolkata East Hub,WH-East-NC,HYD-1005,3,0,138.82
SALE-02582,2025-12-24 17:32:35,CUST-134,Delhi North Hub,WH-North-IL,FIL-4001,4,0,53.33
SALE-02583,2026-01-12 19:11:53,CUST-109,Delhi North Hub,WH-North-IL,HYD-1004,2,0,177.86
SALE-02584,2026-06-05 18:39:17,CUST-138,Guwahati Northeast Hub,WH-Northeast-NY,FIL-4003,6,0,40.94
SALE-02585,2025-11-09 18:18:03,CUST-119,Bengaluru Technology Hub,WH-Pacific-WA,ELE-2003,1,0,76.9
SALE-02586,2025-10-10 19:41:17,CUST-152,Coimbatore South Central Hub,WH-SouthCentral-OK,HYD-1005,3,0,149.38
SALE-02587,2026-04-23 19:20:06,CUST-142,Delhi North Hub,WH-North-IL,ELE-2001,2,0,691.83
SALE-02588,2026-02-22 19:08:08,CUST-141,Guwahati Northeast Hub,WH-Northeast-NY,FAS-3004,2,0,36.11
SALE-02589,2025-11-18 18:28:38,CUST-151,Jaipur Regional Hub,WH-Mountain-CO,HYD-1001,5,0,465.3
SALE-02590,2026-02-03 17:02:42,CUST-158,Coimbatore South Central Hub,WH-SouthCentral-OK,FAS-3004,7,0,33.66
SALE-02591,2026-04-26 18:02:14,CUST-107,Mumbai West Hub,WH-West-CA,FIL-4005,5,1,58.72
SALE-02592,2026-04-15 18:40:06,CUST-157,Chennai South Hub,WH-South-FL,HYD-1001,2,0,452.5
SALE-02593,2026-02-05 19:03:09,CUST-129,Nagpur Central Hub,WH-GreatLakes-MI,HYD-1004,2,1,171.12
SALE-02594,2026-01-20 17:04:46,CUST-147,Bengaluru Technology Hub,WH-Pacific-WA,HYD-1004,3,0,180.77
SALE-02595,2026-01-16 18:16:01,CUST-108,Jaipur Regional Hub,WH-Mountain-CO,FAS-3001,9,0,25.13
SALE-02596,2026-04-09 19:37:42,CUST-156,Delhi North Hub,WH-North-IL,FIL-4004,7,0,47.93
SALE-02597,2026-05-10 19:07:23,CUST-128,Guwahati Northeast Hub,WH-Northeast-NY,HYD-1005,5,0,134.63
SALE-02598,2026-02-04 17:09:13,CUST-123,Jaipur Regional Hub,WH-Mountain-CO,FIL-4003,7,4,41.88
SALE-02599,2025-10-17 18:58:24,CUST-158,Jaipur Regional Hub,WH-Mountain-CO,FIL-4002,10,0,34.38
SALE-02600,2026-01-20 18:14:53,CUST-109,Lucknow Mid-India Hub,WH-MidAtlantic-VA,FAS-3005,13,0,29.46
SALE-02601,2026-03-06 17:46:14,CUST-126,Guwahati Northeast Hub,WH-Northeast-NY,ELE-2001,2,0,687.05
SALE-02602,2026-01-18 20:05:45,CUST-122,Chennai South Hub,WH-South-FL,FAS-3003,7,0,21.15
SALE-02603,2026-03-06 18:43:27,CUST-147,Jaipur Regional Hub,WH-Mountain-CO,FAS-3003,9,0,22.78
SALE-02604,2025-11-28 20:37:33,CUST-112,Coimbatore South Central Hub,WH-SouthCentral-OK,HYD-1001,3,0,484.62
SALE-02605,2026-01-12 19:49:15,CUST-129,Guwahati Northeast Hub,WH-Northeast-NY,ELE-2001,3,0,719.79
SALE-02606,2026-07-03 17:01:43,CUST-157,Jaipur Regional Hub,WH-Mountain-CO,ELE-2005,2,0,198.38
SALE-02607,2026-04-08 17:13:02,CUST-113,Jaipur Regional Hub,WH-Mountain-CO,HYD-1005,7,0,141.53
SALE-02608,2026-02-14 20:56:16,CUST-108,Bhubaneswar Southeast Hub,WH-Southeast-GA,FAS-3004,6,0,34.1
SALE-02609,2026-06-15 19:31:02,CUST-148,Coimbatore South Central Hub,WH-SouthCentral-OK,ELE-2001,3,0,643.34
SALE-02610,2025-09-16 17:06:49,CUST-150,Ahmedabad Southwest Hub,WH-Southwest-AZ,FIL-4004,5,0,47.95
SALE-02611,2026-02-13 19:25:52,CUST-117,Delhi North Hub,WH-North-IL,ELE-2001,2,0,649.5
SALE-02612,2026-05-26 20:11:25,CUST-119,Delhi North Hub,WH-North-IL,FIL-4003,8,0,45.34
SALE-02613,2025-12-22 20:24:44,CUST-160,Delhi North Hub,WH-North-IL,FAS-3001,10,0,26.54
SALE-02614,2025-10-08 20:03:14,CUST-115,Delhi North Hub,WH-North-IL,FAS-3002,13,0,18.13
SALE-02615,2026-03-10 17:35:13,CUST-151,Bengaluru Technology Hub,WH-Pacific-WA,FAS-3004,7,0,35.97
SALE-02616,2025-09-20 17:40:09,CUST-145,Lucknow Mid-India Hub,WH-MidAtlantic-VA,FIL-4002,8,0,31.35
SALE-02617,2026-01-01 20:54:05,CUST-137,Delhi North Hub,WH-North-IL,FIL-4002,3,0,30.36
SALE-02618,2026-01-22 18:06:26,CUST-133,Mumbai West Hub,WH-West-CA,FIL-4004,4,0,45.58
SALE-02619,2026-04-19 17:01:37,CUST-118,Lucknow Mid-India Hub,WH-MidAtlantic-VA,HYD-1002,2,0,313.16
SALE-02620,2026-05-30 17:35:09,CUST-105,Bengaluru Technology Hub,WH-Pacific-WA,FAS-3005,4,0,30.15
SALE-02621,2025-09-24 18:59:46,CUST-122,Kolkata East Hub,WH-East-NC,HYD-1004,1,0,182.14
SALE-02622,2026-03-02 18:53:46,CUST-108,Coimbatore South Central Hub,WH-SouthCentral-OK,FAS-3003,3,0,21.83
SALE-02623,2025-11-18 19:00:26,CUST-142,Bengaluru Technology Hub,WH-Pacific-WA,HYD-1004,5,0,165.67
SALE-02624,2026-06-30 17:42:05,CUST-119,Pune Midwest Hub,WH-Midwest-OH,ELE-2004,1,0,382.57
SALE-02625,2026-01-22 18:41:28,CUST-136,Pune Midwest Hub,WH-Midwest-OH,FAS-3004,4,0,36.1
SALE-02626,2026-03-25 17:30:10,CUST-136,Mumbai West Hub,WH-West-CA,FAS-3005,7,0,31.51
SALE-02627,2026-06-25 17:29:27,CUST-111,Indore Central-West Hub,WH-Rockies-UT,HYD-1005,2,0,145.16
SALE-02628,2026-03-22 19:56:41,CUST-104,Lucknow Mid-India Hub,WH-MidAtlantic-VA,ELE-2002,2,0,126.06
SALE-02629,2026-02-27 18:25:20,CUST-110,Lucknow Mid-India Hub,WH-MidAtlantic-VA,ELE-2003,1,0,73.8
SALE-02630,2025-10-17 18:20:11,CUST-113,Nagpur Central Hub,WH-GreatLakes-MI,HYD-1005,2,0,141.52
SALE-02631,2025-11-14 20:03:38,CUST-139,Bhubaneswar Southeast Hub,WH-Southeast-GA,FAS-3003,8,0,20.83
SALE-02632,2026-04-02 17:01:55,CUST-151,Nagpur Central Hub,WH-GreatLakes-MI,FAS-3003,9,0,23.68
SALE-02633,2025-11-09 19:58:59,CUST-118,Mumbai West Hub,WH-West-CA,FIL-4005,9,0,61.1
SALE-02634,2025-12-09 17:10:13,CUST-151,Lucknow Mid-India Hub,WH-MidAtlantic-VA,FIL-4003,4,0,42.99
SALE-02635,2026-06-14 19:06:42,CUST-102,Jaipur Regional Hub,WH-Mountain-CO,ELE-2002,2,0,127.1
SALE-02636,2026-05-16 18:15:50,CUST-155,Chennai South Hub,WH-South-FL,HYD-1005,5,0,131.72
SALE-02637,2025-10-09 18:37:01,CUST-122,Mumbai West Hub,WH-West-CA,HYD-1002,2,0,304.94
SALE-02638,2025-10-15 18:20:02,CUST-138,Delhi North Hub,WH-North-IL,FIL-4002,9,0,30.51
SALE-02639,2026-02-07 17:20:50,CUST-141,Chennai South Hub,WH-South-FL,FAS-3005,9,4,31.93
SALE-02640,2026-05-31 19:15:02,CUST-150,Lucknow Mid-India Hub,WH-MidAtlantic-VA,FIL-4004,3,0,46.18
SALE-02641,2026-07-09 19:06:27,CUST-105,Nagpur Central Hub,WH-GreatLakes-MI,FIL-4001,9,0,57.67
SALE-02642,2025-12-10 17:02:49,CUST-125,Indore Central-West Hub,WH-Rockies-UT,FAS-3001,8,0,25.89
SALE-02643,2026-04-12 19:17:57,CUST-154,Hyderabad Central Hub,WH-Central-TX,HYD-1004,2,0,184.96
SALE-02644,2025-09-22 20:54:26,CUST-147,Pune Midwest Hub,WH-Midwest-OH,ELE-2005,4,0,215.36
SALE-02645,2026-01-30 20:05:17,CUST-109,Chennai South Hub,WH-South-FL,FIL-4002,2,0,31.75
SALE-02646,2026-03-01 17:26:59,CUST-148,Chennai South Hub,WH-South-FL,HYD-1003,6,1,82.09
SALE-02647,2025-09-20 18:32:59,CUST-114,Ahmedabad Southwest Hub,WH-Southwest-AZ,HYD-1004,3,0,173.48
SALE-02648,2026-07-11 18:50:11,CUST-122,Chennai South Hub,WH-South-FL,HYD-1005,7,0,149.39
SALE-02649,2026-07-27 17:01:48,CUST-112,Hyderabad Central Hub,WH-Central-TX,FAS-3003,11,0,23.03
SALE-02650,2025-10-29 19:15:49,CUST-155,Jaipur Regional Hub,WH-Mountain-CO,FIL-4005,5,0,62.33
SALE-02651,2026-07-02 19:17:12,CUST-108,Bengaluru Technology Hub,WH-Pacific-WA,FAS-3003,5,1,20.86
SALE-02652,2025-11-22 17:30:37,CUST-144,Chennai South Hub,WH-South-FL,FAS-3001,10,0,24.87
SALE-02653,2026-02-19 17:38:36,CUST-135,Pune Midwest Hub,WH-Midwest-OH,FIL-4002,9,0,32.86
SALE-02654,2025-09-28 17:09:39,CUST-127,Pune Midwest Hub,WH-Midwest-OH,FAS-3001,8,0,23.9
SALE-02655,2025-12-05 19:21:23,CUST-104,Jaipur Regional Hub,WH-Mountain-CO,FIL-4005,8,0,63.6
SALE-02656,2025-10-11 19:54:38,CUST-120,Kolkata East Hub,WH-East-NC,FAS-3001,6,0,26.68
SALE-02657,2026-07-20 18:00:28,CUST-117,Chennai South Hub,WH-South-FL,ELE-2002,2,0,125.1
SALE-02658,2026-06-04 18:17:25,CUST-106,Pune Midwest Hub,WH-Midwest-OH,HYD-1005,2,0,131.69
SALE-02659,2026-06-26 19:58:32,CUST-110,Pune Midwest Hub,WH-Midwest-OH,FIL-4005,7,3,61.48
SALE-02660,2026-05-26 20:16:13,CUST-108,Bengaluru Technology Hub,WH-Pacific-WA,ELE-2003,2,0,77.55
SALE-02661,2025-10-16 17:42:54,CUST-144,Bhubaneswar Southeast Hub,WH-Southeast-GA,FAS-3003,8,0,21.65
SALE-02662,2025-10-24 19:42:12,CUST-111,Guwahati Northeast Hub,WH-Northeast-NY,FIL-4002,4,0,31.21
SALE-02663,2026-03-21 17:55:00,CUST-111,Mumbai West Hub,WH-West-CA,FIL-4002,7,0,30.3
SALE-02664,2025-12-09 18:53:42,CUST-102,Chennai South Hub,WH-South-FL,FIL-4003,4,0,43.09
SALE-02665,2026-01-14 18:18:53,CUST-116,Guwahati Northeast Hub,WH-Northeast-NY,FAS-3002,6,0,18.13
SALE-02666,2026-03-02 18:05:27,CUST-115,Lucknow Mid-India Hub,WH-MidAtlantic-VA,ELE-2004,4,0,405.79
SALE-02667,2025-10-29 17:19:48,CUST-148,Guwahati Northeast Hub,WH-Northeast-NY,ELE-2001,3,0,649.71
SALE-02668,2025-11-16 17:53:25,CUST-115,Chennai South Hub,WH-South-FL,HYD-1001,1,0,447.16
SALE-02669,2025-12-03 19:22:01,CUST-159,Kolkata East Hub,WH-East-NC,FAS-3001,10,0,24.73
SALE-02670,2026-03-16 19:28:00,CUST-112,Bengaluru Technology Hub,WH-Pacific-WA,ELE-2001,1,0,684.81
SALE-02671,2026-03-25 17:58:32,CUST-115,Indore Central-West Hub,WH-Rockies-UT,FIL-4005,10,0,61.76
SALE-02672,2026-03-07 19:52:46,CUST-148,Indore Central-West Hub,WH-Rockies-UT,HYD-1002,1,0,304.38
SALE-02673,2026-06-22 17:42:29,CUST-146,Hyderabad Central Hub,WH-Central-TX,ELE-2003,3,0,73.59
SALE-02674,2026-01-08 18:42:52,CUST-144,Lucknow Mid-India Hub,WH-MidAtlantic-VA,ELE-2004,1,0,397.67
SALE-02675,2026-07-16 17:58:01,CUST-122,Hyderabad Central Hub,WH-Central-TX,FIL-4002,4,0,32.78
SALE-02676,2026-06-20 20:14:12,CUST-150,Pune Midwest Hub,WH-Midwest-OH,FIL-4005,4,0,63.68
SALE-02677,2026-06-24 19:23:42,CUST-136,Mumbai West Hub,WH-West-CA,ELE-2001,1,0,640.54
SALE-02678,2026-06-22 18:16:09,CUST-114,Coimbatore South Central Hub,WH-SouthCentral-OK,ELE-2002,1,0,131.05
SALE-02679,2025-09-05 20:20:05,CUST-116,Guwahati Northeast Hub,WH-Northeast-NY,FIL-4005,7,0,65.07
SALE-02680,2026-05-19 19:28:42,CUST-158,Hyderabad Central Hub,WH-Central-TX,HYD-1005,1,0,147.21
SALE-02681,2026-01-19 17:29:09,CUST-155,Coimbatore South Central Hub,WH-SouthCentral-OK,HYD-1002,3,0,304.9
SALE-02682,2025-10-10 20:24:51,CUST-153,Nagpur Central Hub,WH-GreatLakes-MI,FIL-4002,4,0,32.04
SALE-02683,2026-04-27 19:59:28,CUST-114,Bengaluru Technology Hub,WH-Pacific-WA,HYD-1001,2,0,471.9
SALE-02684,2025-11-23 19:24:32,CUST-120,Pune Midwest Hub,WH-Midwest-OH,HYD-1004,3,0,168.35
SALE-02685,2026-02-27 17:26:46,CUST-129,Delhi North Hub,WH-North-IL,FIL-4004,7,0,50.6
SALE-02686,2026-05-31 19:22:31,CUST-160,Indore Central-West Hub,WH-Rockies-UT,FAS-3003,12,0,21.4
SALE-02687,2026-03-05 17:42:23,CUST-101,Kolkata East Hub,WH-East-NC,FIL-4002,4,0,33.84
SALE-02688,2026-02-09 20:00:52,CUST-136,Coimbatore South Central Hub,WH-SouthCentral-OK,HYD-1005,1,0,142.49
SALE-02689,2026-03-19 20:55:16,CUST-133,Nagpur Central Hub,WH-GreatLakes-MI,FAS-3003,8,0,22.52
SALE-02690,2026-06-06 20:41:36,CUST-106,Indore Central-West Hub,WH-Rockies-UT,FIL-4002,2,0,32.92
SALE-02691,2025-09-19 20:07:46,CUST-121,Pune Midwest Hub,WH-Midwest-OH,FAS-3004,12,0,33.59
SALE-02692,2025-12-30 17:10:21,CUST-160,Indore Central-West Hub,WH-Rockies-UT,FIL-4005,4,0,64.18
SALE-02693,2026-05-31 18:34:58,CUST-132,Chennai South Hub,WH-South-FL,FAS-3005,9,0,29.64
SALE-02694,2025-09-28 19:25:33,CUST-135,Hyderabad Central Hub,WH-Central-TX,FIL-4002,6,0,30.97
SALE-02695,2026-07-18 19:13:24,CUST-115,Jaipur Regional Hub,WH-Mountain-CO,ELE-2005,3,0,226.22
SALE-02696,2026-03-07 18:15:33,CUST-131,Nagpur Central Hub,WH-GreatLakes-MI,HYD-1005,4,0,136.35
SALE-02697,2026-04-07 18:00:24,CUST-121,Bhubaneswar Southeast Hub,WH-Southeast-GA,FAS-3004,7,0,35.36
SALE-02698,2025-11-03 20:29:44,CUST-107,Chennai South Hub,WH-South-FL,FIL-4003,7,0,43.61
SALE-02699,2025-12-13 18:24:46,CUST-109,Guwahati Northeast Hub,WH-Northeast-NY,ELE-2005,1,0,213.31
SALE-02700,2026-06-26 20:45:36,CUST-138,Chennai South Hub,WH-South-FL,FAS-3004,4,0,33.19
SALE-02701,2026-06-19 20:30:32,CUST-114,Delhi North Hub,WH-North-IL,HYD-1002,1,0,328.74
SALE-02702,2026-03-25 19:09:04,CUST-123,Kolkata East Hub,WH-East-NC,ELE-2003,2,0,77.64
SALE-02703,2025-09-13 20:55:37,CUST-155,Bengaluru Technology Hub,WH-Pacific-WA,FIL-4005,8,0,63.86
SALE-02704,2026-03-29 20:02:36,CUST-119,Jaipur Regional Hub,WH-Mountain-CO,FIL-4002,1,0,31.75
SALE-02705,2026-03-21 19:23:42,CUST-117,Mumbai West Hub,WH-West-CA,ELE-2003,3,0,71.36
SALE-02706,2025-10-08 19:14:06,CUST-132,Ahmedabad Southwest Hub,WH-Southwest-AZ,ELE-2002,1,0,128.38
SALE-02707,2025-10-23 20:30:23,CUST-135,Indore Central-West Hub,WH-Rockies-UT,FIL-4001,6,0,56.07
SALE-02708,2026-01-13 20:31:25,CUST-136,Lucknow Mid-India Hub,WH-MidAtlantic-VA,HYD-1004,1,0,173.1
SALE-02709,2026-01-18 20:02:04,CUST-113,Nagpur Central Hub,WH-GreatLakes-MI,FAS-3005,13,0,29.4
SALE-02710,2025-11-29 17:31:44,CUST-160,Coimbatore South Central Hub,WH-SouthCentral-OK,FIL-4002,6,0,30.33
SALE-02711,2026-04-16 19:14:27,CUST-153,Pune Midwest Hub,WH-Midwest-OH,FAS-3001,10,0,26.31
SALE-02712,2025-11-26 18:45:20,CUST-112,Pune Midwest Hub,WH-Midwest-OH,FAS-3004,11,0,34.6
SALE-02713,2026-06-25 20:27:24,CUST-146,Delhi North Hub,WH-North-IL,ELE-2001,4,0,675.76
SALE-02714,2026-05-03 18:03:02,CUST-146,Mumbai West Hub,WH-West-CA,FIL-4001,1,0,55.77
SALE-02715,2025-12-03 18:52:57,CUST-134,Kolkata East Hub,WH-East-NC,FIL-4001,9,0,56.52
SALE-02716,2026-05-08 17:00:27,CUST-131,Chennai South Hub,WH-South-FL,FIL-4002,2,0,34.44
SALE-02717,2025-09-30 18:37:43,CUST-138,Bhubaneswar Southeast Hub,WH-Southeast-GA,FAS-3001,12,0,24.47
SALE-02718,2026-04-11 19:05:43,CUST-147,Jaipur Regional Hub,WH-Mountain-CO,HYD-1003,1,0,82.29
SALE-02719,2026-07-17 18:38:45,CUST-147,Bengaluru Technology Hub,WH-Pacific-WA,FAS-3004,12,0,37.73
SALE-02720,2025-11-28 20:48:32,CUST-113,Hyderabad Central Hub,WH-Central-TX,ELE-2003,3,0,79.01
SALE-02721,2025-11-30 20:11:36,CUST-115,Delhi North Hub,WH-North-IL,HYD-1001,4,0,467.9
SALE-02722,2026-07-24 20:04:23,CUST-140,Delhi North Hub,WH-North-IL,ELE-2001,2,0,709.4
SALE-02723,2026-07-02 19:19:57,CUST-158,Hyderabad Central Hub,WH-Central-TX,FAS-3002,8,0,18.26
SALE-02724,2025-09-03 20:27:55,CUST-140,Bengaluru Technology Hub,WH-Pacific-WA,FIL-4002,6,0,30.34
SALE-02725,2025-11-20 18:54:32,CUST-136,Lucknow Mid-India Hub,WH-MidAtlantic-VA,HYD-1003,2,0,85.06
SALE-02726,2026-04-24 19:24:58,CUST-117,Bengaluru Technology Hub,WH-Pacific-WA,FAS-3005,8,0,28.78
SALE-02727,2026-07-09 18:12:07,CUST-155,Bengaluru Technology Hub,WH-Pacific-WA,FAS-3001,8,0,25.07
SALE-02728,2026-05-16 17:48:42,CUST-103,Bengaluru Technology Hub,WH-Pacific-WA,FIL-4003,7,5,42.17
SALE-02729,2025-11-30 18:26:22,CUST-104,Pune Midwest Hub,WH-Midwest-OH,FAS-3004,4,0,37.5
SALE-02730,2026-04-15 19:53:56,CUST-109,Lucknow Mid-India Hub,WH-MidAtlantic-VA,HYD-1004,2,0,186.98
SALE-02731,2026-04-25 17:52:51,CUST-119,Delhi North Hub,WH-North-IL,FAS-3002,7,0,19.23
SALE-02732,2026-07-20 19:54:28,CUST-137,Bengaluru Technology Hub,WH-Pacific-WA,ELE-2002,4,0,126.13
SALE-02733,2026-07-14 17:57:41,CUST-116,Pune Midwest Hub,WH-Midwest-OH,FIL-4004,3,0,50.98
SALE-02734,2026-05-02 20:29:28,CUST-106,Kolkata East Hub,WH-East-NC,HYD-1003,1,0,85.43
SALE-02735,2026-01-17 17:13:29,CUST-111,Guwahati Northeast Hub,WH-Northeast-NY,FIL-4003,1,1,41.0
SALE-02736,2026-05-10 20:39:11,CUST-149,Lucknow Mid-India Hub,WH-MidAtlantic-VA,ELE-2003,1,0,73.5
SALE-02737,2026-05-02 20:52:02,CUST-143,Lucknow Mid-India Hub,WH-MidAtlantic-VA,FAS-3002,12,0,19.33
SALE-02738,2025-11-24 18:53:02,CUST-107,Ahmedabad Southwest Hub,WH-Southwest-AZ,ELE-2003,4,0,78.97
SALE-02739,2026-05-17 20:16:43,CUST-139,Mumbai West Hub,WH-West-CA,FAS-3003,4,0,23.03
SALE-02740,2026-03-25 18:07:17,CUST-117,Kolkata East Hub,WH-East-NC,FIL-4004,8,1,46.09
SALE-02741,2025-10-29 18:58:24,CUST-114,Pune Midwest Hub,WH-Midwest-OH,FIL-4001,2,0,54.55
SALE-02742,2026-02-11 18:38:28,CUST-143,Guwahati Northeast Hub,WH-Northeast-NY,FAS-3003,10,0,22.16
SALE-02743,2025-11-08 18:36:05,CUST-127,Mumbai West Hub,WH-West-CA,FAS-3003,8,0,23.47
SALE-02744,2025-09-26 17:41:12,CUST-134,Hyderabad Central Hub,WH-Central-TX,ELE-2001,2,0,684.38
SALE-02745,2026-03-21 20:08:50,CUST-132,Bengaluru Technology Hub,WH-Pacific-WA,ELE-2004,5,0,417.35
SALE-02746,2025-09-08 18:01:26,CUST-158,Indore Central-West Hub,WH-Rockies-UT,HYD-1001,2,0,442.54
SALE-02747,2026-06-12 19:09:37,CUST-118,Guwahati Northeast Hub,WH-Northeast-NY,HYD-1005,5,0,135.15
SALE-02748,2025-10-03 20:38:47,CUST-109,Lucknow Mid-India Hub,WH-MidAtlantic-VA,HYD-1001,6,0,426.31
SALE-02749,2026-07-15 20:22:59,CUST-145,Jaipur Regional Hub,WH-Mountain-CO,FIL-4004,3,0,50.75
SALE-02750,2026-02-07 17:59:05,CUST-155,Hyderabad Central Hub,WH-Central-TX,ELE-2003,3,0,72.57
SALE-02751,2026-05-15 18:51:09,CUST-154,Ahmedabad Southwest Hub,WH-Southwest-AZ,FIL-4005,3,0,66.08
SALE-02752,2026-05-30 20:19:28,CUST-123,Indore Central-West Hub,WH-Rockies-UT,HYD-1001,5,0,433.0
SALE-02753,2026-01-02 20:18:16,CUST-146,Kolkata East Hub,WH-East-NC,ELE-2005,4,0,201.56
SALE-02754,2025-12-15 17:25:04,CUST-142,Hyderabad Central Hub,WH-Central-TX,ELE-2001,2,1,651.22
SALE-02755,2026-05-01 20:53:48,CUST-107,Chennai South Hub,WH-South-FL,HYD-1003,2,0,89.88
SALE-02756,2025-11-07 18:41:26,CUST-137,Bengaluru Technology Hub,WH-Pacific-WA,FIL-4004,7,0,47.43
SALE-02757,2025-09-19 17:59:01,CUST-157,Bengaluru Technology Hub,WH-Pacific-WA,FIL-4003,5,0,43.1
SALE-02758,2026-04-28 17:33:40,CUST-147,Bengaluru Technology Hub,WH-Pacific-WA,ELE-2001,3,0,688.23
SALE-02759,2026-02-04 18:36:00,CUST-112,Pune Midwest Hub,WH-Midwest-OH,FAS-3001,9,0,24.79
SALE-02760,2025-10-16 18:23:31,CUST-156,Bengaluru Technology Hub,WH-Pacific-WA,HYD-1001,2,0,427.94
SALE-02761,2025-09-21 19:45:35,CUST-142,Bengaluru Technology Hub,WH-Pacific-WA,FAS-3002,8,0,19.11
SALE-02762,2025-10-22 20:45:21,CUST-126,Delhi North Hub,WH-North-IL,FAS-3005,11,0,29.68
SALE-02763,2026-06-01 19:32:56,CUST-116,Jaipur Regional Hub,WH-Mountain-CO,HYD-1001,3,0,450.99
SALE-02764,2026-01-11 20:02:25,CUST-119,Lucknow Mid-India Hub,WH-MidAtlantic-VA,FIL-4003,6,0,41.8
SALE-02765,2026-05-19 18:03:22,CUST-131,Lucknow Mid-India Hub,WH-MidAtlantic-VA,FIL-4005,3,1,60.58
SALE-02766,2025-10-20 19:46:07,CUST-133,Bhubaneswar Southeast Hub,WH-Southeast-GA,ELE-2001,2,0,732.95
SALE-02767,2026-05-22 19:56:37,CUST-119,Nagpur Central Hub,WH-GreatLakes-MI,FAS-3002,5,0,19.26
SALE-02768,2026-03-11 17:55:04,CUST-107,Jaipur Regional Hub,WH-Mountain-CO,FIL-4002,8,0,33.34
SALE-02769,2025-10-23 17:26:35,CUST-120,Hyderabad Central Hub,WH-Central-TX,HYD-1001,1,0,429.55
SALE-02770,2025-11-06 17:49:09,CUST-120,Hyderabad Central Hub,WH-Central-TX,ELE-2002,2,0,120.78
SALE-02771,2026-01-19 18:41:24,CUST-145,Kolkata East Hub,WH-East-NC,ELE-2005,3,0,199.52
SALE-02772,2026-06-01 18:08:19,CUST-145,Bhubaneswar Southeast Hub,WH-Southeast-GA,HYD-1005,5,0,139.49
SALE-02773,2026-01-06 17:42:40,CUST-103,Lucknow Mid-India Hub,WH-MidAtlantic-VA,ELE-2001,2,0,640.32
SALE-02774,2026-01-05 19:08:03,CUST-152,Bhubaneswar Southeast Hub,WH-Southeast-GA,FAS-3004,5,0,33.59
SALE-02775,2026-07-21 18:53:19,CUST-111,Jaipur Regional Hub,WH-Mountain-CO,FIL-4004,7,0,50.48
SALE-02776,2025-11-28 19:11:50,CUST-110,Mumbai West Hub,WH-West-CA,HYD-1004,5,0,168.93
SALE-02777,2025-12-21 17:14:36,CUST-159,Pune Midwest Hub,WH-Midwest-OH,HYD-1004,2,0,170.25
SALE-02778,2026-05-27 19:36:46,CUST-109,Coimbatore South Central Hub,WH-SouthCentral-OK,FIL-4005,5,0,58.56
SALE-02779,2025-12-16 19:35:30,CUST-124,Coimbatore South Central Hub,WH-SouthCentral-OK,FIL-4001,7,0,57.97
SALE-02780,2026-07-26 20:14:08,CUST-133,Jaipur Regional Hub,WH-Mountain-CO,FIL-4002,8,0,32.07
SALE-02781,2025-09-28 19:58:47,CUST-155,Nagpur Central Hub,WH-GreatLakes-MI,HYD-1003,6,0,86.0
SALE-02782,2026-01-16 18:57:59,CUST-123,Ahmedabad Southwest Hub,WH-Southwest-AZ,ELE-2004,1,0,393.87
SALE-02783,2026-01-13 19:29:40,CUST-136,Delhi North Hub,WH-North-IL,HYD-1002,1,0,331.78
SALE-02784,2026-05-08 17:46:27,CUST-118,Kolkata East Hub,WH-East-NC,ELE-2001,1,0,657.35
SALE-02785,2025-10-14 20:48:04,CUST-102,Nagpur Central Hub,WH-GreatLakes-MI,FIL-4003,5,0,44.57
SALE-02786,2026-07-07 20:05:14,CUST-160,Coimbatore South Central Hub,WH-SouthCentral-OK,FIL-4003,7,0,42.9
SALE-02787,2026-02-08 18:26:54,CUST-134,Hyderabad Central Hub,WH-Central-TX,FIL-4004,5,0,50.16
SALE-02788,2025-12-24 19:31:47,CUST-140,Lucknow Mid-India Hub,WH-MidAtlantic-VA,HYD-1003,1,0,85.5
SALE-02789,2026-02-05 19:58:16,CUST-114,Jaipur Regional Hub,WH-Mountain-CO,ELE-2002,3,0,133.31
SALE-02790,2026-07-13 18:44:57,CUST-135,Bhubaneswar Southeast Hub,WH-Southeast-GA,ELE-2003,1,0,74.16
SALE-02791,2026-01-09 19:14:54,CUST-135,Mumbai West Hub,WH-West-CA,FIL-4005,6,0,66.24
SALE-02792,2025-12-26 20:36:41,CUST-116,Nagpur Central Hub,WH-GreatLakes-MI,FIL-4001,8,0,58.94
SALE-02793,2026-06-14 17:04:44,CUST-144,Delhi North Hub,WH-North-IL,FIL-4002,8,0,30.79
SALE-02794,2025-10-16 17:18:37,CUST-130,Lucknow Mid-India Hub,WH-MidAtlantic-VA,FIL-4002,4,0,34.15
SALE-02795,2025-09-02 20:09:41,CUST-127,Bengaluru Technology Hub,WH-Pacific-WA,HYD-1004,1,0,181.72
SALE-02796,2026-01-24 19:19:29,CUST-144,Kolkata East Hub,WH-East-NC,FIL-4001,7,0,57.02
SALE-02797,2026-02-07 18:53:34,CUST-138,Lucknow Mid-India Hub,WH-MidAtlantic-VA,ELE-2001,2,2,721.48
SALE-02798,2025-09-27 17:59:41,CUST-106,Hyderabad Central Hub,WH-Central-TX,FAS-3005,6,0,28.4
SALE-02799,2025-12-27 17:04:12,CUST-155,Bengaluru Technology Hub,WH-Pacific-WA,HYD-1004,3,0,165.81
SALE-02800,2026-07-18 19:32:00,CUST-132,Delhi North Hub,WH-North-IL,HYD-1004,1,0,181.15
SALE-02801,2026-06-06 17:09:19,CUST-141,Pune Midwest Hub,WH-Midwest-OH,FIL-4001,6,0,52.39
SALE-02802,2026-01-03 17:24:35,CUST-129,Bengaluru Technology Hub,WH-Pacific-WA,HYD-1004,2,0,186.23
SALE-02803,2026-01-23 20:16:45,CUST-130,Kolkata East Hub,WH-East-NC,HYD-1002,4,0,301.14
SALE-02804,2026-05-22 19:57:55,CUST-117,Pune Midwest Hub,WH-Midwest-OH,HYD-1003,1,0,82.43
SALE-02805,2026-04-14 19:45:23,CUST-151,Ahmedabad Southwest Hub,WH-Southwest-AZ,FIL-4005,8,0,59.29
SALE-02806,2026-02-03 20:08:47,CUST-101,Lucknow Mid-India Hub,WH-MidAtlantic-VA,HYD-1003,2,0,80.85
SALE-02807,2026-04-27 20:57:40,CUST-109,Chennai South Hub,WH-South-FL,HYD-1005,5,0,149.48
SALE-02808,2025-12-31 17:42:51,CUST-107,Jaipur Regional Hub,WH-Mountain-CO,FIL-4003,8,0,42.28
SALE-02809,2026-07-09 19:58:24,CUST-120,Coimbatore South Central Hub,WH-SouthCentral-OK,ELE-2005,2,0,202.35
SALE-02810,2025-12-27 18:25:11,CUST-133,Delhi North Hub,WH-North-IL,FIL-4005,7,0,59.59
SALE-02811,2025-09-05 18:09:37,CUST-104,Guwahati Northeast Hub,WH-Northeast-NY,FIL-4002,6,3,33.92
SALE-02812,2026-05-21 17:53:53,CUST-107,Kolkata East Hub,WH-East-NC,ELE-2004,1,0,378.44
SALE-02813,2026-02-24 19:57:17,CUST-114,Indore Central-West Hub,WH-Rockies-UT,HYD-1003,6,0,86.54
SALE-02814,2025-12-13 17:51:04,CUST-130,Indore Central-West Hub,WH-Rockies-UT,ELE-2002,3,0,129.11
SALE-02815,2026-06-07 20:45:08,CUST-159,Jaipur Regional Hub,WH-Mountain-CO,FAS-3001,9,0,24.72
SALE-02816,2026-01-04 18:40:44,CUST-148,Kolkata East Hub,WH-East-NC,ELE-2004,1,0,394.1
SALE-02817,2026-03-31 17:49:42,CUST-123,Hyderabad Central Hub,WH-Central-TX,ELE-2005,3,0,206.52
SALE-02818,2026-02-11 20:44:41,CUST-131,Bhubaneswar Southeast Hub,WH-Southeast-GA,FIL-4004,8,0,49.56
SALE-02819,2025-11-21 17:17:14,CUST-145,Guwahati Northeast Hub,WH-Northeast-NY,ELE-2002,3,0,128.85
SALE-02820,2025-10-29 17:36:22,CUST-145,Mumbai West Hub,WH-West-CA,FAS-3005,5,0,28.64
SALE-02821,2026-04-06 17:57:15,CUST-124,Ahmedabad Southwest Hub,WH-Southwest-AZ,HYD-1003,5,0,81.15
SALE-02822,2026-04-12 17:38:56,CUST-126,Lucknow Mid-India Hub,WH-MidAtlantic-VA,FIL-4004,11,3,48.13
SALE-02823,2026-02-13 20:24:03,CUST-153,Lucknow Mid-India Hub,WH-MidAtlantic-VA,FIL-4003,6,0,43.62
SALE-02824,2026-02-01 17:56:17,CUST-146,Indore Central-West Hub,WH-Rockies-UT,HYD-1002,3,0,313.42
SALE-02825,2026-03-28 19:54:16,CUST-133,Delhi North Hub,WH-North-IL,FIL-4003,6,0,43.56
SALE-02826,2026-05-03 19:48:58,CUST-110,Pune Midwest Hub,WH-Midwest-OH,ELE-2002,1,0,133.96
SALE-02827,2026-04-08 18:56:48,CUST-153,Delhi North Hub,WH-North-IL,FIL-4003,5,0,43.46
SALE-02828,2025-10-26 17:57:49,CUST-157,Nagpur Central Hub,WH-GreatLakes-MI,FAS-3003,9,0,21.42
SALE-02829,2026-06-27 17:34:10,CUST-113,Delhi North Hub,WH-North-IL,HYD-1001,4,0,485.7
SALE-02830,2026-05-26 20:17:37,CUST-112,Ahmedabad Southwest Hub,WH-Southwest-AZ,ELE-2002,1,0,127.98
SALE-02831,2026-02-21 20:00:32,CUST-160,Indore Central-West Hub,WH-Rockies-UT,FAS-3001,4,0,25.17
SALE-02832,2026-05-22 17:44:43,CUST-152,Bhubaneswar Southeast Hub,WH-Southeast-GA,HYD-1005,3,0,135.75
SALE-02833,2026-06-19 19:57:35,CUST-131,Pune Midwest Hub,WH-Midwest-OH,FIL-4003,5,0,40.07
SALE-02834,2025-11-20 18:11:09,CUST-145,Delhi North Hub,WH-North-IL,FIL-4005,6,0,62.86
SALE-02835,2026-02-01 18:06:12,CUST-159,Bhubaneswar Southeast Hub,WH-Southeast-GA,FIL-4005,8,0,60.35
SALE-02836,2025-11-29 20:04:17,CUST-160,Delhi North Hub,WH-North-IL,FAS-3004,10,0,37.33
SALE-02837,2026-05-04 20:07:50,CUST-152,Chennai South Hub,WH-South-FL,FAS-3003,18,0,21.78
SALE-02838,2026-07-21 20:46:36,CUST-146,Bhubaneswar Southeast Hub,WH-Southeast-GA,FAS-3005,10,0,28.88
SALE-02839,2025-12-23 17:46:11,CUST-140,Kolkata East Hub,WH-East-NC,FAS-3002,11,0,17.22
SALE-02840,2026-05-19 20:40:40,CUST-101,Pune Midwest Hub,WH-Midwest-OH,FIL-4004,5,0,45.34
SALE-02841,2026-05-25 20:07:07,CUST-119,Indore Central-West Hub,WH-Rockies-UT,HYD-1001,6,0,464.07
SALE-02842,2026-04-05 17:12:38,CUST-105,Kolkata East Hub,WH-East-NC,HYD-1001,3,0,477.53
SALE-02843,2026-03-22 17:23:52,CUST-140,Kolkata East Hub,WH-East-NC,FAS-3004,8,0,34.53
SALE-02844,2026-06-18 19:29:12,CUST-112,Kolkata East Hub,WH-East-NC,FAS-3004,6,0,36.04
SALE-02845,2025-11-26 18:58:57,CUST-105,Chennai South Hub,WH-South-FL,FIL-4004,7,0,49.35
SALE-02846,2026-05-24 17:46:10,CUST-154,Coimbatore South Central Hub,WH-SouthCentral-OK,FAS-3004,9,0,35.04
SALE-02847,2025-10-17 17:55:52,CUST-108,Mumbai West Hub,WH-West-CA,HYD-1004,3,0,175.44
SALE-02848,2026-06-22 20:18:46,CUST-124,Ahmedabad Southwest Hub,WH-Southwest-AZ,HYD-1004,2,2,178.71
SALE-02849,2025-11-03 20:58:51,CUST-159,Jaipur Regional Hub,WH-Mountain-CO,ELE-2003,4,0,74.11
SALE-02850,2026-01-14 18:28:16,CUST-142,Ahmedabad Southwest Hub,WH-Southwest-AZ,FAS-3004,9,0,36.68
SALE-02851,2025-12-25 18:41:47,CUST-110,Nagpur Central Hub,WH-GreatLakes-MI,FAS-3004,6,0,33.37
SALE-02852,2026-04-13 17:50:31,CUST-157,Guwahati Northeast Hub,WH-Northeast-NY,FIL-4001,4,0,56.6
SALE-02853,2026-01-15 19:13:36,CUST-147,Pune Midwest Hub,WH-Midwest-OH,FAS-3002,8,0,18.94
SALE-02854,2026-03-13 18:04:37,CUST-101,Bhubaneswar Southeast Hub,WH-Southeast-GA,FAS-3005,17,0,28.61
SALE-02855,2025-09-15 18:20:32,CUST-114,Delhi North Hub,WH-North-IL,HYD-1003,2,2,87.55
SALE-02856,2025-11-22 17:09:59,CUST-112,Bhubaneswar Southeast Hub,WH-Southeast-GA,FAS-3002,9,0,18.74
SALE-02857,2026-06-14 20:00:18,CUST-116,Lucknow Mid-India Hub,WH-MidAtlantic-VA,HYD-1003,4,0,86.53
SALE-02858,2025-09-07 18:19:39,CUST-145,Ahmedabad Southwest Hub,WH-Southwest-AZ,HYD-1005,3,0,150.37
SALE-02859,2025-10-15 19:40:07,CUST-149,Bhubaneswar Southeast Hub,WH-Southeast-GA,ELE-2005,3,0,215.35
SALE-02860,2025-11-16 19:52:00,CUST-112,Hyderabad Central Hub,WH-Central-TX,HYD-1001,3,0,481.63
SALE-02861,2025-11-05 17:23:53,CUST-125,Guwahati Northeast Hub,WH-Northeast-NY,FAS-3004,11,0,35.65
SALE-02862,2025-09-12 18:44:56,CUST-159,Jaipur Regional Hub,WH-Mountain-CO,FIL-4005,8,0,60.77
SALE-02863,2025-09-29 17:16:17,CUST-116,Kolkata East Hub,WH-East-NC,FAS-3002,8,0,17.52
SALE-02864,2026-01-31 20:45:40,CUST-157,Guwahati Northeast Hub,WH-Northeast-NY,FIL-4005,3,0,60.89
SALE-02865,2026-06-20 19:13:43,CUST-145,Chennai South Hub,WH-South-FL,FIL-4003,8,0,42.32
SALE-02866,2025-12-24 19:02:29,CUST-148,Jaipur Regional Hub,WH-Mountain-CO,FAS-3001,8,0,24.69
SALE-02867,2026-03-14 18:50:20,CUST-155,Guwahati Northeast Hub,WH-Northeast-NY,FIL-4001,10,0,55.05
SALE-02868,2026-07-22 20:00:24,CUST-130,Kolkata East Hub,WH-East-NC,HYD-1003,4,0,91.46
SALE-02869,2026-02-06 17:04:10,CUST-114,Kolkata East Hub,WH-East-NC,FAS-3005,14,0,28.82
SALE-02870,2026-06-02 20:51:28,CUST-107,Mumbai West Hub,WH-West-CA,FIL-4003,4,0,43.27
SALE-02871,2026-06-07 19:09:10,CUST-133,Coimbatore South Central Hub,WH-SouthCentral-OK,FIL-4004,5,0,46.67
SALE-02872,2025-12-31 19:15:35,CUST-155,Nagpur Central Hub,WH-GreatLakes-MI,FIL-4004,7,0,51.02
SALE-02873,2026-03-27 17:06:07,CUST-152,Delhi North Hub,WH-North-IL,ELE-2004,2,0,399.29
SALE-02874,2026-06-19 20:13:34,CUST-117,Jaipur Regional Hub,WH-Mountain-CO,FIL-4004,8,0,46.68
SALE-02875,2025-11-19 17:36:22,CUST-110,Bengaluru Technology Hub,WH-Pacific-WA,FIL-4001,7,0,57.02
SALE-02876,2025-10-16 18:26:45,CUST-120,Mumbai West Hub,WH-West-CA,ELE-2001,2,0,650.68
SALE-02877,2026-03-09 19:06:48,CUST-121,Hyderabad Central Hub,WH-Central-TX,FIL-4004,7,0,51.45
SALE-02878,2026-05-23 18:28:19,CUST-135,Mumbai West Hub,WH-West-CA,FAS-3004,7,0,34.37
SALE-02879,2026-03-12 20:54:29,CUST-155,Pune Midwest Hub,WH-Midwest-OH,ELE-2001,5,0,706.7
SALE-02880,2025-10-20 17:31:04,CUST-149,Ahmedabad Southwest Hub,WH-Southwest-AZ,ELE-2002,4,0,132.63
SALE-02881,2026-01-01 18:49:31,CUST-120,Chennai South Hub,WH-South-FL,HYD-1003,3,0,88.46
SALE-02882,2025-11-10 20:28:27,CUST-111,Indore Central-West Hub,WH-Rockies-UT,HYD-1004,2,0,169.03
SALE-02883,2026-04-02 18:55:11,CUST-109,Nagpur Central Hub,WH-GreatLakes-MI,FIL-4001,11,0,55.52
SALE-02884,2025-10-09 18:42:02,CUST-145,Delhi North Hub,WH-North-IL,HYD-1005,5,0,131.68
SALE-02885,2026-07-17 20:36:32,CUST-128,Delhi North Hub,WH-North-IL,FIL-4005,2,0,64.83
SALE-02886,2026-07-06 20:41:23,CUST-116,Lucknow Mid-India Hub,WH-MidAtlantic-VA,FAS-3005,6,0,31.26
SALE-02887,2026-03-07 18:43:37,CUST-141,Nagpur Central Hub,WH-GreatLakes-MI,ELE-2002,1,0,118.26
SALE-02888,2026-05-17 18:36:57,CUST-159,Indore Central-West Hub,WH-Rockies-UT,FAS-3005,11,0,29.27
SALE-02889,2025-11-06 19:03:16,CUST-105,Delhi North Hub,WH-North-IL,HYD-1005,3,0,147.11
SALE-02890,2025-09-13 19:52:40,CUST-117,Mumbai West Hub,WH-West-CA,ELE-2005,3,0,203.88
SALE-02891,2025-12-15 20:22:38,CUST-136,Coimbatore South Central Hub,WH-SouthCentral-OK,ELE-2005,3,0,224.53
SALE-02892,2026-04-11 20:00:15,CUST-114,Ahmedabad Southwest Hub,WH-Southwest-AZ,HYD-1001,5,0,455.8
SALE-02893,2026-07-24 20:45:14,CUST-125,Coimbatore South Central Hub,WH-SouthCentral-OK,FIL-4004,2,0,47.06
SALE-02894,2026-01-23 17:41:11,CUST-110,Ahmedabad Southwest Hub,WH-Southwest-AZ,FIL-4002,4,0,33.04
SALE-02895,2026-06-22 20:24:20,CUST-119,Bengaluru Technology Hub,WH-Pacific-WA,HYD-1001,8,5,428.53
SALE-02896,2026-03-17 18:51:20,CUST-134,Bengaluru Technology Hub,WH-Pacific-WA,FIL-4003,8,0,44.9
SALE-02897,2025-10-16 19:12:10,CUST-128,Bhubaneswar Southeast Hub,WH-Southeast-GA,HYD-1001,2,0,449.52
SALE-02898,2026-03-08 20:51:39,CUST-158,Coimbatore South Central Hub,WH-SouthCentral-OK,FIL-4003,8,0,40.51
SALE-02899,2026-06-28 18:31:29,CUST-127,Delhi North Hub,WH-North-IL,FIL-4005,10,0,62.27
SALE-02900,2026-02-07 18:27:34,CUST-124,Indore Central-West Hub,WH-Rockies-UT,ELE-2001,1,0,703.37
SALE-02901,2025-11-18 17:52:13,CUST-109,Indore Central-West Hub,WH-Rockies-UT,HYD-1002,6,0,315.92
SALE-02902,2026-02-14 19:55:09,CUST-138,Kolkata East Hub,WH-East-NC,ELE-2001,2,0,664.68
SALE-02903,2026-03-02 17:12:44,CUST-109,Chennai South Hub,WH-South-FL,HYD-1005,1,0,142.96
SALE-02904,2025-11-18 18:10:34,CUST-125,Chennai South Hub,WH-South-FL,HYD-1005,1,0,137.42
SALE-02905,2026-05-04 19:23:32,CUST-108,Guwahati Northeast Hub,WH-Northeast-NY,ELE-2005,2,0,211.85
SALE-02906,2026-05-02 18:44:33,CUST-118,Pune Midwest Hub,WH-Midwest-OH,FIL-4003,4,0,44.91
SALE-02907,2026-02-04 20:40:38,CUST-154,Mumbai West Hub,WH-West-CA,FAS-3001,8,0,26.22
SALE-02908,2026-04-01 19:38:58,CUST-155,Kolkata East Hub,WH-East-NC,HYD-1002,5,0,308.06
SALE-02909,2026-06-18 20:43:28,CUST-112,Mumbai West Hub,WH-West-CA,HYD-1003,5,0,91.12
SALE-02910,2026-01-01 18:53:11,CUST-129,Delhi North Hub,WH-North-IL,FIL-4003,7,0,41.34
SALE-02911,2026-03-08 20:38:14,CUST-112,Pune Midwest Hub,WH-Midwest-OH,FAS-3005,10,0,29.51
SALE-02912,2026-05-31 19:52:03,CUST-122,Bhubaneswar Southeast Hub,WH-Southeast-GA,FIL-4002,9,0,31.73
SALE-02913,2025-11-26 20:35:26,CUST-113,Nagpur Central Hub,WH-GreatLakes-MI,ELE-2001,4,0,718.17
SALE-02914,2025-11-25 17:02:42,CUST-106,Lucknow Mid-India Hub,WH-MidAtlantic-VA,FAS-3001,12,0,25.39
SALE-02915,2025-11-27 17:13:39,CUST-103,Mumbai West Hub,WH-West-CA,HYD-1005,4,0,135.47
SALE-02916,2026-02-02 20:35:46,CUST-109,Coimbatore South Central Hub,WH-SouthCentral-OK,FIL-4002,6,0,31.94
SALE-02917,2025-10-20 19:39:33,CUST-115,Pune Midwest Hub,WH-Midwest-OH,HYD-1003,8,0,81.34
SALE-02918,2026-06-19 19:19:12,CUST-114,Coimbatore South Central Hub,WH-SouthCentral-OK,FAS-3005,4,0,31.87
SALE-02919,2026-02-12 17:47:36,CUST-111,Lucknow Mid-India Hub,WH-MidAtlantic-VA,ELE-2001,1,0,658.74
SALE-02920,2025-12-08 19:42:20,CUST-148,Bengaluru Technology Hub,WH-Pacific-WA,FAS-3002,7,0,17.51
SALE-02921,2026-06-26 19:08:49,CUST-152,Ahmedabad Southwest Hub,WH-Southwest-AZ,FIL-4004,7,0,50.64
SALE-02922,2026-02-19 18:45:41,CUST-142,Jaipur Regional Hub,WH-Mountain-CO,ELE-2001,1,0,683.26
SALE-02923,2025-10-30 18:57:18,CUST-101,Hyderabad Central Hub,WH-Central-TX,ELE-2003,1,0,73.57
SALE-02924,2026-04-06 19:31:41,CUST-131,Mumbai West Hub,WH-West-CA,FIL-4004,11,0,45.65
SALE-02925,2025-11-04 17:11:42,CUST-158,Delhi North Hub,WH-North-IL,FAS-3005,5,0,30.18
SALE-02926,2026-04-08 19:39:37,CUST-147,Bengaluru Technology Hub,WH-Pacific-WA,HYD-1002,2,0,317.58
SALE-02927,2026-06-07 19:51:16,CUST-112,Bengaluru Technology Hub,WH-Pacific-WA,FIL-4004,3,0,46.56
SALE-02928,2026-02-27 19:24:35,CUST-121,Jaipur Regional Hub,WH-Mountain-CO,FAS-3005,12,0,31.93
SALE-02929,2026-05-23 18:06:23,CUST-111,Mumbai West Hub,WH-West-CA,FIL-4004,4,0,46.67
SALE-02930,2025-10-14 17:46:06,CUST-142,Jaipur Regional Hub,WH-Mountain-CO,HYD-1002,1,0,341.97
SALE-02931,2026-02-08 19:48:20,CUST-138,Kolkata East Hub,WH-East-NC,HYD-1002,4,0,324.39
SALE-02932,2025-12-06 17:13:32,CUST-156,Pune Midwest Hub,WH-Midwest-OH,HYD-1005,5,0,136.74
SALE-02933,2026-07-17 17:45:57,CUST-141,Kolkata East Hub,WH-East-NC,FAS-3002,11,0,17.63
SALE-02934,2026-01-12 20:51:54,CUST-135,Jaipur Regional Hub,WH-Mountain-CO,ELE-2005,3,0,218.72
SALE-02935,2025-09-02 17:46:50,CUST-101,Mumbai West Hub,WH-West-CA,FIL-4004,8,0,50.61
SALE-02936,2026-04-10 17:55:41,CUST-117,Guwahati Northeast Hub,WH-Northeast-NY,ELE-2001,5,0,699.72
SALE-02937,2026-05-28 20:26:17,CUST-142,Bengaluru Technology Hub,WH-Pacific-WA,HYD-1003,7,0,84.12
SALE-02938,2025-12-28 17:53:20,CUST-105,Ahmedabad Southwest Hub,WH-Southwest-AZ,HYD-1005,4,0,147.48
SALE-02939,2025-11-04 17:47:25,CUST-102,Ahmedabad Southwest Hub,WH-Southwest-AZ,HYD-1004,3,0,168.79
SALE-02940,2025-12-24 19:37:41,CUST-158,Bhubaneswar Southeast Hub,WH-Southeast-GA,FIL-4002,1,0,31.68
SALE-02941,2025-10-28 20:48:20,CUST-112,Nagpur Central Hub,WH-GreatLakes-MI,FAS-3005,10,0,29.87
SALE-02942,2025-11-30 19:48:10,CUST-127,Jaipur Regional Hub,WH-Mountain-CO,HYD-1002,1,0,319.37
SALE-02943,2025-09-20 19:31:05,CUST-135,Indore Central-West Hub,WH-Rockies-UT,FAS-3002,13,0,18.17
SALE-02944,2025-12-17 20:37:09,CUST-146,Guwahati Northeast Hub,WH-Northeast-NY,HYD-1005,4,0,143.49
SALE-02945,2026-05-08 19:01:11,CUST-160,Kolkata East Hub,WH-East-NC,FAS-3005,10,0,28.32
SALE-02946,2025-09-07 17:28:33,CUST-152,Kolkata East Hub,WH-East-NC,FAS-3001,7,0,23.74
SALE-02947,2025-12-22 17:35:17,CUST-121,Guwahati Northeast Hub,WH-Northeast-NY,HYD-1002,6,0,314.07
SALE-02948,2026-01-02 18:28:02,CUST-125,Pune Midwest Hub,WH-Midwest-OH,HYD-1001,5,0,460.74
SALE-02949,2025-12-29 19:23:53,CUST-128,Hyderabad Central Hub,WH-Central-TX,HYD-1003,3,0,88.06
SALE-02950,2026-05-01 17:30:04,CUST-137,Bhubaneswar Southeast Hub,WH-Southeast-GA,FIL-4005,3,0,61.81
SALE-02951,2026-06-15 17:19:47,CUST-149,Ahmedabad Southwest Hub,WH-Southwest-AZ,HYD-1001,2,0,434.24
SALE-02952,2026-06-17 19:17:55,CUST-103,Bhubaneswar Southeast Hub,WH-Southeast-GA,HYD-1005,1,0,136.32
SALE-02953,2026-07-01 17:51:30,CUST-113,Mumbai West Hub,WH-West-CA,FAS-3002,9,0,18.75
SALE-02954,2026-06-16 18:38:57,CUST-125,Bhubaneswar Southeast Hub,WH-Southeast-GA,FIL-4004,8,0,45.69
SALE-02955,2025-12-04 20:48:07,CUST-133,Jaipur Regional Hub,WH-Mountain-CO,FAS-3001,10,0,23.5
SALE-02956,2026-02-25 19:46:49,CUST-123,Jaipur Regional Hub,WH-Mountain-CO,FIL-4002,9,0,30.14
SALE-02957,2026-01-27 19:38:47,CUST-153,Mumbai West Hub,WH-West-CA,ELE-2005,2,0,211.03
SALE-02958,2025-11-08 20:00:10,CUST-159,Hyderabad Central Hub,WH-Central-TX,FIL-4004,11,0,48.04
SALE-02959,2026-07-15 17:22:35,CUST-153,Indore Central-West Hub,WH-Rockies-UT,FAS-3003,14,0,21.76
SALE-02960,2026-04-01 19:24:44,CUST-125,Coimbatore South Central Hub,WH-SouthCentral-OK,HYD-1001,1,0,438.05
SALE-02961,2026-07-21 17:46:24,CUST-112,Chennai South Hub,WH-South-FL,FAS-3005,10,0,29.13
SALE-02962,2026-02-12 20:25:20,CUST-157,Coimbatore South Central Hub,WH-SouthCentral-OK,HYD-1001,2,0,478.58
SALE-02963,2026-07-15 17:37:27,CUST-134,Chennai South Hub,WH-South-FL,FIL-4003,3,0,40.08
SALE-02964,2026-05-11 17:16:15,CUST-136,Pune Midwest Hub,WH-Midwest-OH,ELE-2002,2,0,128.33
SALE-02965,2025-10-10 18:03:16,CUST-129,Mumbai West Hub,WH-West-CA,FIL-4004,7,0,48.62
SALE-02966,2026-07-03 20:54:36,CUST-105,Nagpur Central Hub,WH-GreatLakes-MI,FAS-3002,11,0,18.84
SALE-02967,2025-12-17 17:55:29,CUST-143,Mumbai West Hub,WH-West-CA,HYD-1001,3,0,486.0
SALE-02968,2025-10-05 19:46:10,CUST-155,Chennai South Hub,WH-South-FL,FIL-4001,6,0,53.0
SALE-02969,2026-05-26 18:01:53,CUST-110,Chennai South Hub,WH-South-FL,FIL-4001,4,0,51.79
SALE-02970,2026-01-11 19:39:17,CUST-149,Bhubaneswar Southeast Hub,WH-Southeast-GA,FIL-4003,7,0,44.89
SALE-02971,2025-09-17 18:09:28,CUST-134,Nagpur Central Hub,WH-GreatLakes-MI,HYD-1001,2,0,476.16
SALE-02972,2026-06-24 20:25:57,CUST-115,Ahmedabad Southwest Hub,WH-Southwest-AZ,FIL-4003,8,0,42.77
SALE-02973,2025-12-06 19:00:33,CUST-117,Indore Central-West Hub,WH-Rockies-UT,ELE-2004,3,0,386.99
SALE-02974,2026-02-26 20:50:44,CUST-152,Mumbai West Hub,WH-West-CA,ELE-2004,2,2,396.95
SALE-02975,2026-04-30 20:01:38,CUST-132,Chennai South Hub,WH-South-FL,FIL-4004,4,0,49.14
SALE-02976,2025-11-14 17:16:26,CUST-101,Lucknow Mid-India Hub,WH-MidAtlantic-VA,FIL-4005,5,0,62.0
SALE-02977,2026-06-08 18:01:56,CUST-157,Hyderabad Central Hub,WH-Central-TX,ELE-2004,2,0,412.8
SALE-02978,2026-03-25 19:00:28,CUST-141,Lucknow Mid-India Hub,WH-MidAtlantic-VA,HYD-1002,5,0,317.27
SALE-02979,2026-03-21 18:39:59,CUST-124,Ahmedabad Southwest Hub,WH-Southwest-AZ,FAS-3001,7,0,25.43
SALE-02980,2025-09-05 20:13:51,CUST-109,Bengaluru Technology Hub,WH-Pacific-WA,FAS-3005,7,0,31.8
SALE-02981,2026-02-01 20:33:24,CUST-117,Pune Midwest Hub,WH-Midwest-OH,FAS-3004,13,0,37.4
SALE-02982,2025-11-13 17:57:59,CUST-137,Kolkata East Hub,WH-East-NC,HYD-1003,1,0,82.02
SALE-02983,2025-10-16 20:45:17,CUST-136,Ahmedabad Southwest Hub,WH-Southwest-AZ,ELE-2003,1,0,72.59
SALE-02984,2026-01-04 17:52:42,CUST-143,Kolkata East Hub,WH-East-NC,FAS-3004,5,0,37.04
SALE-02985,2025-10-13 19:19:56,CUST-125,Guwahati Northeast Hub,WH-Northeast-NY,HYD-1002,6,0,343.09
SALE-02986,2026-05-18 19:19:54,CUST-137,Coimbatore South Central Hub,WH-SouthCentral-OK,HYD-1004,3,0,167.78
SALE-02987,2026-05-08 17:33:21,CUST-147,Kolkata East Hub,WH-East-NC,FAS-3003,7,0,22.76
SALE-02988,2026-07-16 19:19:13,CUST-119,Lucknow Mid-India Hub,WH-MidAtlantic-VA,FAS-3004,8,0,33.37
SALE-02989,2026-07-22 20:31:40,CUST-112,Nagpur Central Hub,WH-GreatLakes-MI,HYD-1001,4,0,462.99
SALE-02990,2026-05-14 19:47:41,CUST-130,Delhi North Hub,WH-North-IL,FIL-4001,6,0,58.24
SALE-02991,2025-10-15 19:45:31,CUST-159,Kolkata East Hub,WH-East-NC,FIL-4001,6,0,55.28
SALE-02992,2025-10-16 19:50:15,CUST-157,Coimbatore South Central Hub,WH-SouthCentral-OK,FIL-4005,5,0,59.48
SALE-02993,2026-07-03 20:50:14,CUST-145,Chennai South Hub,WH-South-FL,ELE-2003,4,0,76.1
SALE-02994,2026-02-19 18:59:53,CUST-160,Pune Midwest Hub,WH-Midwest-OH,FAS-3001,8,0,26.32
SALE-02995,2026-03-12 17:16:31,CUST-149,Kolkata East Hub,WH-East-NC,ELE-2002,2,0,134.16
SALE-02996,2026-06-23 19:21:25,CUST-134,Ahmedabad Southwest Hub,WH-Southwest-AZ,HYD-1001,2,0,475.82
SALE-02997,2025-09-28 20:54:07,CUST-126,Hyderabad Central Hub,WH-Central-TX,ELE-2002,2,0,123.99
SALE-02998,2026-04-28 20:16:41,CUST-131,Nagpur Central Hub,WH-GreatLakes-MI,FAS-3003,9,0,21.48
SALE-02999,2026-01-27 20:31:24,CUST-132,Mumbai West Hub,WH-West-CA,FAS-3004,10,0,34.91
SALE-03000,2026-04-17 19:28:44,CUST-131,Lucknow Mid-India Hub,WH-MidAtlantic-VA,FAS-3002,12,0,18.7
SALE-03001,2026-04-16 20:05:12,CUST-106,Jaipur Regional Hub,WH-Mountain-CO,HYD-1004,3,0,180.18
SALE-03002,2026-06-05 20:52:06,CUST-153,Kolkata East Hub,WH-East-NC,FIL-4005,11,0,59.95
SALE-03003,2025-10-11 20:33:05,CUST-157,Bhubaneswar Southeast Hub,WH-Southeast-GA,HYD-1002,1,0,332.53
SALE-03004,2026-01-06 19:03:38,CUST-111,Ahmedabad Southwest Hub,WH-Southwest-AZ,ELE-2005,2,0,219.23
SALE-03005,2026-05-27 19:28:55,CUST-134,Bhubaneswar Southeast Hub,WH-Southeast-GA,FIL-4005,7,0,63.69
SALE-03006,2025-10-25 17:49:53,CUST-136,Coimbatore South Central Hub,WH-SouthCentral-OK,FIL-4001,7,0,56.71
SALE-03007,2026-05-11 20:45:28,CUST-115,Bengaluru Technology Hub,WH-Pacific-WA,ELE-2004,3,0,409.12
SALE-03008,2026-03-06 19:58:30,CUST-137,Bengaluru Technology Hub,WH-Pacific-WA,FIL-4002,3,0,31.19
SALE-03009,2026-03-09 18:22:52,CUST-148,Guwahati Northeast Hub,WH-Northeast-NY,FIL-4003,5,3,40.07
SALE-03010,2025-09-18 17:30:37,CUST-122,Guwahati Northeast Hub,WH-Northeast-NY,ELE-2003,1,0,77.45
SALE-03011,2025-09-11 17:12:29,CUST-144,Kolkata East Hub,WH-East-NC,ELE-2005,5,0,199.99
SALE-03012,2026-05-09 17:59:22,CUST-127,Kolkata East Hub,WH-East-NC,FIL-4002,7,0,32.91
SALE-03013,2026-06-22 17:01:00,CUST-143,Guwahati Northeast Hub,WH-Northeast-NY,FAS-3004,9,6,36.08
SALE-03014,2025-12-14 20:36:06,CUST-122,Bhubaneswar Southeast Hub,WH-Southeast-GA,ELE-2005,2,0,216.43
SALE-03015,2026-01-19 18:54:50,CUST-144,Lucknow Mid-India Hub,WH-MidAtlantic-VA,FIL-4002,11,0,32.4
SALE-03016,2025-10-21 20:09:33,CUST-126,Bengaluru Technology Hub,WH-Pacific-WA,HYD-1004,4,0,170.62
SALE-03017,2025-11-04 17:28:31,CUST-134,Nagpur Central Hub,WH-GreatLakes-MI,FIL-4001,4,0,58.0
SALE-03018,2026-05-17 17:35:30,CUST-150,Kolkata East Hub,WH-East-NC,ELE-2004,1,0,373.75
SALE-03019,2026-03-30 18:03:24,CUST-142,Coimbatore South Central Hub,WH-SouthCentral-OK,FIL-4003,6,0,41.22
SALE-03020,2026-03-15 18:57:28,CUST-127,Mumbai West Hub,WH-West-CA,HYD-1001,4,0,435.0
SALE-03021,2025-11-15 17:53:23,CUST-115,Pune Midwest Hub,WH-Midwest-OH,HYD-1005,5,0,138.46
SALE-03022,2025-09-04 18:31:02,CUST-135,Bengaluru Technology Hub,WH-Pacific-WA,FIL-4004,7,0,47.68
SALE-03023,2026-01-05 20:12:19,CUST-152,Mumbai West Hub,WH-West-CA,HYD-1005,4,0,149.27
SALE-03024,2026-04-20 18:14:52,CUST-148,Delhi North Hub,WH-North-IL,FAS-3005,15,0,30.44
SALE-03025,2026-04-09 19:11:45,CUST-120,Bengaluru Technology Hub,WH-Pacific-WA,ELE-2004,3,0,410.84
SALE-03026,2026-06-06 18:25:31,CUST-151,Delhi North Hub,WH-North-IL,ELE-2003,2,0,72.89
SALE-03027,2025-10-08 20:30:18,CUST-131,Chennai South Hub,WH-South-FL,ELE-2002,2,0,122.69
SALE-03028,2026-04-18 17:51:09,CUST-107,Hyderabad Central Hub,WH-Central-TX,FIL-4005,4,0,61.83
SALE-03029,2025-12-28 20:03:06,CUST-133,Ahmedabad Southwest Hub,WH-Southwest-AZ,HYD-1002,2,0,303.37
SALE-03030,2026-04-04 18:31:56,CUST-140,Kolkata East Hub,WH-East-NC,FIL-4001,8,0,56.37
SALE-03031,2025-09-09 18:19:10,CUST-138,Nagpur Central Hub,WH-GreatLakes-MI,FAS-3001,6,0,25.81
SALE-03032,2026-07-18 19:02:10,CUST-120,Mumbai West Hub,WH-West-CA,ELE-2004,3,0,417.87
SALE-03033,2026-06-18 18:36:51,CUST-138,Ahmedabad Southwest Hub,WH-Southwest-AZ,FAS-3002,3,0,19.36
SALE-03034,2026-04-30 18:00:45,CUST-116,Delhi North Hub,WH-North-IL,FAS-3001,14,0,25.52
SALE-03035,2025-09-07 19:03:13,CUST-150,Bhubaneswar Southeast Hub,WH-Southeast-GA,FIL-4003,1,0,43.42
SALE-03036,2025-09-25 20:36:25,CUST-130,Hyderabad Central Hub,WH-Central-TX,FAS-3002,13,0,18.79
SALE-03037,2026-04-08 20:30:35,CUST-101,Jaipur Regional Hub,WH-Mountain-CO,HYD-1002,1,0,335.68
SALE-03038,2026-03-10 19:49:22,CUST-140,Indore Central-West Hub,WH-Rockies-UT,ELE-2002,1,0,121.46
SALE-03039,2025-10-09 19:29:53,CUST-104,Kolkata East Hub,WH-East-NC,FAS-3004,5,0,36.05
SALE-03040,2026-07-10 17:15:14,CUST-109,Jaipur Regional Hub,WH-Mountain-CO,ELE-2004,2,0,407.38
SALE-03041,2025-11-04 19:45:02,CUST-103,Lucknow Mid-India Hub,WH-MidAtlantic-VA,HYD-1004,7,0,165.23
SALE-03042,2026-06-02 20:10:01,CUST-144,Jaipur Regional Hub,WH-Mountain-CO,HYD-1005,3,0,149.39
SALE-03043,2025-09-03 19:47:27,CUST-115,Indore Central-West Hub,WH-Rockies-UT,FAS-3004,4,0,35.08
SALE-03044,2026-07-24 18:54:14,CUST-149,Chennai South Hub,WH-South-FL,FIL-4003,9,0,41.43
SALE-03045,2025-09-03 18:46:49,CUST-105,Hyderabad Central Hub,WH-Central-TX,ELE-2001,3,0,701.94
SALE-03046,2026-01-04 17:19:33,CUST-128,Pune Midwest Hub,WH-Midwest-OH,ELE-2005,1,1,222.51
SALE-03047,2026-04-15 17:41:48,CUST-122,Ahmedabad Southwest Hub,WH-Southwest-AZ,HYD-1001,4,0,425.38
SALE-03048,2025-09-30 19:01:06,CUST-102,Mumbai West Hub,WH-West-CA,HYD-1002,5,0,342.51
SALE-03049,2026-03-13 17:13:51,CUST-148,Mumbai West Hub,WH-West-CA,FIL-4003,8,0,44.62
SALE-03050,2025-12-03 18:26:58,CUST-117,Pune Midwest Hub,WH-Midwest-OH,FAS-3002,11,0,19.04
SALE-03051,2025-09-08 17:22:11,CUST-115,Pune Midwest Hub,WH-Midwest-OH,HYD-1001,4,0,467.42
SALE-03052,2026-02-28 19:01:09,CUST-129,Chennai South Hub,WH-South-FL,FAS-3002,15,9,17.59
SALE-03053,2026-03-26 17:20:21,CUST-150,Ahmedabad Southwest Hub,WH-Southwest-AZ,FIL-4005,5,0,59.57
SALE-03054,2026-01-11 20:59:12,CUST-148,Pune Midwest Hub,WH-Midwest-OH,FIL-4001,2,0,52.01
SALE-03055,2026-07-10 20:28:23,CUST-145,Indore Central-West Hub,WH-Rockies-UT,FAS-3003,4,0,22.17
SALE-03056,2026-05-16 17:18:34,CUST-128,Coimbatore South Central Hub,WH-SouthCentral-OK,HYD-1005,4,0,149.17
SALE-03057,2026-05-16 18:50:21,CUST-125,Kolkata East Hub,WH-East-NC,ELE-2005,1,0,198.34
SALE-03058,2025-12-11 20:10:17,CUST-117,Bengaluru Technology Hub,WH-Pacific-WA,HYD-1003,5,0,85.87
SALE-03059,2025-09-04 18:13:31,CUST-101,Guwahati Northeast Hub,WH-Northeast-NY,HYD-1002,5,0,343.5
SALE-03060,2025-11-05 18:02:42,CUST-134,Mumbai West Hub,WH-West-CA,HYD-1003,4,0,88.96
SALE-03061,2025-12-30 18:21:14,CUST-111,Indore Central-West Hub,WH-Rockies-UT,HYD-1003,2,0,90.63
SALE-03062,2026-05-02 17:02:15,CUST-117,Bhubaneswar Southeast Hub,WH-Southeast-GA,HYD-1001,4,0,452.96
SALE-03063,2026-06-21 20:55:46,CUST-146,Bhubaneswar Southeast Hub,WH-Southeast-GA,ELE-2004,1,0,409.45
SALE-03064,2025-10-18 17:24:00,CUST-145,Indore Central-West Hub,WH-Rockies-UT,ELE-2002,3,0,130.11
SALE-03065,2026-07-23 19:54:58,CUST-126,Delhi North Hub,WH-North-IL,FIL-4005,11,0,58.93
SALE-03066,2026-04-07 19:18:39,CUST-150,Coimbatore South Central Hub,WH-SouthCentral-OK,HYD-1005,4,0,134.92
SALE-03067,2025-09-25 17:26:39,CUST-102,Mumbai West Hub,WH-West-CA,FAS-3002,8,0,17.44
SALE-03068,2026-02-09 17:29:11,CUST-139,Mumbai West Hub,WH-West-CA,ELE-2005,4,0,201.68
SALE-03069,2026-06-08 20:20:24,CUST-132,Lucknow Mid-India Hub,WH-MidAtlantic-VA,FAS-3001,5,0,25.56
SALE-03070,2026-04-07 18:50:26,CUST-159,Ahmedabad Southwest Hub,WH-Southwest-AZ,FAS-3004,3,0,34.52
SALE-03071,2025-10-29 20:42:06,CUST-120,Indore Central-West Hub,WH-Rockies-UT,ELE-2003,3,0,79.14
SALE-03072,2025-09-03 17:53:39,CUST-146,Kolkata East Hub,WH-East-NC,FIL-4002,5,4,32.64
SALE-03073,2025-12-11 17:02:22,CUST-154,Kolkata East Hub,WH-East-NC,HYD-1002,1,0,319.34
SALE-03074,2026-07-06 19:19:39,CUST-135,Bengaluru Technology Hub,WH-Pacific-WA,HYD-1001,2,0,480.99
SALE-03075,2025-11-25 18:08:16,CUST-113,Ahmedabad Southwest Hub,WH-Southwest-AZ,FIL-4002,4,0,30.82
SALE-03076,2026-01-26 18:13:12,CUST-137,Kolkata East Hub,WH-East-NC,ELE-2003,1,0,72.62
SALE-03077,2025-12-19 17:12:50,CUST-156,Bengaluru Technology Hub,WH-Pacific-WA,ELE-2004,1,0,414.33
SALE-03078,2026-06-16 17:45:47,CUST-117,Lucknow Mid-India Hub,WH-MidAtlantic-VA,FIL-4004,11,0,45.17
SALE-03079,2025-11-28 20:13:17,CUST-145,Chennai South Hub,WH-South-FL,HYD-1001,3,0,465.68
SALE-03080,2026-05-24 18:52:21,CUST-125,Hyderabad Central Hub,WH-Central-TX,FAS-3001,11,0,23.64
SALE-03081,2026-02-04 20:29:30,CUST-109,Pune Midwest Hub,WH-Midwest-OH,HYD-1003,2,0,87.15
SALE-03082,2026-06-11 19:56:07,CUST-128,Jaipur Regional Hub,WH-Mountain-CO,FIL-4004,8,0,51.23
SALE-03083,2026-04-15 20:48:25,CUST-155,Nagpur Central Hub,WH-GreatLakes-MI,FIL-4005,9,0,62.06
SALE-03084,2026-01-16 20:17:40,CUST-101,Bengaluru Technology Hub,WH-Pacific-WA,FAS-3004,6,0,37.45
SALE-03085,2026-06-08 20:05:35,CUST-103,Indore Central-West Hub,WH-Rockies-UT,HYD-1004,3,0,171.46
SALE-03086,2026-07-17 18:44:59,CUST-113,Bhubaneswar Southeast Hub,WH-Southeast-GA,ELE-2002,2,0,131.07
SALE-03087,2025-09-08 17:46:20,CUST-156,Mumbai West Hub,WH-West-CA,FAS-3002,5,0,18.11
SALE-03088,2025-11-21 20:58:18,CUST-160,Guwahati Northeast Hub,WH-Northeast-NY,ELE-2005,1,0,206.26
SALE-03089,2026-07-02 20:23:40,CUST-131,Kolkata East Hub,WH-East-NC,HYD-1004,3,0,167.27
SALE-03090,2025-11-06 18:05:56,CUST-145,Bhubaneswar Southeast Hub,WH-Southeast-GA,FIL-4002,6,0,30.9
SALE-03091,2025-12-28 17:27:46,CUST-148,Pune Midwest Hub,WH-Midwest-OH,FAS-3005,8,0,30.93
SALE-03092,2025-10-08 17:29:46,CUST-123,Ahmedabad Southwest Hub,WH-Southwest-AZ,HYD-1005,8,0,143.55
SALE-03093,2026-07-24 18:14:26,CUST-105,Guwahati Northeast Hub,WH-Northeast-NY,ELE-2003,2,0,73.78
SALE-03094,2025-09-26 17:26:34,CUST-125,Bhubaneswar Southeast Hub,WH-Southeast-GA,ELE-2003,3,0,71.11
SALE-03095,2026-02-19 17:11:13,CUST-133,Coimbatore South Central Hub,WH-SouthCentral-OK,HYD-1005,2,0,135.57
SALE-03096,2025-09-21 17:48:24,CUST-118,Delhi North Hub,WH-North-IL,FAS-3005,8,0,30.72
SALE-03097,2026-03-08 17:11:37,CUST-148,Ahmedabad Southwest Hub,WH-Southwest-AZ,FAS-3004,4,0,34.62
SALE-03098,2025-09-05 18:13:36,CUST-107,Kolkata East Hub,WH-East-NC,ELE-2003,2,0,79.97
SALE-03099,2025-11-25 18:38:36,CUST-137,Hyderabad Central Hub,WH-Central-TX,FIL-4001,6,0,56.77
SALE-03100,2026-01-28 20:39:13,CUST-133,Guwahati Northeast Hub,WH-Northeast-NY,HYD-1005,3,0,145.75
SALE-03101,2026-04-04 19:49:24,CUST-128,Bhubaneswar Southeast Hub,WH-Southeast-GA,HYD-1005,1,0,133.53
SALE-03102,2026-02-09 20:02:56,CUST-140,Bhubaneswar Southeast Hub,WH-Southeast-GA,FIL-4002,10,0,30.18
SALE-03103,2026-06-10 19:53:09,CUST-108,Bhubaneswar Southeast Hub,WH-Southeast-GA,HYD-1001,4,0,471.76
SALE-03104,2025-09-27 17:06:39,CUST-120,Kolkata East Hub,WH-East-NC,FAS-3002,9,0,18.54
SALE-03105,2026-07-05 18:25:43,CUST-157,Coimbatore South Central Hub,WH-SouthCentral-OK,ELE-2001,2,0,684.96
SALE-03106,2026-05-03 19:36:39,CUST-147,Nagpur Central Hub,WH-GreatLakes-MI,HYD-1003,1,0,87.04
SALE-03107,2026-04-14 20:02:23,CUST-127,Lucknow Mid-India Hub,WH-MidAtlantic-VA,ELE-2005,1,0,197.97
SALE-03108,2026-07-03 17:44:31,CUST-108,Ahmedabad Southwest Hub,WH-Southwest-AZ,FIL-4005,10,0,64.57
SALE-03109,2026-03-23 20:34:22,CUST-104,Kolkata East Hub,WH-East-NC,FAS-3004,6,0,34.79
SALE-03110,2025-09-03 17:35:19,CUST-144,Mumbai West Hub,WH-West-CA,ELE-2002,4,0,122.65
SALE-03111,2025-11-01 19:08:00,CUST-123,Ahmedabad Southwest Hub,WH-Southwest-AZ,HYD-1004,3,0,178.76
SALE-03112,2026-06-16 18:05:38,CUST-121,Jaipur Regional Hub,WH-Mountain-CO,ELE-2002,3,0,133.88
SALE-03113,2025-11-18 17:32:05,CUST-150,Pune Midwest Hub,WH-Midwest-OH,FAS-3001,6,0,26.87
SALE-03114,2026-05-12 18:11:27,CUST-159,Ahmedabad Southwest Hub,WH-Southwest-AZ,ELE-2002,1,0,124.4
SALE-03115,2025-09-26 17:52:59,CUST-121,Nagpur Central Hub,WH-GreatLakes-MI,FAS-3003,9,0,23.72
SALE-03116,2026-07-19 19:48:26,CUST-108,Guwahati Northeast Hub,WH-Northeast-NY,FAS-3002,6,0,18.95
SALE-03117,2025-10-16 19:54:41,CUST-126,Mumbai West Hub,WH-West-CA,FAS-3005,9,0,30.42
SALE-03118,2026-05-08 18:31:08,CUST-121,Guwahati Northeast Hub,WH-Northeast-NY,FAS-3003,10,0,22.41
SALE-03119,2025-10-18 18:50:14,CUST-145,Guwahati Northeast Hub,WH-Northeast-NY,FIL-4004,4,0,47.25
SALE-03120,2025-10-24 19:33:33,CUST-153,Jaipur Regional Hub,WH-Mountain-CO,HYD-1005,1,0,138.6
SALE-03121,2026-07-07 18:34:07,CUST-129,Lucknow Mid-India Hub,WH-MidAtlantic-VA,FIL-4002,5,0,34.07
SALE-03122,2026-05-19 18:23:17,CUST-107,Mumbai West Hub,WH-West-CA,ELE-2001,4,0,646.15
SALE-03123,2026-03-08 19:24:19,CUST-107,Kolkata East Hub,WH-East-NC,FIL-4003,8,0,43.01
SALE-03124,2025-11-23 17:00:06,CUST-104,Hyderabad Central Hub,WH-Central-TX,FIL-4003,13,0,42.32
SALE-03125,2026-06-11 18:09:49,CUST-137,Delhi North Hub,WH-North-IL,FIL-4003,3,0,40.29
SALE-03126,2025-12-16 19:28:30,CUST-134,Kolkata East Hub,WH-East-NC,ELE-2001,5,0,642.43
SALE-03127,2026-01-17 20:22:21,CUST-102,Indore Central-West Hub,WH-Rockies-UT,ELE-2005,3,0,222.62
SALE-03128,2026-03-25 17:57:16,CUST-126,Chennai South Hub,WH-South-FL,FIL-4005,5,2,58.49
SALE-03129,2026-03-26 19:43:46,CUST-138,Bhubaneswar Southeast Hub,WH-Southeast-GA,ELE-2001,5,0,721.31
SALE-03130,2025-12-02 19:08:45,CUST-142,Pune Midwest Hub,WH-Midwest-OH,FIL-4005,6,0,61.83
SALE-03131,2026-05-20 17:17:58,CUST-136,Kolkata East Hub,WH-East-NC,FAS-3001,14,0,26.95
SALE-03132,2026-05-27 17:33:13,CUST-115,Chennai South Hub,WH-South-FL,HYD-1002,3,3,305.72
SALE-03133,2026-02-10 18:02:13,CUST-146,Bengaluru Technology Hub,WH-Pacific-WA,FAS-3001,10,0,25.88
SALE-03134,2025-12-21 18:11:56,CUST-156,Lucknow Mid-India Hub,WH-MidAtlantic-VA,ELE-2003,3,0,74.96
SALE-03135,2025-12-02 19:41:27,CUST-119,Guwahati Northeast Hub,WH-Northeast-NY,HYD-1002,3,0,333.95
SALE-03136,2026-03-10 19:40:26,CUST-127,Coimbatore South Central Hub,WH-SouthCentral-OK,HYD-1004,5,0,175.36
SALE-03137,2025-10-19 20:37:12,CUST-117,Hyderabad Central Hub,WH-Central-TX,HYD-1005,3,0,135.92
SALE-03138,2025-11-05 19:12:34,CUST-110,Delhi North Hub,WH-North-IL,FIL-4003,3,0,42.01
SALE-03139,2026-06-21 18:11:06,CUST-130,Bhubaneswar Southeast Hub,WH-Southeast-GA,FIL-4005,7,1,63.01
SALE-03140,2025-11-03 18:30:03,CUST-125,Guwahati Northeast Hub,WH-Northeast-NY,ELE-2003,4,0,71.95
SALE-03141,2026-02-11 18:12:22,CUST-138,Guwahati Northeast Hub,WH-Northeast-NY,FAS-3005,8,0,29.03
SALE-03142,2026-07-11 17:53:28,CUST-113,Coimbatore South Central Hub,WH-SouthCentral-OK,FAS-3004,12,0,35.01
SALE-03143,2025-11-11 17:42:51,CUST-117,Chennai South Hub,WH-South-FL,ELE-2005,1,0,211.01
SALE-03144,2026-03-27 17:35:21,CUST-143,Coimbatore South Central Hub,WH-SouthCentral-OK,ELE-2002,2,0,128.5
SALE-03145,2025-12-18 19:23:04,CUST-137,Pune Midwest Hub,WH-Midwest-OH,FIL-4005,4,0,62.8
SALE-03146,2026-06-22 17:59:12,CUST-148,Jaipur Regional Hub,WH-Mountain-CO,HYD-1004,5,0,171.69
SALE-03147,2026-07-11 19:23:45,CUST-135,Bhubaneswar Southeast Hub,WH-Southeast-GA,HYD-1004,3,0,180.15
SALE-03148,2026-01-30 17:57:26,CUST-151,Bengaluru Technology Hub,WH-Pacific-WA,HYD-1002,6,0,307.62
SALE-03149,2026-01-28 19:05:10,CUST-155,Bhubaneswar Southeast Hub,WH-Southeast-GA,ELE-2001,2,0,688.11
SALE-03150,2026-03-09 19:39:32,CUST-125,Kolkata East Hub,WH-East-NC,ELE-2003,1,0,79.76
SALE-03151,2025-12-07 19:05:47,CUST-159,Nagpur Central Hub,WH-GreatLakes-MI,FIL-4004,4,0,47.89
SALE-03152,2025-10-18 19:21:06,CUST-135,Pune Midwest Hub,WH-Midwest-OH,FIL-4003,8,8,44.33
SALE-03153,2026-02-18 20:05:07,CUST-135,Indore Central-West Hub,WH-Rockies-UT,ELE-2003,3,0,73.6
SALE-03154,2025-11-03 20:37:33,CUST-136,Pune Midwest Hub,WH-Midwest-OH,FIL-4001,1,0,55.56
SALE-03155,2026-05-28 19:07:48,CUST-101,Coimbatore South Central Hub,WH-SouthCentral-OK,HYD-1002,1,0,336.18
SALE-03156,2026-05-31 19:56:04,CUST-126,Coimbatore South Central Hub,WH-SouthCentral-OK,FIL-4002,3,0,33.7
SALE-03157,2025-12-07 20:19:03,CUST-131,Guwahati Northeast Hub,WH-Northeast-NY,HYD-1005,2,0,135.22
SALE-03158,2026-01-03 18:13:18,CUST-120,Indore Central-West Hub,WH-Rockies-UT,ELE-2001,3,0,699.99
SALE-03159,2026-01-25 19:56:29,CUST-133,Coimbatore South Central Hub,WH-SouthCentral-OK,ELE-2002,1,0,123.33
SALE-03160,2026-07-07 19:16:43,CUST-125,Jaipur Regional Hub,WH-Mountain-CO,FIL-4003,5,0,40.29
SALE-03161,2025-12-17 18:08:23,CUST-157,Kolkata East Hub,WH-East-NC,ELE-2004,1,0,369.15
SALE-03162,2025-09-02 19:09:17,CUST-129,Coimbatore South Central Hub,WH-SouthCentral-OK,FIL-4005,5,0,66.57
SALE-03163,2025-09-19 18:53:17,CUST-108,Hyderabad Central Hub,WH-Central-TX,ELE-2001,2,0,686.32
SALE-03164,2026-04-23 19:55:53,CUST-147,Jaipur Regional Hub,WH-Mountain-CO,ELE-2004,5,0,376.34
SALE-03165,2026-03-22 20:31:24,CUST-159,Mumbai West Hub,WH-West-CA,HYD-1005,2,0,144.15
SALE-03166,2026-06-09 18:40:05,CUST-126,Jaipur Regional Hub,WH-Mountain-CO,FAS-3003,7,0,23.38
SALE-03167,2025-11-29 20:59:57,CUST-160,Jaipur Regional Hub,WH-Mountain-CO,HYD-1005,1,0,139.25
SALE-03168,2026-06-21 19:13:21,CUST-150,Bhubaneswar Southeast Hub,WH-Southeast-GA,FIL-4005,5,0,63.21
SALE-03169,2026-01-15 18:32:16,CUST-139,Ahmedabad Southwest Hub,WH-Southwest-AZ,ELE-2004,1,0,379.4
SALE-03170,2026-05-25 19:48:59,CUST-118,Delhi North Hub,WH-North-IL,HYD-1005,2,0,147.09
SALE-03171,2025-11-14 17:37:02,CUST-111,Kolkata East Hub,WH-East-NC,FIL-4003,7,0,43.7
SALE-03172,2026-06-22 17:44:39,CUST-156,Mumbai West Hub,WH-West-CA,FIL-4004,7,7,48.45
SALE-03173,2026-04-02 20:57:12,CUST-152,Lucknow Mid-India Hub,WH-MidAtlantic-VA,FIL-4001,4,0,57.96
SALE-03174,2026-07-25 20:44:05,CUST-122,Hyderabad Central Hub,WH-Central-TX,ELE-2002,4,0,120.07
SALE-03175,2026-05-22 19:31:24,CUST-150,Nagpur Central Hub,WH-GreatLakes-MI,FAS-3005,6,0,28.98
SALE-03176,2025-09-20 19:46:46,CUST-114,Delhi North Hub,WH-North-IL,FAS-3003,4,0,21.02
SALE-03177,2026-05-09 18:45:48,CUST-158,Pune Midwest Hub,WH-Midwest-OH,HYD-1005,3,0,132.55
SALE-03178,2026-01-13 18:08:51,CUST-106,Chennai South Hub,WH-South-FL,ELE-2004,1,0,388.85
SALE-03179,2025-10-03 18:48:42,CUST-133,Delhi North Hub,WH-North-IL,ELE-2005,1,0,217.12
SALE-03180,2026-02-20 17:07:32,CUST-125,Jaipur Regional Hub,WH-Mountain-CO,FAS-3001,9,0,23.67
SALE-03181,2025-09-06 19:16:39,CUST-119,Nagpur Central Hub,WH-GreatLakes-MI,FIL-4005,5,0,62.1
SALE-03182,2026-01-24 18:29:54,CUST-118,Hyderabad Central Hub,WH-Central-TX,FAS-3003,6,0,21.55
SALE-03183,2025-11-10 17:42:09,CUST-126,Guwahati Northeast Hub,WH-Northeast-NY,HYD-1001,3,0,433.65
SALE-03184,2026-07-07 17:08:40,CUST-124,Ahmedabad Southwest Hub,WH-Southwest-AZ,ELE-2005,1,0,203.26
SALE-03185,2025-12-13 20:12:18,CUST-153,Indore Central-West Hub,WH-Rockies-UT,FIL-4004,4,0,49.69
SALE-03186,2025-12-17 20:43:58,CUST-144,Bengaluru Technology Hub,WH-Pacific-WA,FAS-3003,10,0,23.2
SALE-03187,2026-02-24 18:05:20,CUST-115,Jaipur Regional Hub,WH-Mountain-CO,ELE-2005,3,0,216.51
SALE-03188,2026-02-05 19:36:02,CUST-117,Jaipur Regional Hub,WH-Mountain-CO,FAS-3002,5,0,18.88
SALE-03189,2026-02-02 20:28:34,CUST-133,Jaipur Regional Hub,WH-Mountain-CO,HYD-1004,4,0,187.13
SALE-03190,2026-02-16 19:12:25,CUST-143,Bengaluru Technology Hub,WH-Pacific-WA,ELE-2001,2,0,695.46
SALE-03191,2025-11-20 20:34:47,CUST-156,Nagpur Central Hub,WH-GreatLakes-MI,ELE-2004,2,0,414.4
SALE-03192,2026-03-20 20:05:26,CUST-107,Jaipur Regional Hub,WH-Mountain-CO,HYD-1004,4,0,171.85
SALE-03193,2026-05-06 20:48:23,CUST-151,Hyderabad Central Hub,WH-Central-TX,FIL-4001,9,7,54.87
SALE-03194,2025-10-28 18:16:09,CUST-151,Bhubaneswar Southeast Hub,WH-Southeast-GA,FIL-4004,7,0,51.66
SALE-03195,2026-05-20 19:22:43,CUST-132,Indore Central-West Hub,WH-Rockies-UT,FAS-3001,6,0,26.66
SALE-03196,2026-01-14 20:14:39,CUST-132,Jaipur Regional Hub,WH-Mountain-CO,HYD-1001,1,0,470.46
SALE-03197,2025-09-19 19:59:38,CUST-122,Coimbatore South Central Hub,WH-SouthCentral-OK,HYD-1004,1,0,175.26
SALE-03198,2026-01-16 17:28:56,CUST-155,Kolkata East Hub,WH-East-NC,HYD-1005,4,0,139.03
SALE-03199,2026-02-01 20:09:15,CUST-139,Guwahati Northeast Hub,WH-Northeast-NY,FAS-3004,10,0,34.83
SALE-03200,2025-12-08 20:17:58,CUST-111,Indore Central-West Hub,WH-Rockies-UT,FAS-3001,10,10,25.66
SALE-03201,2025-11-26 17:04:16,CUST-138,Indore Central-West Hub,WH-Rockies-UT,ELE-2003,3,0,72.08
SALE-03202,2026-07-08 20:09:24,CUST-140,Chennai South Hub,WH-South-FL,FAS-3001,7,0,24.87
SALE-03203,2025-09-16 18:10:08,CUST-116,Chennai South Hub,WH-South-FL,HYD-1003,2,0,84.94
SALE-03204,2025-11-24 18:04:45,CUST-156,Indore Central-West Hub,WH-Rockies-UT,ELE-2003,2,0,77.36
SALE-03205,2026-06-05 17:46:41,CUST-119,Coimbatore South Central Hub,WH-SouthCentral-OK,ELE-2001,1,0,654.59
SALE-03206,2025-10-19 20:03:26,CUST-159,Hyderabad Central Hub,WH-Central-TX,FIL-4004,4,0,50.95
SALE-03207,2026-07-27 19:30:26,CUST-150,Indore Central-West Hub,WH-Rockies-UT,ELE-2002,1,0,133.32
SALE-03208,2026-02-12 18:32:25,CUST-138,Kolkata East Hub,WH-East-NC,FAS-3005,7,0,31.75
SALE-03209,2026-05-15 17:28:24,CUST-139,Lucknow Mid-India Hub,WH-MidAtlantic-VA,ELE-2002,2,0,119.27
SALE-03210,2026-02-12 20:54:37,CUST-116,Kolkata East Hub,WH-East-NC,FAS-3003,9,0,21.37
SALE-03211,2026-03-13 20:39:15,CUST-127,Jaipur Regional Hub,WH-Mountain-CO,FAS-3004,10,0,36.76
SALE-03212,2025-10-28 19:13:10,CUST-123,Coimbatore South Central Hub,WH-SouthCentral-OK,FAS-3001,8,3,25.92
SALE-03213,2026-01-15 18:22:48,CUST-104,Jaipur Regional Hub,WH-Mountain-CO,ELE-2004,1,0,387.94
SALE-03214,2026-06-19 19:50:36,CUST-123,Bengaluru Technology Hub,WH-Pacific-WA,HYD-1001,4,0,439.21
SALE-03215,2025-09-17 20:11:45,CUST-132,Coimbatore South Central Hub,WH-SouthCentral-OK,ELE-2005,4,0,212.6
SALE-03216,2026-03-29 18:25:24,CUST-102,Delhi North Hub,WH-North-IL,HYD-1002,2,0,340.12
SALE-03217,2026-07-13 17:39:59,CUST-146,Coimbatore South Central Hub,WH-SouthCentral-OK,ELE-2005,3,0,215.22
SALE-03218,2025-10-05 19:47:40,CUST-148,Hyderabad Central Hub,WH-Central-TX,FIL-4004,9,0,48.55
SALE-03219,2026-02-27 17:10:01,CUST-103,Bhubaneswar Southeast Hub,WH-Southeast-GA,HYD-1004,2,0,170.29
SALE-03220,2026-02-19 17:42:52,CUST-123,Kolkata East Hub,WH-East-NC,ELE-2005,2,0,216.83
SALE-03221,2026-05-11 20:44:46,CUST-102,Indore Central-West Hub,WH-Rockies-UT,ELE-2001,1,0,724.22
SALE-03222,2026-01-16 17:45:03,CUST-124,Jaipur Regional Hub,WH-Mountain-CO,ELE-2003,1,0,78.29
SALE-03223,2026-04-18 17:43:53,CUST-154,Bhubaneswar Southeast Hub,WH-Southeast-GA,ELE-2004,3,0,371.71
SALE-03224,2025-11-14 18:50:27,CUST-112,Hyderabad Central Hub,WH-Central-TX,ELE-2002,4,0,122.66
SALE-03225,2026-02-09 17:49:02,CUST-147,Bhubaneswar Southeast Hub,WH-Southeast-GA,FIL-4004,7,0,51.69
SALE-03226,2026-01-10 18:51:32,CUST-106,Ahmedabad Southwest Hub,WH-Southwest-AZ,FAS-3001,10,0,24.54
SALE-03227,2026-04-04 20:01:43,CUST-148,Nagpur Central Hub,WH-GreatLakes-MI,FIL-4004,11,0,49.29
SALE-03228,2025-12-05 19:52:14,CUST-123,Bengaluru Technology Hub,WH-Pacific-WA,FAS-3001,10,0,25.81
SALE-03229,2025-09-16 19:44:22,CUST-149,Kolkata East Hub,WH-East-NC,FIL-4003,4,0,40.63
SALE-03230,2026-04-15 19:26:54,CUST-120,Hyderabad Central Hub,WH-Central-TX,FIL-4001,4,0,58.56
SALE-03231,2025-09-26 17:08:24,CUST-131,Jaipur Regional Hub,WH-Mountain-CO,HYD-1001,3,0,442.29
SALE-03232,2025-12-29 19:39:39,CUST-135,Hyderabad Central Hub,WH-Central-TX,ELE-2005,1,0,200.66
SALE-03233,2026-05-15 17:21:06,CUST-149,Delhi North Hub,WH-North-IL,ELE-2004,1,0,395.94
SALE-03234,2026-07-23 19:56:00,CUST-141,Lucknow Mid-India Hub,WH-MidAtlantic-VA,FAS-3001,9,0,25.99
SALE-03235,2026-07-14 20:22:57,CUST-119,Hyderabad Central Hub,WH-Central-TX,HYD-1003,3,0,91.21
SALE-03236,2026-02-01 18:11:19,CUST-155,Lucknow Mid-India Hub,WH-MidAtlantic-VA,HYD-1003,3,0,83.37
SALE-03237,2026-04-13 20:02:15,CUST-156,Coimbatore South Central Hub,WH-SouthCentral-OK,FAS-3004,13,0,35.31
SALE-03238,2025-09-13 18:25:45,CUST-136,Hyderabad Central Hub,WH-Central-TX,ELE-2004,3,0,378.84
SALE-03239,2026-01-03 20:25:44,CUST-128,Jaipur Regional Hub,WH-Mountain-CO,FIL-4003,9,0,40.32
SALE-03240,2026-02-26 20:39:58,CUST-110,Hyderabad Central Hub,WH-Central-TX,FIL-4005,7,0,58.62
SALE-03241,2026-05-24 18:24:47,CUST-116,Delhi North Hub,WH-North-IL,FIL-4002,7,0,30.79
SALE-03242,2026-02-23 18:03:55,CUST-129,Nagpur Central Hub,WH-GreatLakes-MI,FAS-3005,7,0,32.3
SALE-03243,2025-10-15 18:46:28,CUST-138,Guwahati Northeast Hub,WH-Northeast-NY,FAS-3005,2,0,30.64
SALE-03244,2026-05-25 17:31:12,CUST-121,Bhubaneswar Southeast Hub,WH-Southeast-GA,FIL-4004,8,0,48.98
SALE-03245,2026-05-30 19:10:33,CUST-116,Ahmedabad Southwest Hub,WH-Southwest-AZ,FAS-3001,3,0,25.8
SALE-03246,2025-12-28 17:16:17,CUST-121,Mumbai West Hub,WH-West-CA,ELE-2001,1,0,658.63
SALE-03247,2026-03-29 19:48:38,CUST-132,Lucknow Mid-India Hub,WH-MidAtlantic-VA,FIL-4005,4,0,60.16
SALE-03248,2025-10-14 19:52:39,CUST-103,Ahmedabad Southwest Hub,WH-Southwest-AZ,HYD-1004,4,0,177.69
SALE-03249,2026-07-13 17:58:13,CUST-145,Nagpur Central Hub,WH-GreatLakes-MI,FIL-4002,2,0,34.33
SALE-03250,2026-06-26 20:54:21,CUST-107,Indore Central-West Hub,WH-Rockies-UT,ELE-2004,5,0,367.56
SALE-03251,2026-03-06 20:42:02,CUST-141,Jaipur Regional Hub,WH-Mountain-CO,FIL-4002,9,0,33.75
SALE-03252,2025-10-11 18:42:47,CUST-155,Ahmedabad Southwest Hub,WH-Southwest-AZ,FAS-3002,10,0,18.95
SALE-03253,2026-06-26 20:50:20,CUST-112,Jaipur Regional Hub,WH-Mountain-CO,ELE-2002,1,0,126.59
SALE-03254,2026-01-19 18:21:08,CUST-120,Bengaluru Technology Hub,WH-Pacific-WA,ELE-2005,1,0,197.56
SALE-03255,2026-01-28 18:16:07,CUST-155,Bengaluru Technology Hub,WH-Pacific-WA,FAS-3002,6,0,19.22
SALE-03256,2025-12-23 18:52:01,CUST-116,Ahmedabad Southwest Hub,WH-Southwest-AZ,HYD-1005,3,0,147.53
SALE-03257,2026-01-03 18:21:35,CUST-101,Indore Central-West Hub,WH-Rockies-UT,HYD-1001,2,0,439.83
SALE-03258,2025-11-28 20:26:56,CUST-152,Nagpur Central Hub,WH-GreatLakes-MI,HYD-1004,3,0,168.58
SALE-03259,2026-03-10 19:26:40,CUST-112,Jaipur Regional Hub,WH-Mountain-CO,ELE-2003,3,0,75.99
SALE-03260,2026-07-08 18:37:45,CUST-143,Jaipur Regional Hub,WH-Mountain-CO,FAS-3002,10,0,17.84
SALE-03261,2026-01-27 17:30:18,CUST-119,Pune Midwest Hub,WH-Midwest-OH,ELE-2005,6,0,200.47
SALE-03262,2025-10-09 17:24:50,CUST-124,Nagpur Central Hub,WH-GreatLakes-MI,ELE-2005,1,0,206.07
SALE-03263,2026-04-14 20:35:46,CUST-129,Hyderabad Central Hub,WH-Central-TX,FIL-4001,8,0,52.19
SALE-03264,2026-02-22 20:17:54,CUST-135,Jaipur Regional Hub,WH-Mountain-CO,FIL-4001,7,0,55.79
SALE-03265,2026-04-20 17:23:39,CUST-154,Jaipur Regional Hub,WH-Mountain-CO,ELE-2003,2,0,72.68
SALE-03266,2026-07-09 18:51:12,CUST-146,Bengaluru Technology Hub,WH-Pacific-WA,FIL-4003,12,0,43.02
SALE-03267,2025-09-24 18:40:54,CUST-123,Bhubaneswar Southeast Hub,WH-Southeast-GA,FIL-4003,7,0,40.36
SALE-03268,2026-02-23 17:02:22,CUST-134,Mumbai West Hub,WH-West-CA,FAS-3001,8,0,25.78
SALE-03269,2026-01-01 17:15:44,CUST-115,Mumbai West Hub,WH-West-CA,FIL-4004,5,0,46.99
SALE-03270,2026-04-24 19:12:20,CUST-118,Kolkata East Hub,WH-East-NC,FIL-4004,7,0,46.28
SALE-03271,2026-05-07 17:11:05,CUST-138,Ahmedabad Southwest Hub,WH-Southwest-AZ,ELE-2005,5,0,214.94
SALE-03272,2026-05-03 20:48:42,CUST-132,Bengaluru Technology Hub,WH-Pacific-WA,HYD-1001,1,0,461.01
SALE-03273,2025-11-20 17:21:42,CUST-124,Hyderabad Central Hub,WH-Central-TX,HYD-1001,6,0,425.39
SALE-03274,2025-12-04 20:16:37,CUST-136,Indore Central-West Hub,WH-Rockies-UT,FIL-4003,6,0,40.46
SALE-03275,2026-07-23 20:43:12,CUST-130,Guwahati Northeast Hub,WH-Northeast-NY,ELE-2001,2,0,721.57
SALE-03276,2026-01-04 19:57:15,CUST-106,Nagpur Central Hub,WH-GreatLakes-MI,FIL-4005,4,0,65.52
SALE-03277,2025-11-25 18:05:52,CUST-117,Kolkata East Hub,WH-East-NC,FIL-4005,5,0,65.87
SALE-03278,2026-02-05 18:08:54,CUST-127,Coimbatore South Central Hub,WH-SouthCentral-OK,HYD-1003,1,0,87.08
SALE-03279,2025-09-02 19:14:15,CUST-111,Indore Central-West Hub,WH-Rockies-UT,ELE-2001,2,0,717.19
SALE-03280,2026-04-13 19:21:20,CUST-150,Ahmedabad Southwest Hub,WH-Southwest-AZ,FAS-3004,9,0,35.83
SALE-03281,2026-01-06 18:24:20,CUST-138,Chennai South Hub,WH-South-FL,FIL-4001,5,0,51.85
SALE-03282,2025-12-28 19:01:19,CUST-119,Bengaluru Technology Hub,WH-Pacific-WA,ELE-2003,2,0,79.71
SALE-03283,2026-01-11 17:26:58,CUST-150,Pune Midwest Hub,WH-Midwest-OH,FAS-3002,10,0,18.9
SALE-03284,2025-11-24 17:05:08,CUST-138,Lucknow Mid-India Hub,WH-MidAtlantic-VA,ELE-2001,1,0,709.61
SALE-03285,2026-07-17 20:58:39,CUST-102,Indore Central-West Hub,WH-Rockies-UT,FAS-3005,6,0,31.16
SALE-03286,2025-12-21 17:41:34,CUST-126,Jaipur Regional Hub,WH-Mountain-CO,FIL-4001,4,0,57.34
SALE-03287,2025-09-17 17:06:10,CUST-111,Delhi North Hub,WH-North-IL,HYD-1001,3,0,454.98
SALE-03288,2026-07-25 20:53:48,CUST-144,Indore Central-West Hub,WH-Rockies-UT,FAS-3001,8,0,26.63
SALE-03289,2026-05-23 18:47:50,CUST-114,Guwahati Northeast Hub,WH-Northeast-NY,FAS-3002,10,0,18.14
SALE-03290,2026-02-24 18:07:57,CUST-111,Ahmedabad Southwest Hub,WH-Southwest-AZ,ELE-2004,5,0,367.62
SALE-03291,2025-12-20 18:01:41,CUST-111,Jaipur Regional Hub,WH-Mountain-CO,FIL-4002,12,0,30.41
SALE-03292,2026-05-04 19:05:10,CUST-110,Jaipur Regional Hub,WH-Mountain-CO,FIL-4005,5,0,62.25
SALE-03293,2026-05-19 17:49:47,CUST-104,Lucknow Mid-India Hub,WH-MidAtlantic-VA,ELE-2001,1,0,712.34
SALE-03294,2025-10-27 19:21:01,CUST-145,Bengaluru Technology Hub,WH-Pacific-WA,HYD-1002,1,0,333.47
SALE-03295,2025-12-05 18:30:13,CUST-149,Bengaluru Technology Hub,WH-Pacific-WA,FAS-3004,12,0,33.1
SALE-03296,2026-05-21 17:46:11,CUST-102,Nagpur Central Hub,WH-GreatLakes-MI,FAS-3001,4,0,25.91
SALE-03297,2025-10-22 18:21:25,CUST-131,Ahmedabad Southwest Hub,WH-Southwest-AZ,HYD-1004,5,0,172.56
SALE-03298,2026-04-05 20:22:15,CUST-138,Bengaluru Technology Hub,WH-Pacific-WA,FIL-4001,6,0,53.39
SALE-03299,2025-11-26 18:59:21,CUST-101,Coimbatore South Central Hub,WH-SouthCentral-OK,FIL-4004,8,0,50.21
SALE-03300,2025-09-16 20:40:26,CUST-156,Hyderabad Central Hub,WH-Central-TX,HYD-1002,5,0,310.86
SALE-03301,2025-12-12 19:16:33,CUST-118,Chennai South Hub,WH-South-FL,ELE-2004,2,0,401.97
SALE-03302,2025-10-21 17:43:24,CUST-142,Chennai South Hub,WH-South-FL,ELE-2001,3,0,669.93
SALE-03303,2026-04-05 19:04:00,CUST-156,Jaipur Regional Hub,WH-Mountain-CO,HYD-1005,4,0,134.56
SALE-03304,2026-04-06 18:49:33,CUST-132,Guwahati Northeast Hub,WH-Northeast-NY,HYD-1002,3,0,341.18
SALE-03305,2025-09-11 20:50:40,CUST-153,Coimbatore South Central Hub,WH-SouthCentral-OK,FAS-3001,4,0,24.05
SALE-03306,2026-02-07 19:16:44,CUST-132,Jaipur Regional Hub,WH-Mountain-CO,FIL-4003,8,0,41.29
SALE-03307,2026-05-10 18:43:14,CUST-152,Hyderabad Central Hub,WH-Central-TX,FAS-3005,5,0,29.1
SALE-03308,2026-04-29 17:16:43,CUST-106,Delhi North Hub,WH-North-IL,ELE-2004,5,0,379.61
SALE-03309,2026-06-15 19:29:46,CUST-158,Chennai South Hub,WH-South-FL,ELE-2001,4,0,650.03
SALE-03310,2026-05-31 17:21:24,CUST-153,Indore Central-West Hub,WH-Rockies-UT,FIL-4003,7,0,42.19
SALE-03311,2025-11-09 19:38:01,CUST-121,Delhi North Hub,WH-North-IL,ELE-2001,3,0,646.35
SALE-03312,2025-11-09 20:53:05,CUST-154,Hyderabad Central Hub,WH-Central-TX,HYD-1003,1,0,91.17
SALE-03313,2026-06-27 19:08:08,CUST-108,Jaipur Regional Hub,WH-Mountain-CO,ELE-2002,1,0,130.06
SALE-03314,2025-12-25 19:48:44,CUST-113,Kolkata East Hub,WH-East-NC,FIL-4001,9,9,57.24
SALE-03315,2026-05-10 18:00:05,CUST-129,Coimbatore South Central Hub,WH-SouthCentral-OK,ELE-2001,4,0,681.85
SALE-03316,2026-05-13 19:58:58,CUST-150,Ahmedabad Southwest Hub,WH-Southwest-AZ,ELE-2005,2,0,222.79
SALE-03317,2026-06-24 20:07:56,CUST-133,Chennai South Hub,WH-South-FL,FAS-3003,11,0,23.06
SALE-03318,2026-03-15 20:43:06,CUST-158,Indore Central-West Hub,WH-Rockies-UT,ELE-2001,2,0,716.69
SALE-03319,2025-10-03 19:52:04,CUST-129,Guwahati Northeast Hub,WH-Northeast-NY,FIL-4005,7,0,65.96
SALE-03320,2025-11-05 18:09:30,CUST-105,Ahmedabad Southwest Hub,WH-Southwest-AZ,HYD-1003,4,0,89.29
SALE-03321,2026-02-01 19:39:08,CUST-132,Coimbatore South Central Hub,WH-SouthCentral-OK,HYD-1003,4,0,88.43
SALE-03322,2025-09-06 18:08:35,CUST-120,Bengaluru Technology Hub,WH-Pacific-WA,ELE-2004,3,0,391.04
SALE-03323,2025-09-15 20:56:35,CUST-143,Pune Midwest Hub,WH-Midwest-OH,FAS-3003,9,0,20.68
SALE-03324,2025-09-08 20:58:51,CUST-136,Delhi North Hub,WH-North-IL,FIL-4004,7,0,49.12
SALE-03325,2026-02-14 17:41:06,CUST-135,Chennai South Hub,WH-South-FL,FIL-4002,3,0,33.95
SALE-03326,2025-11-09 17:29:28,CUST-127,Kolkata East Hub,WH-East-NC,HYD-1005,2,0,140.85
SALE-03327,2025-12-01 20:48:13,CUST-135,Pune Midwest Hub,WH-Midwest-OH,HYD-1001,2,0,466.04
SALE-03328,2026-04-26 18:37:25,CUST-117,Hyderabad Central Hub,WH-Central-TX,ELE-2002,3,0,134.47
SALE-03329,2026-05-11 20:24:50,CUST-142,Lucknow Mid-India Hub,WH-MidAtlantic-VA,FAS-3004,4,4,35.64
SALE-03330,2026-04-14 19:58:34,CUST-149,Delhi North Hub,WH-North-IL,FIL-4003,5,0,43.68
SALE-03331,2026-05-26 20:16:46,CUST-144,Jaipur Regional Hub,WH-Mountain-CO,FAS-3004,7,0,34.74
SALE-03332,2026-06-06 20:22:48,CUST-115,Indore Central-West Hub,WH-Rockies-UT,HYD-1004,4,1,171.05
SALE-03333,2026-03-25 17:04:31,CUST-134,Guwahati Northeast Hub,WH-Northeast-NY,ELE-2001,2,0,715.52
SALE-03334,2025-11-17 19:53:15,CUST-112,Kolkata East Hub,WH-East-NC,HYD-1005,5,0,151.17
SALE-03335,2026-05-24 17:27:29,CUST-107,Chennai South Hub,WH-South-FL,FIL-4003,4,0,42.95
SALE-03336,2025-10-29 19:25:39,CUST-154,Hyderabad Central Hub,WH-Central-TX,HYD-1003,6,0,89.56
SALE-03337,2025-09-03 19:32:17,CUST-119,Jaipur Regional Hub,WH-Mountain-CO,HYD-1001,3,0,480.27
SALE-03338,2026-05-29 19:58:17,CUST-104,Indore Central-West Hub,WH-Rockies-UT,ELE-2002,5,0,127.21
SALE-03339,2026-01-11 18:24:44,CUST-110,Delhi North Hub,WH-North-IL,ELE-2003,2,0,74.11
SALE-03340,2026-04-18 17:20:23,CUST-156,Coimbatore South Central Hub,WH-SouthCentral-OK,HYD-1001,2,0,442.13
SALE-03341,2025-10-15 17:00:15,CUST-148,Mumbai West Hub,WH-West-CA,FIL-4003,7,0,42.74
SALE-03342,2025-09-10 19:41:47,CUST-123,Kolkata East Hub,WH-East-NC,FIL-4003,8,0,44.84
SALE-03343,2025-12-13 20:43:53,CUST-157,Ahmedabad Southwest Hub,WH-Southwest-AZ,HYD-1003,2,2,90.12
SALE-03344,2025-12-20 19:55:29,CUST-146,Delhi North Hub,WH-North-IL,FAS-3003,9,0,21.78
SALE-03345,2026-05-18 18:27:28,CUST-117,Kolkata East Hub,WH-East-NC,ELE-2003,1,0,77.75
SALE-03346,2026-06-30 18:12:30,CUST-106,Pune Midwest Hub,WH-Midwest-OH,FAS-3004,7,0,33.12
SALE-03347,2026-07-14 17:43:58,CUST-125,Indore Central-West Hub,WH-Rockies-UT,HYD-1005,6,0,136.36
SALE-03348,2026-01-19 19:04:11,CUST-141,Kolkata East Hub,WH-East-NC,FAS-3003,15,0,21.78
SALE-03349,2026-04-23 18:24:30,CUST-140,Nagpur Central Hub,WH-GreatLakes-MI,FAS-3003,10,0,20.73
SALE-03350,2026-03-26 20:12:09,CUST-157,Mumbai West Hub,WH-West-CA,HYD-1005,1,0,135.79
SALE-03351,2026-07-10 18:47:50,CUST-149,Coimbatore South Central Hub,WH-SouthCentral-OK,ELE-2001,5,0,715.1
SALE-03352,2026-01-26 17:16:30,CUST-139,Lucknow Mid-India Hub,WH-MidAtlantic-VA,ELE-2004,4,0,386.94
SALE-03353,2025-12-28 17:01:08,CUST-153,Bengaluru Technology Hub,WH-Pacific-WA,FAS-3005,6,0,28.24
SALE-03354,2026-01-21 20:59:57,CUST-104,Indore Central-West Hub,WH-Rockies-UT,HYD-1004,1,0,172.72
SALE-03355,2026-04-19 19:33:38,CUST-145,Mumbai West Hub,WH-West-CA,ELE-2002,2,0,123.39
SALE-03356,2025-12-22 17:30:59,CUST-113,Chennai South Hub,WH-South-FL,FAS-3004,10,0,37.61
SALE-03357,2026-07-11 18:14:45,CUST-156,Bhubaneswar Southeast Hub,WH-Southeast-GA,FIL-4005,4,0,62.19
SALE-03358,2025-12-06 18:29:22,CUST-146,Guwahati Northeast Hub,WH-Northeast-NY,FIL-4003,5,0,43.73
SALE-03359,2026-02-18 19:34:01,CUST-139,Ahmedabad Southwest Hub,WH-Southwest-AZ,FAS-3005,11,0,28.25
SALE-03360,2025-11-28 20:19:52,CUST-129,Bhubaneswar Southeast Hub,WH-Southeast-GA,HYD-1003,3,0,89.99
SALE-03361,2026-02-13 20:50:39,CUST-124,Chennai South Hub,WH-South-FL,FIL-4002,6,0,30.58
SALE-03362,2026-07-02 19:40:03,CUST-130,Delhi North Hub,WH-North-IL,ELE-2001,1,0,685.51
SALE-03363,2025-12-26 17:39:37,CUST-108,Coimbatore South Central Hub,WH-SouthCentral-OK,FAS-3004,11,0,33.48
SALE-03364,2026-02-19 18:34:03,CUST-147,Nagpur Central Hub,WH-GreatLakes-MI,ELE-2002,2,0,126.31
SALE-03365,2026-02-18 20:21:23,CUST-123,Lucknow Mid-India Hub,WH-MidAtlantic-VA,FAS-3004,17,0,33.92
SALE-03366,2026-03-19 18:38:32,CUST-101,Mumbai West Hub,WH-West-CA,ELE-2005,1,0,223.96
SALE-03367,2026-04-15 17:13:27,CUST-124,Indore Central-West Hub,WH-Rockies-UT,FAS-3002,10,0,19.22
SALE-03368,2025-11-16 17:45:27,CUST-102,Indore Central-West Hub,WH-Rockies-UT,HYD-1005,4,0,148.77
SALE-03369,2026-02-01 19:08:30,CUST-105,Bhubaneswar Southeast Hub,WH-Southeast-GA,FAS-3003,7,0,23.01
SALE-03370,2025-12-11 18:13:34,CUST-111,Ahmedabad Southwest Hub,WH-Southwest-AZ,FIL-4002,6,0,31.18
SALE-03371,2026-02-10 18:28:51,CUST-140,Lucknow Mid-India Hub,WH-MidAtlantic-VA,HYD-1003,2,0,81.7
SALE-03372,2026-01-01 19:31:01,CUST-127,Nagpur Central Hub,WH-GreatLakes-MI,FAS-3003,8,0,23.15
SALE-03373,2026-05-24 19:22:36,CUST-150,Guwahati Northeast Hub,WH-Northeast-NY,FAS-3003,12,0,21.97
SALE-03374,2025-12-17 20:54:45,CUST-146,Ahmedabad Southwest Hub,WH-Southwest-AZ,HYD-1001,6,2,427.12
SALE-03375,2026-05-30 20:15:08,CUST-135,Bhubaneswar Southeast Hub,WH-Southeast-GA,FIL-4002,10,0,34.17
SALE-03376,2026-02-21 19:03:52,CUST-132,Delhi North Hub,WH-North-IL,HYD-1003,5,0,84.92
SALE-03377,2025-11-08 19:53:38,CUST-116,Hyderabad Central Hub,WH-Central-TX,ELE-2005,3,0,199.92
SALE-03378,2026-01-14 17:04:19,CUST-115,Hyderabad Central Hub,WH-Central-TX,ELE-2003,2,0,76.24
SALE-03379,2026-05-10 20:32:44,CUST-124,Mumbai West Hub,WH-West-CA,HYD-1004,1,1,168.24
SALE-03380,2026-02-01 19:04:02,CUST-132,Ahmedabad Southwest Hub,WH-Southwest-AZ,FAS-3002,7,0,17.04
SALE-03381,2026-01-28 19:10:51,CUST-103,Guwahati Northeast Hub,WH-Northeast-NY,HYD-1003,4,0,85.99
SALE-03382,2025-09-25 19:38:13,CUST-133,Pune Midwest Hub,WH-Midwest-OH,FAS-3003,11,0,23.74
SALE-03383,2026-07-16 18:13:19,CUST-124,Chennai South Hub,WH-South-FL,FAS-3004,13,0,36.2
SALE-03384,2026-03-26 20:15:31,CUST-124,Coimbatore South Central Hub,WH-SouthCentral-OK,HYD-1002,1,0,318.96
SALE-03385,2025-10-11 18:04:25,CUST-154,Bengaluru Technology Hub,WH-Pacific-WA,HYD-1004,6,0,180.71
SALE-03386,2026-02-04 19:56:31,CUST-109,Nagpur Central Hub,WH-GreatLakes-MI,HYD-1001,6,5,465.76
SALE-03387,2026-07-07 20:23:31,CUST-149,Kolkata East Hub,WH-East-NC,ELE-2004,2,0,397.49
SALE-03388,2025-09-26 17:13:22,CUST-118,Bengaluru Technology Hub,WH-Pacific-WA,FIL-4005,6,0,66.0
SALE-03389,2026-01-15 18:48:46,CUST-102,Lucknow Mid-India Hub,WH-MidAtlantic-VA,FIL-4005,3,0,58.92
SALE-03390,2025-09-02 17:31:48,CUST-108,Nagpur Central Hub,WH-GreatLakes-MI,HYD-1002,4,0,323.69
SALE-03391,2026-05-24 18:40:42,CUST-120,Nagpur Central Hub,WH-GreatLakes-MI,ELE-2002,2,0,133.39
SALE-03392,2026-03-06 20:51:30,CUST-140,Jaipur Regional Hub,WH-Mountain-CO,ELE-2002,3,0,122.58
SALE-03393,2026-04-27 17:52:16,CUST-107,Delhi North Hub,WH-North-IL,HYD-1002,5,0,336.62
SALE-03394,2026-01-27 20:12:50,CUST-151,Bhubaneswar Southeast Hub,WH-Southeast-GA,FIL-4002,9,0,30.84
SALE-03395,2025-09-14 18:59:36,CUST-147,Pune Midwest Hub,WH-Midwest-OH,HYD-1001,2,0,438.64
SALE-03396,2026-02-17 18:03:17,CUST-137,Chennai South Hub,WH-South-FL,FIL-4005,3,1,63.58
SALE-03397,2025-09-14 18:37:32,CUST-145,Pune Midwest Hub,WH-Midwest-OH,FIL-4002,9,0,33.32
SALE-03398,2025-12-17 18:03:44,CUST-127,Kolkata East Hub,WH-East-NC,ELE-2005,2,0,221.35
SALE-03399,2026-07-19 19:52:56,CUST-136,Chennai South Hub,WH-South-FL,FIL-4004,8,0,51.27
SALE-03400,2026-04-12 20:19:20,CUST-107,Hyderabad Central Hub,WH-Central-TX,FAS-3002,8,0,17.93
SALE-03401,2026-02-09 18:32:26,CUST-108,Bhubaneswar Southeast Hub,WH-Southeast-GA,ELE-2003,1,0,78.27
SALE-03402,2025-12-06 20:13:16,CUST-105,Indore Central-West Hub,WH-Rockies-UT,FIL-4005,7,0,63.91
SALE-03403,2026-02-04 19:26:44,CUST-120,Chennai South Hub,WH-South-FL,FIL-4005,9,0,65.25
SALE-03404,2026-04-16 18:03:25,CUST-129,Bhubaneswar Southeast Hub,WH-Southeast-GA,FAS-3002,12,0,17.93
SALE-03405,2026-03-02 17:51:17,CUST-103,Indore Central-West Hub,WH-Rockies-UT,ELE-2005,1,0,214.04
SALE-03406,2026-05-27 18:03:23,CUST-154,Indore Central-West Hub,WH-Rockies-UT,FIL-4003,6,0,41.09
SALE-03407,2026-03-07 20:50:05,CUST-116,Bhubaneswar Southeast Hub,WH-Southeast-GA,FIL-4001,8,0,55.25
SALE-03408,2026-06-09 18:29:04,CUST-147,Chennai South Hub,WH-South-FL,FIL-4004,5,0,51.1
SALE-03409,2025-09-21 17:08:00,CUST-114,Bengaluru Technology Hub,WH-Pacific-WA,HYD-1002,2,0,312.74
SALE-03410,2026-04-20 18:54:00,CUST-138,Guwahati Northeast Hub,WH-Northeast-NY,FIL-4003,5,0,39.9
SALE-03411,2026-07-14 19:31:40,CUST-153,Bhubaneswar Southeast Hub,WH-Southeast-GA,ELE-2003,3,0,72.13
SALE-03412,2025-09-14 19:31:07,CUST-144,Lucknow Mid-India Hub,WH-MidAtlantic-VA,ELE-2003,2,0,78.31
SALE-03413,2025-11-26 18:14:38,CUST-113,Bhubaneswar Southeast Hub,WH-Southeast-GA,ELE-2003,2,0,77.57
SALE-03414,2025-10-02 17:54:58,CUST-130,Guwahati Northeast Hub,WH-Northeast-NY,ELE-2004,1,0,369.06
SALE-03415,2025-11-22 20:01:12,CUST-103,Jaipur Regional Hub,WH-Mountain-CO,FAS-3004,8,0,36.98
SALE-03416,2026-03-11 19:18:13,CUST-123,Nagpur Central Hub,WH-GreatLakes-MI,FIL-4004,5,0,46.72
SALE-03417,2025-12-15 19:00:00,CUST-139,Mumbai West Hub,WH-West-CA,ELE-2005,1,0,218.38
SALE-03418,2025-10-24 17:07:31,CUST-127,Coimbatore South Central Hub,WH-SouthCentral-OK,HYD-1003,3,0,86.99
SALE-03419,2025-11-18 18:55:47,CUST-153,Nagpur Central Hub,WH-GreatLakes-MI,HYD-1002,4,1,320.23
SALE-03420,2025-09-19 20:49:05,CUST-141,Indore Central-West Hub,WH-Rockies-UT,ELE-2002,2,0,133.02
SALE-03421,2026-03-26 18:37:17,CUST-118,Jaipur Regional Hub,WH-Mountain-CO,FIL-4003,8,0,44.89
SALE-03422,2025-10-21 18:15:41,CUST-143,Nagpur Central Hub,WH-GreatLakes-MI,FAS-3005,12,0,31.4
SALE-03423,2026-05-19 20:39:22,CUST-107,Chennai South Hub,WH-South-FL,ELE-2003,2,0,80.56
SALE-03424,2026-01-02 20:19:55,CUST-151,Hyderabad Central Hub,WH-Central-TX,ELE-2002,3,0,132.79
SALE-03425,2026-01-23 20:09:46,CUST-120,Bengaluru Technology Hub,WH-Pacific-WA,FAS-3005,7,0,31.71
SALE-03426,2026-06-02 19:36:17,CUST-135,Delhi North Hub,WH-North-IL,HYD-1005,9,0,134.23
SALE-03427,2025-12-29 17:57:47,CUST-156,Nagpur Central Hub,WH-GreatLakes-MI,FAS-3002,8,0,16.97
SALE-03428,2025-12-25 17:52:43,CUST-109,Jaipur Regional Hub,WH-Mountain-CO,ELE-2003,3,0,74.2
SALE-03429,2026-01-31 19:27:34,CUST-132,Bhubaneswar Southeast Hub,WH-Southeast-GA,ELE-2004,4,0,391.74
SALE-03430,2026-06-23 17:54:06,CUST-152,Pune Midwest Hub,WH-Midwest-OH,ELE-2002,3,0,118.9
SALE-03431,2025-10-12 17:16:19,CUST-150,Guwahati Northeast Hub,WH-Northeast-NY,ELE-2004,3,0,387.43
SALE-03432,2025-12-05 17:34:33,CUST-150,Hyderabad Central Hub,WH-Central-TX,FAS-3002,12,0,18.26
SALE-03433,2025-09-19 17:33:28,CUST-159,Indore Central-West Hub,WH-Rockies-UT,FAS-3004,4,0,34.76
SALE-03434,2026-02-21 19:41:03,CUST-135,Lucknow Mid-India Hub,WH-MidAtlantic-VA,FAS-3002,7,0,19.05
SALE-03435,2025-10-12 17:19:52,CUST-126,Bhubaneswar Southeast Hub,WH-Southeast-GA,FIL-4003,3,0,45.08
SALE-03436,2026-04-23 18:25:27,CUST-123,Lucknow Mid-India Hub,WH-MidAtlantic-VA,ELE-2002,2,0,125.58
SALE-03437,2026-03-05 20:44:12,CUST-103,Lucknow Mid-India Hub,WH-MidAtlantic-VA,HYD-1001,1,0,483.78
SALE-03438,2026-01-16 18:06:51,CUST-140,Bhubaneswar Southeast Hub,WH-Southeast-GA,FIL-4002,6,0,31.36
SALE-03439,2025-11-04 17:05:11,CUST-124,Pune Midwest Hub,WH-Midwest-OH,HYD-1003,3,0,89.43
SALE-03440,2025-09-28 20:25:03,CUST-117,Kolkata East Hub,WH-East-NC,FAS-3002,9,0,18.27
SALE-03441,2026-03-31 19:46:28,CUST-138,Lucknow Mid-India Hub,WH-MidAtlantic-VA,FIL-4004,6,0,46.62
SALE-03442,2025-12-23 20:57:54,CUST-112,Guwahati Northeast Hub,WH-Northeast-NY,ELE-2005,5,0,226.42
SALE-03443,2026-03-24 17:09:14,CUST-156,Lucknow Mid-India Hub,WH-MidAtlantic-VA,ELE-2002,1,0,119.82
SALE-03444,2025-10-16 18:58:57,CUST-135,Kolkata East Hub,WH-East-NC,ELE-2002,2,0,118.09
SALE-03445,2026-02-16 18:28:46,CUST-138,Mumbai West Hub,WH-West-CA,FIL-4001,11,0,54.78
SALE-03446,2026-03-19 18:35:35,CUST-121,Bhubaneswar Southeast Hub,WH-Southeast-GA,FIL-4003,9,0,41.4
SALE-03447,2025-09-27 18:40:53,CUST-145,Indore Central-West Hub,WH-Rockies-UT,FAS-3001,7,0,25.94
SALE-03448,2026-04-22 17:19:17,CUST-140,Delhi North Hub,WH-North-IL,FAS-3002,13,0,17.75
SALE-03449,2026-04-24 18:57:56,CUST-148,Bengaluru Technology Hub,WH-Pacific-WA,HYD-1002,4,0,305.98
SALE-03450,2026-05-03 20:33:06,CUST-159,Hyderabad Central Hub,WH-Central-TX,ELE-2002,1,0,130.68
SALE-03451,2025-09-23 19:36:03,CUST-136,Coimbatore South Central Hub,WH-SouthCentral-OK,FAS-3005,6,0,29.78
SALE-03452,2026-06-21 17:31:23,CUST-103,Hyderabad Central Hub,WH-Central-TX,FAS-3003,21,0,21.98
SALE-03453,2025-12-29 18:59:53,CUST-128,Jaipur Regional Hub,WH-Mountain-CO,HYD-1001,2,0,457.9
SALE-03454,2026-03-24 18:55:47,CUST-126,Nagpur Central Hub,WH-GreatLakes-MI,HYD-1002,2,0,307.04
SALE-03455,2026-02-06 18:05:51,CUST-122,Bengaluru Technology Hub,WH-Pacific-WA,HYD-1002,7,0,335.85
SALE-03456,2026-07-18 19:47:42,CUST-109,Delhi North Hub,WH-North-IL,FAS-3001,9,0,25.99
SALE-03457,2025-09-11 18:21:04,CUST-125,Delhi North Hub,WH-North-IL,FIL-4001,8,0,59.4
SALE-03458,2025-11-07 19:48:40,CUST-157,Guwahati Northeast Hub,WH-Northeast-NY,HYD-1001,5,0,423.04
SALE-03459,2025-09-30 17:44:59,CUST-122,Pune Midwest Hub,WH-Midwest-OH,HYD-1001,4,0,469.58
SALE-03460,2026-05-27 17:31:24,CUST-142,Lucknow Mid-India Hub,WH-MidAtlantic-VA,ELE-2005,5,0,204.78
SALE-03461,2026-02-12 17:33:50,CUST-129,Pune Midwest Hub,WH-Midwest-OH,FAS-3005,6,0,29.3
SALE-03462,2025-10-18 20:07:18,CUST-101,Lucknow Mid-India Hub,WH-MidAtlantic-VA,HYD-1002,3,0,329.41
SALE-03463,2026-07-06 19:11:37,CUST-152,Bengaluru Technology Hub,WH-Pacific-WA,ELE-2003,1,0,72.57
SALE-03464,2026-05-16 19:02:09,CUST-145,Guwahati Northeast Hub,WH-Northeast-NY,HYD-1005,5,0,132.06
SALE-03465,2025-10-02 19:15:26,CUST-115,Chennai South Hub,WH-South-FL,FAS-3005,6,0,30.7
SALE-03466,2026-03-17 18:40:33,CUST-141,Bhubaneswar Southeast Hub,WH-Southeast-GA,FIL-4001,10,0,55.16
SALE-03467,2025-11-29 20:35:18,CUST-153,Coimbatore South Central Hub,WH-SouthCentral-OK,FIL-4005,7,0,62.68
SALE-03468,2026-03-20 17:34:29,CUST-144,Bengaluru Technology Hub,WH-Pacific-WA,ELE-2004,5,0,371.69
SALE-03469,2025-11-25 20:29:12,CUST-121,Nagpur Central Hub,WH-GreatLakes-MI,FIL-4001,10,0,55.04
SALE-03470,2026-03-12 17:27:45,CUST-121,Pune Midwest Hub,WH-Midwest-OH,FAS-3001,7,0,24.42
SALE-03471,2026-01-08 19:50:18,CUST-116,Coimbatore South Central Hub,WH-SouthCentral-OK,FAS-3004,10,0,36.57
SALE-03472,2026-03-06 17:08:45,CUST-101,Kolkata East Hub,WH-East-NC,ELE-2003,1,0,77.93
SALE-03473,2026-02-12 18:02:40,CUST-109,Kolkata East Hub,WH-East-NC,FAS-3002,5,0,17.43
SALE-03474,2025-12-13 17:06:47,CUST-160,Bhubaneswar Southeast Hub,WH-Southeast-GA,ELE-2001,2,0,642.13
SALE-03475,2026-04-21 19:02:45,CUST-122,Jaipur Regional Hub,WH-Mountain-CO,FIL-4004,5,0,46.37
SALE-03476,2026-04-10 17:34:57,CUST-110,Coimbatore South Central Hub,WH-SouthCentral-OK,ELE-2002,1,0,127.67
SALE-03477,2026-07-27 17:55:26,CUST-152,Pune Midwest Hub,WH-Midwest-OH,FAS-3001,11,0,26.4
SALE-03478,2025-12-30 19:12:07,CUST-119,Jaipur Regional Hub,WH-Mountain-CO,ELE-2002,3,0,127.5
SALE-03479,2026-01-07 20:08:19,CUST-127,Mumbai West Hub,WH-West-CA,FIL-4002,4,0,32.59
SALE-03480,2025-09-21 18:31:10,CUST-117,Ahmedabad Southwest Hub,WH-Southwest-AZ,FIL-4004,6,6,45.86
SALE-03481,2025-11-20 20:10:54,CUST-121,Hyderabad Central Hub,WH-Central-TX,ELE-2005,3,0,224.3
SALE-03482,2025-11-15 18:09:39,CUST-134,Delhi North Hub,WH-North-IL,ELE-2001,3,0,724.52
SALE-03483,2025-12-08 17:20:33,CUST-116,Coimbatore South Central Hub,WH-SouthCentral-OK,FIL-4005,5,0,61.18
SALE-03484,2026-06-27 20:59:28,CUST-112,Chennai South Hub,WH-South-FL,FIL-4001,6,0,56.78
SALE-03485,2026-05-01 17:19:41,CUST-134,Bengaluru Technology Hub,WH-Pacific-WA,ELE-2004,1,0,373.05
SALE-03486,2025-11-05 17:30:30,CUST-117,Lucknow Mid-India Hub,WH-MidAtlantic-VA,FAS-3005,5,0,31.6
SALE-03487,2026-03-28 17:21:21,CUST-153,Coimbatore South Central Hub,WH-SouthCentral-OK,FAS-3004,7,0,34.49
SALE-03488,2025-09-20 17:43:17,CUST-149,Kolkata East Hub,WH-East-NC,HYD-1003,9,0,90.95
SALE-03489,2026-04-20 19:08:22,CUST-141,Coimbatore South Central Hub,WH-SouthCentral-OK,FIL-4001,4,0,57.01
SALE-03490,2026-07-06 19:54:34,CUST-129,Lucknow Mid-India Hub,WH-MidAtlantic-VA,FIL-4005,7,0,61.52
SALE-03491,2026-06-12 19:34:54,CUST-112,Bengaluru Technology Hub,WH-Pacific-WA,HYD-1004,3,0,173.83
SALE-03492,2026-04-09 17:48:27,CUST-120,Lucknow Mid-India Hub,WH-MidAtlantic-VA,FIL-4003,8,0,41.46
SALE-03493,2025-10-01 17:20:08,CUST-152,Nagpur Central Hub,WH-GreatLakes-MI,FIL-4004,6,0,49.15
SALE-03494,2026-05-20 19:24:54,CUST-119,Kolkata East Hub,WH-East-NC,HYD-1001,1,0,462.33
SALE-03495,2025-09-06 19:17:28,CUST-120,Jaipur Regional Hub,WH-Mountain-CO,HYD-1001,4,0,476.21
SALE-03496,2026-07-27 20:57:04,CUST-112,Nagpur Central Hub,WH-GreatLakes-MI,FAS-3001,10,0,23.65
SALE-03497,2025-09-27 20:21:19,CUST-101,Ahmedabad Southwest Hub,WH-Southwest-AZ,FAS-3002,10,0,18.26
SALE-03498,2026-05-14 19:21:23,CUST-104,Mumbai West Hub,WH-West-CA,FAS-3002,8,0,18.03
SALE-03499,2026-02-15 20:52:34,CUST-114,Indore Central-West Hub,WH-Rockies-UT,FIL-4001,8,0,52.61
SALE-03500,2025-10-15 17:25:32,CUST-131,Mumbai West Hub,WH-West-CA,ELE-2004,1,0,386.86
SALE-03501,2026-05-01 20:55:12,CUST-123,Chennai South Hub,WH-South-FL,HYD-1005,2,0,132.61
SALE-03502,2026-06-24 18:06:44,CUST-116,Bengaluru Technology Hub,WH-Pacific-WA,FAS-3005,7,0,28.33
SALE-03503,2026-02-12 19:52:58,CUST-136,Chennai South Hub,WH-South-FL,FIL-4005,5,2,63.84
SALE-03504,2025-11-01 18:43:01,CUST-139,Pune Midwest Hub,WH-Midwest-OH,FIL-4002,8,0,30.64
SALE-03505,2025-09-08 17:28:51,CUST-104,Hyderabad Central Hub,WH-Central-TX,FAS-3002,13,0,17.5
SALE-03506,2026-07-09 19:03:49,CUST-102,Jaipur Regional Hub,WH-Mountain-CO,ELE-2004,1,0,394.15
SALE-03507,2026-01-25 20:47:10,CUST-143,Guwahati Northeast Hub,WH-Northeast-NY,HYD-1001,4,0,460.74
SALE-03508,2025-10-14 19:31:10,CUST-105,Bhubaneswar Southeast Hub,WH-Southeast-GA,FAS-3005,9,0,31.06
SALE-03509,2026-01-05 18:00:29,CUST-142,Pune Midwest Hub,WH-Midwest-OH,FIL-4002,10,0,32.96
SALE-03510,2026-03-07 19:28:22,CUST-144,Delhi North Hub,WH-North-IL,ELE-2005,2,0,199.7
SALE-03511,2026-07-23 17:50:23,CUST-121,Bengaluru Technology Hub,WH-Pacific-WA,HYD-1002,2,0,322.59
SALE-03512,2026-06-02 19:14:10,CUST-105,Jaipur Regional Hub,WH-Mountain-CO,FAS-3004,6,0,37.72
SALE-03513,2026-04-08 19:57:03,CUST-110,Hyderabad Central Hub,WH-Central-TX,FIL-4004,6,0,50.69
SALE-03514,2026-06-24 19:15:16,CUST-140,Jaipur Regional Hub,WH-Mountain-CO,HYD-1005,2,0,138.42
SALE-03515,2026-02-15 18:59:21,CUST-130,Jaipur Regional Hub,WH-Mountain-CO,FIL-4004,5,0,47.91
SALE-03516,2025-12-31 17:20:32,CUST-156,Hyderabad Central Hub,WH-Central-TX,FAS-3003,10,0,20.83
SALE-03517,2026-02-16 17:56:02,CUST-103,Jaipur Regional Hub,WH-Mountain-CO,FIL-4005,7,0,64.89
SALE-03518,2025-10-31 17:57:52,CUST-144,Lucknow Mid-India Hub,WH-MidAtlantic-VA,HYD-1004,4,0,179.18
SALE-03519,2026-07-26 19:29:46,CUST-103,Chennai South Hub,WH-South-FL,HYD-1001,4,0,451.91
SALE-03520,2025-12-08 20:55:20,CUST-124,Mumbai West Hub,WH-West-CA,FAS-3001,8,0,23.7
SALE-03521,2025-09-03 18:47:40,CUST-150,Lucknow Mid-India Hub,WH-MidAtlantic-VA,FIL-4002,6,0,34.48
SALE-03522,2025-11-03 19:36:36,CUST-106,Ahmedabad Southwest Hub,WH-Southwest-AZ,ELE-2002,1,0,126.0
SALE-03523,2026-07-26 18:02:50,CUST-137,Nagpur Central Hub,WH-GreatLakes-MI,HYD-1002,3,0,309.7
SALE-03524,2026-07-15 18:33:39,CUST-124,Lucknow Mid-India Hub,WH-MidAtlantic-VA,ELE-2001,2,0,662.5
SALE-03525,2026-04-24 19:46:45,CUST-148,Chennai South Hub,WH-South-FL,HYD-1004,5,0,179.14
SALE-03526,2026-03-18 20:33:50,CUST-119,Guwahati Northeast Hub,WH-Northeast-NY,FIL-4002,7,0,30.6
SALE-03527,2026-02-25 18:19:34,CUST-105,Guwahati Northeast Hub,WH-Northeast-NY,FIL-4005,2,0,64.2
SALE-03528,2026-01-09 17:31:09,CUST-155,Indore Central-West Hub,WH-Rockies-UT,FAS-3004,9,0,34.08
SALE-03529,2026-06-12 19:55:50,CUST-110,Ahmedabad Southwest Hub,WH-Southwest-AZ,ELE-2005,2,0,220.69
SALE-03530,2026-02-07 17:23:12,CUST-129,Lucknow Mid-India Hub,WH-MidAtlantic-VA,FIL-4001,5,0,54.09
SALE-03531,2025-12-24 18:30:05,CUST-147,Kolkata East Hub,WH-East-NC,HYD-1004,2,0,179.64
SALE-03532,2025-12-14 19:25:34,CUST-116,Kolkata East Hub,WH-East-NC,ELE-2004,2,0,378.28
SALE-03533,2026-01-28 20:50:31,CUST-148,Jaipur Regional Hub,WH-Mountain-CO,ELE-2004,2,0,378.15
SALE-03534,2026-03-15 17:03:12,CUST-132,Bhubaneswar Southeast Hub,WH-Southeast-GA,FIL-4005,7,0,64.82
SALE-03535,2025-12-23 18:20:23,CUST-149,Chennai South Hub,WH-South-FL,FAS-3005,13,0,31.36
SALE-03536,2025-12-03 19:37:28,CUST-156,Lucknow Mid-India Hub,WH-MidAtlantic-VA,FAS-3003,4,0,20.72
SALE-03537,2025-11-08 17:09:08,CUST-160,Lucknow Mid-India Hub,WH-MidAtlantic-VA,ELE-2002,1,0,117.69
SALE-03538,2025-12-13 19:50:04,CUST-128,Kolkata East Hub,WH-East-NC,ELE-2003,1,0,75.55
SALE-03539,2025-10-10 17:08:22,CUST-109,Bhubaneswar Southeast Hub,WH-Southeast-GA,FIL-4002,2,0,32.65
SALE-03540,2026-05-29 17:17:28,CUST-112,Bengaluru Technology Hub,WH-Pacific-WA,ELE-2004,1,0,391.03
SALE-03541,2026-04-26 18:49:11,CUST-126,Pune Midwest Hub,WH-Midwest-OH,FAS-3001,3,0,25.02
SALE-03542,2026-02-08 17:17:21,CUST-134,Coimbatore South Central Hub,WH-SouthCentral-OK,ELE-2004,1,0,387.23
SALE-03543,2025-09-05 17:28:13,CUST-106,Nagpur Central Hub,WH-GreatLakes-MI,HYD-1001,1,0,445.22
SALE-03544,2026-05-05 17:21:44,CUST-142,Delhi North Hub,WH-North-IL,HYD-1005,9,0,135.81
SALE-03545,2025-10-29 20:12:24,CUST-109,Jaipur Regional Hub,WH-Mountain-CO,ELE-2001,1,0,663.88
SALE-03546,2025-11-11 18:23:47,CUST-138,Guwahati Northeast Hub,WH-Northeast-NY,FAS-3001,5,0,26.53
SALE-03547,2026-02-03 19:59:36,CUST-119,Mumbai West Hub,WH-West-CA,ELE-2003,2,0,79.73
SALE-03548,2026-07-04 19:25:30,CUST-105,Lucknow Mid-India Hub,WH-MidAtlantic-VA,HYD-1004,7,0,187.74
SALE-03549,2026-01-12 19:16:24,CUST-152,Pune Midwest Hub,WH-Midwest-OH,HYD-1003,8,0,85.58
SALE-03550,2025-09-29 20:02:24,CUST-117,Jaipur Regional Hub,WH-Mountain-CO,ELE-2001,1,0,642.75
SALE-03551,2026-06-04 20:31:36,CUST-116,Indore Central-West Hub,WH-Rockies-UT,FAS-3001,8,0,23.64
SALE-03552,2026-05-27 17:06:08,CUST-119,Nagpur Central Hub,WH-GreatLakes-MI,HYD-1004,3,0,168.62
SALE-03553,2026-03-20 20:48:43,CUST-106,Bhubaneswar Southeast Hub,WH-Southeast-GA,FIL-4003,8,0,44.95
SALE-03554,2026-03-19 19:28:51,CUST-129,Chennai South Hub,WH-South-FL,FIL-4002,6,0,30.26
SALE-03555,2025-10-16 20:46:49,CUST-101,Indore Central-West Hub,WH-Rockies-UT,ELE-2002,2,0,121.91
SALE-03556,2025-11-16 18:48:46,CUST-132,Nagpur Central Hub,WH-GreatLakes-MI,ELE-2005,4,0,220.12
SALE-03557,2026-05-26 20:41:56,CUST-105,Bengaluru Technology Hub,WH-Pacific-WA,HYD-1002,4,0,310.21
SALE-03558,2026-06-20 18:12:23,CUST-156,Chennai South Hub,WH-South-FL,HYD-1002,1,0,303.6
SALE-03559,2026-01-01 20:02:10,CUST-130,Lucknow Mid-India Hub,WH-MidAtlantic-VA,FAS-3003,7,0,23.16
SALE-03560,2025-12-23 19:02:44,CUST-104,Pune Midwest Hub,WH-Midwest-OH,FAS-3005,9,0,30.29
SALE-03561,2026-04-14 17:55:43,CUST-149,Nagpur Central Hub,WH-GreatLakes-MI,FIL-4003,7,0,45.14
SALE-03562,2026-03-07 18:27:17,CUST-144,Ahmedabad Southwest Hub,WH-Southwest-AZ,HYD-1002,2,0,304.01
SALE-03563,2026-01-11 18:46:36,CUST-132,Pune Midwest Hub,WH-Midwest-OH,FAS-3001,8,0,24.89
SALE-03564,2026-03-09 20:02:40,CUST-128,Ahmedabad Southwest Hub,WH-Southwest-AZ,ELE-2003,3,0,76.99
SALE-03565,2026-06-30 20:39:08,CUST-103,Jaipur Regional Hub,WH-Mountain-CO,FIL-4002,7,0,30.7
SALE-03566,2026-03-15 20:05:01,CUST-104,Coimbatore South Central Hub,WH-SouthCentral-OK,FIL-4001,9,0,56.52
SALE-03567,2026-04-04 17:45:25,CUST-130,Delhi North Hub,WH-North-IL,FIL-4005,6,0,58.92
SALE-03568,2026-06-27 18:40:40,CUST-127,Hyderabad Central Hub,WH-Central-TX,ELE-2005,1,0,212.74
SALE-03569,2025-09-27 18:38:30,CUST-118,Kolkata East Hub,WH-East-NC,ELE-2001,5,0,665.49
SALE-03570,2025-09-10 19:25:37,CUST-128,Jaipur Regional Hub,WH-Mountain-CO,FAS-3005,16,0,28.47
SALE-03571,2025-09-29 19:43:40,CUST-137,Lucknow Mid-India Hub,WH-MidAtlantic-VA,ELE-2001,4,0,718.57
SALE-03572,2026-01-04 18:28:37,CUST-106,Mumbai West Hub,WH-West-CA,HYD-1005,5,0,146.71
SALE-03573,2026-01-04 20:19:49,CUST-127,Guwahati Northeast Hub,WH-Northeast-NY,HYD-1001,5,0,485.65
SALE-03574,2025-10-03 19:19:08,CUST-160,Guwahati Northeast Hub,WH-Northeast-NY,FIL-4003,8,0,41.45
SALE-03575,2025-09-29 20:33:50,CUST-160,Indore Central-West Hub,WH-Rockies-UT,HYD-1004,8,0,182.8
SALE-03576,2025-11-22 18:56:23,CUST-128,Kolkata East Hub,WH-East-NC,FIL-4003,8,1,40.01
SALE-03577,2026-03-14 19:33:17,CUST-130,Chennai South Hub,WH-South-FL,FIL-4005,7,0,65.53
SALE-03578,2026-02-20 19:24:25,CUST-114,Pune Midwest Hub,WH-Midwest-OH,HYD-1002,1,0,342.79
SALE-03579,2026-06-28 18:51:43,CUST-146,Nagpur Central Hub,WH-GreatLakes-MI,FIL-4001,4,0,52.37
SALE-03580,2025-12-13 17:16:15,CUST-159,Bhubaneswar Southeast Hub,WH-Southeast-GA,FAS-3005,3,0,31.67
SALE-03581,2025-12-20 18:57:12,CUST-128,Hyderabad Central Hub,WH-Central-TX,FIL-4003,5,0,44.85
SALE-03582,2025-11-22 19:07:47,CUST-113,Bengaluru Technology Hub,WH-Pacific-WA,ELE-2002,1,0,128.61
SALE-03583,2025-09-29 20:22:47,CUST-140,Pune Midwest Hub,WH-Midwest-OH,FIL-4005,5,0,65.79
SALE-03584,2026-05-04 18:31:58,CUST-124,Nagpur Central Hub,WH-GreatLakes-MI,FIL-4004,3,0,46.72
SALE-03585,2026-03-20 20:16:15,CUST-152,Nagpur Central Hub,WH-GreatLakes-MI,HYD-1002,2,0,309.52
SALE-03586,2026-04-08 17:21:31,CUST-158,Lucknow Mid-India Hub,WH-MidAtlantic-VA,FIL-4003,1,0,44.39
SALE-03587,2026-02-20 20:23:51,CUST-139,Pune Midwest Hub,WH-Midwest-OH,FIL-4003,10,0,42.47
SALE-03588,2026-03-30 19:05:37,CUST-107,Guwahati Northeast Hub,WH-Northeast-NY,FIL-4002,8,0,30.26
SALE-03589,2025-12-20 18:25:04,CUST-135,Delhi North Hub,WH-North-IL,FAS-3002,11,0,17.4
SALE-03590,2026-03-09 20:25:44,CUST-113,Pune Midwest Hub,WH-Midwest-OH,HYD-1002,5,1,339.53
SALE-03591,2026-01-17 17:30:10,CUST-138,Ahmedabad Southwest Hub,WH-Southwest-AZ,HYD-1003,4,4,83.3
SALE-03592,2025-09-02 18:37:02,CUST-126,Kolkata East Hub,WH-East-NC,ELE-2002,3,0,122.69
SALE-03593,2026-06-10 17:42:20,CUST-124,Indore Central-West Hub,WH-Rockies-UT,HYD-1002,3,0,345.5
SALE-03594,2025-12-29 18:07:54,CUST-136,Lucknow Mid-India Hub,WH-MidAtlantic-VA,FAS-3001,9,0,24.55
SALE-03595,2025-12-28 20:03:44,CUST-119,Bengaluru Technology Hub,WH-Pacific-WA,FIL-4003,9,0,42.28
SALE-03596,2026-03-02 19:16:10,CUST-140,Pune Midwest Hub,WH-Midwest-OH,HYD-1003,1,0,89.84
SALE-03597,2025-12-18 19:30:15,CUST-140,Ahmedabad Southwest Hub,WH-Southwest-AZ,FAS-3002,6,0,17.66
SALE-03598,2025-12-31 17:25:50,CUST-150,Ahmedabad Southwest Hub,WH-Southwest-AZ,FIL-4005,8,0,66.35
SALE-03599,2026-04-18 18:17:15,CUST-104,Pune Midwest Hub,WH-Midwest-OH,HYD-1005,2,0,140.9
SALE-03600,2026-02-15 20:04:27,CUST-153,Indore Central-West Hub,WH-Rockies-UT,HYD-1004,5,0,174.82
SALE-03601,2025-11-13 18:44:18,CUST-126,Indore Central-West Hub,WH-Rockies-UT,FAS-3005,8,0,30.87
SALE-03602,2026-03-07 18:07:40,CUST-135,Jaipur Regional Hub,WH-Mountain-CO,ELE-2005,2,0,197.78
SALE-03603,2026-04-06 19:03:18,CUST-120,Jaipur Regional Hub,WH-Mountain-CO,FIL-4005,8,0,66.2
SALE-03604,2026-07-11 19:47:53,CUST-140,Kolkata East Hub,WH-East-NC,HYD-1001,4,0,483.95
SALE-03605,2025-11-29 19:32:40,CUST-106,Hyderabad Central Hub,WH-Central-TX,ELE-2005,3,0,208.49
SALE-03606,2026-03-06 17:24:18,CUST-158,Pune Midwest Hub,WH-Midwest-OH,HYD-1004,1,0,185.34
SALE-03607,2026-02-03 18:51:27,CUST-153,Mumbai West Hub,WH-West-CA,HYD-1002,5,4,327.89
SALE-03608,2025-11-01 17:44:31,CUST-111,Bhubaneswar Southeast Hub,WH-Southeast-GA,FAS-3004,4,0,36.57
SALE-03609,2026-01-31 18:43:36,CUST-148,Lucknow Mid-India Hub,WH-MidAtlantic-VA,FAS-3005,6,0,29.69
SALE-03610,2025-11-26 18:23:18,CUST-160,Hyderabad Central Hub,WH-Central-TX,FIL-4005,6,0,63.42
SALE-03611,2026-01-05 17:52:16,CUST-108,Hyderabad Central Hub,WH-Central-TX,FIL-4004,9,0,46.33
SALE-03612,2025-11-02 20:53:52,CUST-140,Hyderabad Central Hub,WH-Central-TX,HYD-1005,7,0,148.99
SALE-03613,2026-02-22 19:26:21,CUST-129,Hyderabad Central Hub,WH-Central-TX,HYD-1001,3,0,484.74
SALE-03614,2026-03-22 17:37:57,CUST-158,Coimbatore South Central Hub,WH-SouthCentral-OK,ELE-2005,1,0,207.46
SALE-03615,2025-09-08 20:33:49,CUST-107,Indore Central-West Hub,WH-Rockies-UT,HYD-1004,4,0,166.66
SALE-03616,2025-11-30 20:19:37,CUST-104,Kolkata East Hub,WH-East-NC,FIL-4002,9,0,34.1
SALE-03617,2026-05-12 17:27:02,CUST-146,Delhi North Hub,WH-North-IL,FIL-4003,4,0,41.15
SALE-03618,2026-06-12 18:12:59,CUST-108,Pune Midwest Hub,WH-Midwest-OH,ELE-2001,1,0,654.3
SALE-03619,2026-05-18 18:58:28,CUST-115,Kolkata East Hub,WH-East-NC,HYD-1002,2,0,309.73
SALE-03620,2025-10-03 18:13:56,CUST-109,Mumbai West Hub,WH-West-CA,FIL-4004,7,0,49.4
SALE-03621,2025-12-19 19:51:03,CUST-123,Lucknow Mid-India Hub,WH-MidAtlantic-VA,FAS-3005,10,0,29.12
SALE-03622,2025-12-11 18:54:24,CUST-144,Pune Midwest Hub,WH-Midwest-OH,HYD-1001,5,0,440.32
SALE-03623,2026-05-02 17:58:54,CUST-122,Lucknow Mid-India Hub,WH-MidAtlantic-VA,FIL-4003,2,0,43.17
SALE-03624,2026-05-16 19:18:56,CUST-116,Mumbai West Hub,WH-West-CA,FAS-3004,12,0,36.25
SALE-03625,2025-09-18 18:06:49,CUST-127,Bhubaneswar Southeast Hub,WH-Southeast-GA,HYD-1001,5,0,434.3
SALE-03626,2025-10-16 17:56:30,CUST-112,Ahmedabad Southwest Hub,WH-Southwest-AZ,HYD-1002,6,5,325.01
SALE-03627,2026-04-20 20:08:16,CUST-103,Jaipur Regional Hub,WH-Mountain-CO,HYD-1005,1,0,135.3
SALE-03628,2026-03-01 19:46:28,CUST-105,Lucknow Mid-India Hub,WH-MidAtlantic-VA,FAS-3005,9,0,28.31
SALE-03629,2025-09-08 20:38:14,CUST-139,Chennai South Hub,WH-South-FL,ELE-2005,2,0,225.68
SALE-03630,2026-04-08 18:16:07,CUST-132,Nagpur Central Hub,WH-GreatLakes-MI,FAS-3002,11,0,18.57
SALE-03631,2026-01-14 20:39:27,CUST-123,Ahmedabad Southwest Hub,WH-Southwest-AZ,ELE-2004,1,0,417.5
SALE-03632,2026-07-17 18:07:18,CUST-153,Nagpur Central Hub,WH-GreatLakes-MI,ELE-2005,3,0,207.91
SALE-03633,2025-09-06 19:58:19,CUST-117,Hyderabad Central Hub,WH-Central-TX,FAS-3003,9,0,20.83
SALE-03634,2026-03-02 17:07:46,CUST-109,Kolkata East Hub,WH-East-NC,ELE-2003,1,0,74.33
SALE-03635,2026-01-14 17:20:26,CUST-119,Lucknow Mid-India Hub,WH-MidAtlantic-VA,HYD-1002,1,0,338.02
SALE-03636,2026-05-12 18:46:42,CUST-158,Lucknow Mid-India Hub,WH-MidAtlantic-VA,FAS-3004,10,0,34.84
SALE-03637,2026-05-21 19:29:44,CUST-129,Mumbai West Hub,WH-West-CA,HYD-1004,2,0,170.71
SALE-03638,2026-04-18 19:37:55,CUST-114,Indore Central-West Hub,WH-Rockies-UT,HYD-1001,6,0,484.17
SALE-03639,2025-10-19 19:52:42,CUST-159,Chennai South Hub,WH-South-FL,FAS-3003,8,0,22.66
SALE-03640,2025-11-10 20:16:42,CUST-122,Coimbatore South Central Hub,WH-SouthCentral-OK,ELE-2004,1,0,384.86
SALE-03641,2025-10-19 19:30:46,CUST-149,Ahmedabad Southwest Hub,WH-Southwest-AZ,FIL-4005,13,0,60.63
SALE-03642,2026-07-18 17:34:34,CUST-131,Coimbatore South Central Hub,WH-SouthCentral-OK,ELE-2005,2,0,211.73
SALE-03643,2026-03-23 18:58:40,CUST-156,Nagpur Central Hub,WH-GreatLakes-MI,FAS-3004,8,0,36.34
SALE-03644,2025-12-16 17:42:54,CUST-148,Hyderabad Central Hub,WH-Central-TX,HYD-1002,7,0,323.5
SALE-03645,2026-07-24 17:38:31,CUST-104,Jaipur Regional Hub,WH-Mountain-CO,FIL-4005,2,0,64.51
SALE-03646,2026-03-10 17:34:06,CUST-105,Hyderabad Central Hub,WH-Central-TX,HYD-1002,3,0,314.44
SALE-03647,2026-07-22 18:51:46,CUST-146,Kolkata East Hub,WH-East-NC,ELE-2001,1,0,659.06
SALE-03648,2026-01-05 20:27:50,CUST-160,Ahmedabad Southwest Hub,WH-Southwest-AZ,HYD-1002,3,0,328.32
SALE-03649,2026-02-02 19:23:36,CUST-133,Bengaluru Technology Hub,WH-Pacific-WA,FIL-4001,7,3,54.72
SALE-03650,2025-10-31 19:40:31,CUST-109,Bengaluru Technology Hub,WH-Pacific-WA,ELE-2002,1,0,117.67
SALE-03651,2026-05-05 19:28:23,CUST-126,Bhubaneswar Southeast Hub,WH-Southeast-GA,FAS-3005,5,0,30.69
SALE-03652,2026-04-03 20:34:34,CUST-144,Hyderabad Central Hub,WH-Central-TX,FIL-4004,7,0,51.28
SALE-03653,2026-06-09 18:34:58,CUST-124,Pune Midwest Hub,WH-Midwest-OH,HYD-1003,1,0,86.55
SALE-03654,2026-07-12 18:26:11,CUST-155,Ahmedabad Southwest Hub,WH-Southwest-AZ,FIL-4004,8,0,46.97
SALE-03655,2025-10-02 18:14:26,CUST-136,Kolkata East Hub,WH-East-NC,ELE-2001,2,0,697.67
SALE-03656,2026-01-30 19:23:32,CUST-124,Guwahati Northeast Hub,WH-Northeast-NY,ELE-2003,4,0,75.64
SALE-03657,2025-11-12 19:18:32,CUST-117,Lucknow Mid-India Hub,WH-MidAtlantic-VA,ELE-2001,1,0,674.56
SALE-03658,2025-09-23 20:54:32,CUST-146,Nagpur Central Hub,WH-GreatLakes-MI,HYD-1003,1,0,82.46
SALE-03659,2025-10-28 18:04:50,CUST-136,Pune Midwest Hub,WH-Midwest-OH,ELE-2004,4,0,408.81
SALE-03660,2026-01-20 18:07:05,CUST-114,Delhi North Hub,WH-North-IL,HYD-1005,1,0,150.92
SALE-03661,2025-11-14 17:47:29,CUST-129,Guwahati Northeast Hub,WH-Northeast-NY,HYD-1005,2,0,145.42
SALE-03662,2025-10-16 18:41:16,CUST-145,Indore Central-West Hub,WH-Rockies-UT,FIL-4005,8,0,58.69
SALE-03663,2025-09-29 20:10:18,CUST-106,Guwahati Northeast Hub,WH-Northeast-NY,FAS-3002,4,0,18.07
SALE-03664,2026-06-13 17:55:56,CUST-148,Indore Central-West Hub,WH-Rockies-UT,FAS-3001,4,0,26.29
SALE-03665,2026-04-27 19:11:00,CUST-135,Bengaluru Technology Hub,WH-Pacific-WA,FIL-4004,4,0,47.01
SALE-03666,2026-03-07 18:08:21,CUST-105,Guwahati Northeast Hub,WH-Northeast-NY,ELE-2002,2,0,118.46
SALE-03667,2026-03-08 20:36:35,CUST-142,Bhubaneswar Southeast Hub,WH-Southeast-GA,FAS-3001,10,0,26.68
SALE-03668,2026-05-06 19:09:48,CUST-111,Bengaluru Technology Hub,WH-Pacific-WA,FAS-3001,9,0,25.22
SALE-03669,2026-02-27 19:17:00,CUST-141,Indore Central-West Hub,WH-Rockies-UT,FAS-3004,5,0,34.7
SALE-03670,2026-04-12 17:40:13,CUST-107,Lucknow Mid-India Hub,WH-MidAtlantic-VA,HYD-1003,1,0,82.85
SALE-03671,2025-12-08 18:04:34,CUST-115,Hyderabad Central Hub,WH-Central-TX,FIL-4004,9,0,48.46
SALE-03672,2025-11-28 18:40:36,CUST-109,Lucknow Mid-India Hub,WH-MidAtlantic-VA,HYD-1003,4,0,84.39
SALE-03673,2026-05-01 17:52:08,CUST-143,Coimbatore South Central Hub,WH-SouthCentral-OK,FAS-3002,6,0,19.36
SALE-03674,2026-03-05 20:09:11,CUST-137,Guwahati Northeast Hub,WH-Northeast-NY,HYD-1003,1,0,82.57
SALE-03675,2025-10-25 18:40:52,CUST-125,Coimbatore South Central Hub,WH-SouthCentral-OK,HYD-1003,6,0,88.24
SALE-03676,2026-01-31 17:42:39,CUST-152,Nagpur Central Hub,WH-GreatLakes-MI,FAS-3003,8,0,21.67
SALE-03677,2026-01-11 19:30:27,CUST-114,Delhi North Hub,WH-North-IL,FAS-3003,5,0,23.24
SALE-03678,2025-09-14 19:08:22,CUST-159,Mumbai West Hub,WH-West-CA,FIL-4003,7,0,44.39
SALE-03679,2026-02-24 20:06:03,CUST-110,Hyderabad Central Hub,WH-Central-TX,FIL-4003,6,0,45.14
SALE-03680,2025-10-28 17:40:44,CUST-130,Mumbai West Hub,WH-West-CA,FIL-4003,4,0,42.7
SALE-03681,2025-09-02 18:52:04,CUST-143,Pune Midwest Hub,WH-Midwest-OH,FAS-3004,4,0,36.93
SALE-03682,2025-11-11 19:13:16,CUST-102,Bhubaneswar Southeast Hub,WH-Southeast-GA,HYD-1002,3,0,326.78
SALE-03683,2026-05-16 20:28:00,CUST-154,Indore Central-West Hub,WH-Rockies-UT,FIL-4002,9,0,31.73
SALE-03684,2025-10-17 18:53:20,CUST-124,Jaipur Regional Hub,WH-Mountain-CO,FAS-3004,13,0,34.9
SALE-03685,2026-06-16 19:32:59,CUST-108,Lucknow Mid-India Hub,WH-MidAtlantic-VA,FAS-3001,12,0,26.96
SALE-03686,2025-09-28 19:09:09,CUST-145,Bengaluru Technology Hub,WH-Pacific-WA,FIL-4002,7,0,34.26
SALE-03687,2026-01-27 20:22:15,CUST-135,Pune Midwest Hub,WH-Midwest-OH,FIL-4003,3,0,39.93
SALE-03688,2025-12-15 20:42:18,CUST-151,Nagpur Central Hub,WH-GreatLakes-MI,FIL-4003,5,0,42.96
SALE-03689,2026-03-31 17:24:32,CUST-150,Jaipur Regional Hub,WH-Mountain-CO,FAS-3004,6,0,36.14
SALE-03690,2025-09-04 19:47:00,CUST-151,Ahmedabad Southwest Hub,WH-Southwest-AZ,ELE-2003,1,0,79.72
SALE-03691,2026-03-08 17:21:30,CUST-132,Ahmedabad Southwest Hub,WH-Southwest-AZ,HYD-1001,1,0,430.64
SALE-03692,2026-06-30 18:34:59,CUST-129,Delhi North Hub,WH-North-IL,ELE-2005,2,0,212.38
SALE-03693,2025-11-05 18:01:02,CUST-150,Bengaluru Technology Hub,WH-Pacific-WA,HYD-1004,5,0,167.7
SALE-03694,2025-11-10 17:59:09,CUST-138,Nagpur Central Hub,WH-GreatLakes-MI,FAS-3001,8,0,23.66
SALE-03695,2026-06-21 17:05:46,CUST-149,Coimbatore South Central Hub,WH-SouthCentral-OK,FAS-3001,11,0,25.88
SALE-03696,2025-12-10 19:21:15,CUST-155,Jaipur Regional Hub,WH-Mountain-CO,ELE-2002,3,0,133.3
SALE-03697,2025-09-17 19:21:55,CUST-110,Hyderabad Central Hub,WH-Central-TX,FAS-3004,6,1,35.52
SALE-03698,2026-06-06 20:47:11,CUST-118,Nagpur Central Hub,WH-GreatLakes-MI,HYD-1004,3,0,172.63
SALE-03699,2026-04-24 20:44:20,CUST-160,Nagpur Central Hub,WH-GreatLakes-MI,FIL-4002,10,0,30.22
SALE-03700,2025-11-27 20:35:06,CUST-113,Delhi North Hub,WH-North-IL,HYD-1004,2,0,167.81
SALE-03701,2026-07-22 19:59:14,CUST-127,Bhubaneswar Southeast Hub,WH-Southeast-GA,FIL-4001,6,0,59.14
SALE-03702,2026-02-15 20:51:46,CUST-128,Bhubaneswar Southeast Hub,WH-Southeast-GA,HYD-1003,2,0,83.23
SALE-03703,2025-11-26 19:20:34,CUST-150,Chennai South Hub,WH-South-FL,ELE-2003,1,0,75.14
SALE-03704,2025-12-22 19:24:54,CUST-153,Coimbatore South Central Hub,WH-SouthCentral-OK,HYD-1001,6,0,484.5
SALE-03705,2025-11-20 18:49:52,CUST-140,Lucknow Mid-India Hub,WH-MidAtlantic-VA,FAS-3004,13,0,33.15
SALE-03706,2026-06-30 17:33:37,CUST-151,Coimbatore South Central Hub,WH-SouthCentral-OK,HYD-1004,6,0,169.75
SALE-03707,2026-01-05 19:22:07,CUST-104,Bhubaneswar Southeast Hub,WH-Southeast-GA,HYD-1001,1,0,470.63
SALE-03708,2026-06-25 17:36:50,CUST-118,Guwahati Northeast Hub,WH-Northeast-NY,FIL-4001,5,0,57.31
SALE-03709,2026-03-11 19:03:17,CUST-149,Nagpur Central Hub,WH-GreatLakes-MI,FIL-4001,6,0,54.38
SALE-03710,2026-01-01 19:15:30,CUST-132,Ahmedabad Southwest Hub,WH-Southwest-AZ,HYD-1005,3,0,146.85
SALE-03711,2025-09-22 18:13:20,CUST-153,Delhi North Hub,WH-North-IL,FIL-4005,7,0,65.19
SALE-03712,2026-07-04 19:51:36,CUST-147,Bhubaneswar Southeast Hub,WH-Southeast-GA,FAS-3002,10,0,17.03
SALE-03713,2026-05-12 18:17:54,CUST-120,Guwahati Northeast Hub,WH-Northeast-NY,FIL-4004,1,0,47.8
SALE-03714,2026-06-02 17:58:06,CUST-107,Kolkata East Hub,WH-East-NC,HYD-1004,2,0,182.27
SALE-03715,2026-07-14 19:49:42,CUST-103,Lucknow Mid-India Hub,WH-MidAtlantic-VA,FAS-3003,5,0,21.45
SALE-03716,2025-11-16 17:18:51,CUST-145,Mumbai West Hub,WH-West-CA,FAS-3001,7,0,23.64
SALE-03717,2026-07-06 17:08:39,CUST-139,Indore Central-West Hub,WH-Rockies-UT,FIL-4005,8,0,61.23
SALE-03718,2026-06-20 18:45:08,CUST-155,Mumbai West Hub,WH-West-CA,FAS-3004,6,0,33.55
SALE-03719,2026-03-06 19:29:36,CUST-114,Kolkata East Hub,WH-East-NC,FAS-3005,9,0,31.21
SALE-03720,2026-06-15 20:21:14,CUST-139,Hyderabad Central Hub,WH-Central-TX,HYD-1004,3,0,182.49
SALE-03721,2025-12-25 17:04:36,CUST-126,Bhubaneswar Southeast Hub,WH-Southeast-GA,HYD-1005,7,0,142.63
SALE-03722,2025-10-31 19:27:37,CUST-127,Kolkata East Hub,WH-East-NC,HYD-1003,3,0,86.83
SALE-03723,2026-05-29 18:30:18,CUST-135,Ahmedabad Southwest Hub,WH-Southwest-AZ,ELE-2002,1,0,134.59
SALE-03724,2025-10-20 19:23:25,CUST-150,Mumbai West Hub,WH-West-CA,FAS-3005,12,0,29.46
SALE-03725,2025-10-24 17:30:21,CUST-116,Kolkata East Hub,WH-East-NC,ELE-2004,6,0,411.74
SALE-03726,2026-04-27 18:30:02,CUST-122,Delhi North Hub,WH-North-IL,ELE-2003,4,0,76.22
SALE-03727,2026-03-08 20:14:16,CUST-107,Jaipur Regional Hub,WH-Mountain-CO,HYD-1001,5,0,457.39
SALE-03728,2025-12-25 19:47:13,CUST-128,Chennai South Hub,WH-South-FL,FAS-3003,8,0,21.16
SALE-03729,2026-05-31 17:33:18,CUST-156,Chennai South Hub,WH-South-FL,ELE-2002,2,0,120.2
SALE-03730,2025-09-07 18:36:32,CUST-123,Lucknow Mid-India Hub,WH-MidAtlantic-VA,ELE-2004,2,0,381.62
SALE-03731,2026-03-29 18:44:51,CUST-125,Coimbatore South Central Hub,WH-SouthCentral-OK,ELE-2003,6,0,77.21
SALE-03732,2025-09-05 17:32:21,CUST-107,Mumbai West Hub,WH-West-CA,FIL-4002,7,0,32.75
SALE-03733,2025-09-22 18:28:01,CUST-137,Ahmedabad Southwest Hub,WH-Southwest-AZ,FAS-3004,16,0,36.59
SALE-03734,2026-05-15 20:28:49,CUST-110,Bhubaneswar Southeast Hub,WH-Southeast-GA,HYD-1001,2,0,445.05
SALE-03735,2026-06-03 18:48:17,CUST-120,Bengaluru Technology Hub,WH-Pacific-WA,FAS-3005,6,0,29.26
SALE-03736,2026-07-19 19:09:25,CUST-144,Mumbai West Hub,WH-West-CA,HYD-1001,5,0,482.61
SALE-03737,2026-07-20 20:13:53,CUST-113,Bengaluru Technology Hub,WH-Pacific-WA,ELE-2002,1,0,124.93
SALE-03738,2026-03-27 17:12:55,CUST-152,Lucknow Mid-India Hub,WH-MidAtlantic-VA,FIL-4005,6,0,65.12
SALE-03739,2026-01-20 18:03:31,CUST-130,Nagpur Central Hub,WH-GreatLakes-MI,HYD-1003,3,0,85.41
SALE-03740,2025-11-21 18:10:33,CUST-139,Lucknow Mid-India Hub,WH-MidAtlantic-VA,FAS-3003,5,0,21.2
SALE-03741,2026-02-13 19:09:26,CUST-157,Coimbatore South Central Hub,WH-SouthCentral-OK,FIL-4003,7,0,41.2
SALE-03742,2025-10-12 20:59:30,CUST-133,Mumbai West Hub,WH-West-CA,ELE-2005,1,0,204.11
SALE-03743,2026-02-20 18:46:38,CUST-132,Lucknow Mid-India Hub,WH-MidAtlantic-VA,FIL-4004,13,0,45.69
SALE-03744,2026-05-29 20:08:38,CUST-108,Nagpur Central Hub,WH-GreatLakes-MI,HYD-1003,2,0,87.44
SALE-03745,2026-07-04 17:41:09,CUST-148,Kolkata East Hub,WH-East-NC,FIL-4005,9,0,62.96
SALE-03746,2026-03-12 18:50:48,CUST-140,Delhi North Hub,WH-North-IL,FIL-4002,3,0,30.91
SALE-03747,2026-01-08 19:47:32,CUST-123,Indore Central-West Hub,WH-Rockies-UT,FAS-3003,8,0,21.62
SALE-03748,2026-03-04 19:15:19,CUST-120,Guwahati Northeast Hub,WH-Northeast-NY,FAS-3005,8,0,28.99
SALE-03749,2026-03-13 17:32:00,CUST-101,Chennai South Hub,WH-South-FL,FIL-4002,9,0,31.43
SALE-03750,2026-06-27 19:02:22,CUST-147,Pune Midwest Hub,WH-Midwest-OH,ELE-2003,6,0,80.25
SALE-03751,2025-09-24 17:31:02,CUST-133,Ahmedabad Southwest Hub,WH-Southwest-AZ,FAS-3004,8,0,33.11
SALE-03752,2025-10-31 18:02:21,CUST-109,Ahmedabad Southwest Hub,WH-Southwest-AZ,FAS-3001,13,0,26.03
SALE-03753,2026-02-19 19:43:51,CUST-104,Chennai South Hub,WH-South-FL,ELE-2003,3,0,76.25
SALE-03754,2026-01-22 17:51:20,CUST-125,Mumbai West Hub,WH-West-CA,FAS-3005,8,0,29.13
SALE-03755,2026-03-21 20:45:28,CUST-138,Jaipur Regional Hub,WH-Mountain-CO,FIL-4001,3,0,59.07
SALE-03756,2025-09-25 20:13:35,CUST-126,Chennai South Hub,WH-South-FL,FIL-4005,5,0,64.16
SALE-03757,2025-12-21 17:42:45,CUST-120,Nagpur Central Hub,WH-GreatLakes-MI,HYD-1002,4,0,339.2
SALE-03758,2025-11-12 17:28:29,CUST-126,Kolkata East Hub,WH-East-NC,ELE-2003,4,0,73.15
SALE-03759,2026-01-04 17:32:49,CUST-145,Ahmedabad Southwest Hub,WH-Southwest-AZ,FAS-3005,11,0,31.08
SALE-03760,2025-11-30 20:58:02,CUST-158,Pune Midwest Hub,WH-Midwest-OH,ELE-2001,3,0,720.15
SALE-03761,2026-05-20 19:33:39,CUST-156,Lucknow Mid-India Hub,WH-MidAtlantic-VA,FIL-4004,5,0,46.62
SALE-03762,2026-01-14 19:38:16,CUST-129,Hyderabad Central Hub,WH-Central-TX,HYD-1005,4,0,133.32
SALE-03763,2026-05-13 19:29:32,CUST-111,Coimbatore South Central Hub,WH-SouthCentral-OK,ELE-2002,2,0,118.42
SALE-03764,2026-05-30 19:33:40,CUST-112,Hyderabad Central Hub,WH-Central-TX,ELE-2003,1,0,78.12
SALE-03765,2026-07-01 18:35:56,CUST-122,Pune Midwest Hub,WH-Midwest-OH,FAS-3001,12,0,25.66
SALE-03766,2026-03-04 18:00:30,CUST-115,Pune Midwest Hub,WH-Midwest-OH,HYD-1005,1,0,138.04
SALE-03767,2025-10-15 19:12:20,CUST-130,Nagpur Central Hub,WH-GreatLakes-MI,FAS-3003,4,0,21.88
SALE-03768,2025-09-24 18:05:53,CUST-103,Guwahati Northeast Hub,WH-Northeast-NY,ELE-2002,5,0,128.26
SALE-03769,2025-10-21 20:11:55,CUST-113,Kolkata East Hub,WH-East-NC,FIL-4001,4,0,57.26
SALE-03770,2025-10-02 20:03:25,CUST-137,Hyderabad Central Hub,WH-Central-TX,FAS-3005,11,0,28.99
SALE-03771,2026-05-16 19:51:37,CUST-114,Mumbai West Hub,WH-West-CA,HYD-1005,4,0,135.24
SALE-03772,2026-05-09 18:50:44,CUST-131,Ahmedabad Southwest Hub,WH-Southwest-AZ,FIL-4003,7,0,44.08
SALE-03773,2026-02-02 17:20:42,CUST-160,Hyderabad Central Hub,WH-Central-TX,FAS-3001,11,0,23.86
SALE-03774,2025-12-04 17:55:44,CUST-118,Jaipur Regional Hub,WH-Mountain-CO,FIL-4002,3,0,32.57
SALE-03775,2026-04-28 17:23:39,CUST-111,Bengaluru Technology Hub,WH-Pacific-WA,ELE-2003,4,0,80.58
SALE-03776,2025-09-05 17:18:18,CUST-153,Nagpur Central Hub,WH-GreatLakes-MI,FAS-3001,4,0,25.13
SALE-03777,2026-07-27 17:53:04,CUST-116,Bhubaneswar Southeast Hub,WH-Southeast-GA,HYD-1004,3,0,165.48
SALE-03778,2026-01-12 18:11:34,CUST-106,Lucknow Mid-India Hub,WH-MidAtlantic-VA,FIL-4001,7,0,54.8
SALE-03779,2026-05-05 18:13:00,CUST-157,Nagpur Central Hub,WH-GreatLakes-MI,FAS-3001,7,0,25.21
SALE-03780,2026-03-14 19:40:36,CUST-118,Pune Midwest Hub,WH-Midwest-OH,FAS-3005,6,0,29.25
SALE-03781,2026-03-14 17:22:33,CUST-131,Mumbai West Hub,WH-West-CA,FIL-4001,7,0,52.31
SALE-03782,2025-12-12 17:39:33,CUST-128,Bhubaneswar Southeast Hub,WH-Southeast-GA,ELE-2005,5,0,214.93
SALE-03783,2026-03-04 18:49:07,CUST-146,Coimbatore South Central Hub,WH-SouthCentral-OK,HYD-1005,3,0,139.13
SALE-03784,2025-11-27 18:02:33,CUST-150,Coimbatore South Central Hub,WH-SouthCentral-OK,FIL-4005,6,0,66.91
SALE-03785,2026-03-30 18:52:17,CUST-138,Chennai South Hub,WH-South-FL,HYD-1004,4,0,169.96
SALE-03786,2026-07-21 19:44:17,CUST-147,Bengaluru Technology Hub,WH-Pacific-WA,FIL-4004,5,0,47.21
SALE-03787,2026-04-26 18:05:59,CUST-159,Guwahati Northeast Hub,WH-Northeast-NY,FAS-3002,5,0,17.45
SALE-03788,2025-09-13 19:25:38,CUST-156,Guwahati Northeast Hub,WH-Northeast-NY,HYD-1004,1,0,188.97
SALE-03789,2025-12-02 17:17:46,CUST-158,Bengaluru Technology Hub,WH-Pacific-WA,FAS-3002,5,0,18.25
SALE-03790,2026-07-03 17:14:15,CUST-146,Chennai South Hub,WH-South-FL,FAS-3001,6,0,23.6
SALE-03791,2026-06-22 20:27:12,CUST-115,Hyderabad Central Hub,WH-Central-TX,FAS-3002,7,0,17.67
SALE-03792,2026-01-12 20:01:02,CUST-142,Indore Central-West Hub,WH-Rockies-UT,FAS-3005,4,0,28.96
SALE-03793,2026-05-19 17:50:31,CUST-108,Ahmedabad Southwest Hub,WH-Southwest-AZ,HYD-1001,5,0,423.55
SALE-03794,2026-06-27 17:55:42,CUST-104,Ahmedabad Southwest Hub,WH-Southwest-AZ,ELE-2005,1,0,201.71
SALE-03795,2026-05-17 17:42:23,CUST-137,Delhi North Hub,WH-North-IL,ELE-2002,2,0,134.88
SALE-03796,2026-04-29 20:00:58,CUST-130,Pune Midwest Hub,WH-Midwest-OH,ELE-2004,2,0,394.59
SALE-03797,2025-09-05 20:56:51,CUST-124,Coimbatore South Central Hub,WH-SouthCentral-OK,ELE-2003,1,0,75.47
SALE-03798,2026-02-26 19:04:32,CUST-140,Lucknow Mid-India Hub,WH-MidAtlantic-VA,FAS-3004,6,0,35.08
SALE-03799,2026-07-23 17:49:13,CUST-119,Mumbai West Hub,WH-West-CA,FAS-3003,9,0,23.24
SALE-03800,2026-04-18 19:02:04,CUST-109,Delhi North Hub,WH-North-IL,FIL-4004,7,0,49.22
SALE-03801,2026-01-01 18:37:19,CUST-147,Kolkata East Hub,WH-East-NC,HYD-1001,3,0,427.49
SALE-03802,2025-12-07 20:13:19,CUST-132,Ahmedabad Southwest Hub,WH-Southwest-AZ,ELE-2004,2,0,394.37
SALE-03803,2026-01-07 17:34:31,CUST-137,Ahmedabad Southwest Hub,WH-Southwest-AZ,ELE-2004,2,0,401.29
SALE-03804,2026-05-17 17:53:10,CUST-135,Mumbai West Hub,WH-West-CA,FIL-4004,8,0,45.12
SALE-03805,2025-10-18 17:24:49,CUST-128,Lucknow Mid-India Hub,WH-MidAtlantic-VA,HYD-1004,3,0,166.85
SALE-03806,2026-04-17 18:11:11,CUST-125,Kolkata East Hub,WH-East-NC,ELE-2002,2,0,129.08
SALE-03807,2026-03-27 17:01:28,CUST-116,Chennai South Hub,WH-South-FL,FAS-3001,6,0,23.52
SALE-03808,2025-12-20 18:26:47,CUST-148,Ahmedabad Southwest Hub,WH-Southwest-AZ,HYD-1002,3,0,308.22
SALE-03809,2026-04-25 20:09:55,CUST-121,Coimbatore South Central Hub,WH-SouthCentral-OK,HYD-1003,2,0,86.1
SALE-03810,2026-07-12 18:27:18,CUST-137,Kolkata East Hub,WH-East-NC,ELE-2003,1,0,76.26
SALE-03811,2026-03-28 17:10:34,CUST-147,Bengaluru Technology Hub,WH-Pacific-WA,FAS-3003,4,0,20.71
SALE-03812,2026-07-20 17:10:01,CUST-116,Bengaluru Technology Hub,WH-Pacific-WA,HYD-1001,4,0,442.0
SALE-03813,2026-04-05 17:40:15,CUST-134,Jaipur Regional Hub,WH-Mountain-CO,HYD-1004,3,0,173.65
SALE-03814,2026-04-04 17:36:37,CUST-134,Pune Midwest Hub,WH-Midwest-OH,HYD-1003,5,0,84.42
SALE-03815,2026-04-30 20:01:17,CUST-158,Nagpur Central Hub,WH-GreatLakes-MI,FAS-3002,9,0,17.56
SALE-03816,2026-01-13 18:13:57,CUST-150,Pune Midwest Hub,WH-Midwest-OH,FAS-3001,9,0,26.13
SALE-03817,2025-10-18 20:53:17,CUST-143,Indore Central-West Hub,WH-Rockies-UT,HYD-1002,3,0,311.64
SALE-03818,2026-01-26 20:56:29,CUST-144,Pune Midwest Hub,WH-Midwest-OH,FIL-4002,9,0,33.28
SALE-03819,2026-07-03 17:25:31,CUST-130,Hyderabad Central Hub,WH-Central-TX,ELE-2004,1,0,408.7
SALE-03820,2026-04-10 20:07:18,CUST-131,Ahmedabad Southwest Hub,WH-Southwest-AZ,FAS-3004,5,0,36.46
SALE-03821,2025-11-24 18:17:11,CUST-141,Delhi North Hub,WH-North-IL,ELE-2004,2,0,392.65
SALE-03822,2026-01-14 19:40:28,CUST-112,Lucknow Mid-India Hub,WH-MidAtlantic-VA,ELE-2005,1,0,213.06
SALE-03823,2026-01-07 17:33:54,CUST-105,Guwahati Northeast Hub,WH-Northeast-NY,FIL-4004,5,0,45.95
SALE-03824,2026-03-29 19:47:01,CUST-109,Nagpur Central Hub,WH-GreatLakes-MI,HYD-1004,1,0,187.14
SALE-03825,2026-04-30 17:50:05,CUST-140,Delhi North Hub,WH-North-IL,ELE-2001,6,0,728.78
SALE-03826,2026-01-05 19:01:59,CUST-145,Kolkata East Hub,WH-East-NC,FAS-3002,13,0,19.22
SALE-03827,2026-03-03 19:59:19,CUST-119,Pune Midwest Hub,WH-Midwest-OH,HYD-1002,1,0,310.92
SALE-03828,2026-05-28 18:25:42,CUST-102,Hyderabad Central Hub,WH-Central-TX,FAS-3002,5,0,17.27
SALE-03829,2026-03-12 17:06:59,CUST-139,Coimbatore South Central Hub,WH-SouthCentral-OK,FIL-4004,3,0,51.78
SALE-03830,2025-11-05 17:50:31,CUST-141,Chennai South Hub,WH-South-FL,ELE-2005,1,0,205.88
SALE-03831,2026-06-29 17:05:39,CUST-101,Mumbai West Hub,WH-West-CA,HYD-1002,5,0,338.46
SALE-03832,2026-02-02 19:13:12,CUST-144,Kolkata East Hub,WH-East-NC,HYD-1002,1,0,305.89
SALE-03833,2025-10-05 17:08:33,CUST-149,Hyderabad Central Hub,WH-Central-TX,HYD-1001,3,2,467.37
SALE-03834,2026-06-05 17:43:53,CUST-146,Indore Central-West Hub,WH-Rockies-UT,FIL-4001,8,0,54.32
SALE-03835,2026-04-17 18:34:09,CUST-106,Pune Midwest Hub,WH-Midwest-OH,FAS-3004,11,0,36.32
SALE-03836,2026-02-15 17:34:44,CUST-158,Hyderabad Central Hub,WH-Central-TX,FIL-4002,4,0,33.55
SALE-03837,2026-02-09 20:19:44,CUST-132,Lucknow Mid-India Hub,WH-MidAtlantic-VA,FIL-4003,4,1,41.86
SALE-03838,2026-01-08 20:41:41,CUST-118,Kolkata East Hub,WH-East-NC,HYD-1002,4,0,316.32
SALE-03839,2026-04-22 18:27:47,CUST-120,Jaipur Regional Hub,WH-Mountain-CO,HYD-1004,3,0,167.27
SALE-03840,2026-02-16 18:54:12,CUST-153,Mumbai West Hub,WH-West-CA,FIL-4004,5,0,51.13
SALE-03841,2025-12-28 19:38:02,CUST-151,Ahmedabad Southwest Hub,WH-Southwest-AZ,FIL-4001,5,4,52.86
SALE-03842,2026-04-22 18:40:44,CUST-124,Jaipur Regional Hub,WH-Mountain-CO,FAS-3003,14,0,23.23
SALE-03843,2026-01-06 19:01:45,CUST-113,Coimbatore South Central Hub,WH-SouthCentral-OK,FAS-3001,4,0,25.84
SALE-03844,2025-09-04 19:51:10,CUST-155,Ahmedabad Southwest Hub,WH-Southwest-AZ,ELE-2005,1,0,219.76
SALE-03845,2026-05-23 17:23:37,CUST-103,Ahmedabad Southwest Hub,WH-Southwest-AZ,FAS-3005,7,0,31.79
SALE-03846,2025-09-11 18:17:38,CUST-108,Guwahati Northeast Hub,WH-Northeast-NY,ELE-2001,1,1,728.23
SALE-03847,2026-01-09 19:04:42,CUST-126,Guwahati Northeast Hub,WH-Northeast-NY,HYD-1004,4,0,176.74
SALE-03848,2025-11-01 20:04:59,CUST-148,Bhubaneswar Southeast Hub,WH-Southeast-GA,FIL-4002,1,0,31.28
SALE-03849,2026-07-22 20:03:16,CUST-104,Pune Midwest Hub,WH-Midwest-OH,FIL-4001,6,0,53.06
SALE-03850,2025-12-05 18:02:48,CUST-160,Guwahati Northeast Hub,WH-Northeast-NY,FIL-4001,5,0,58.41
SALE-03851,2026-07-01 18:35:59,CUST-121,Nagpur Central Hub,WH-GreatLakes-MI,FAS-3002,6,0,18.47
SALE-03852,2025-11-15 19:20:26,CUST-148,Delhi North Hub,WH-North-IL,FAS-3002,2,0,17.25
SALE-03853,2026-06-13 19:38:25,CUST-119,Pune Midwest Hub,WH-Midwest-OH,HYD-1004,1,1,175.63
SALE-03854,2026-03-06 17:03:31,CUST-150,Nagpur Central Hub,WH-GreatLakes-MI,HYD-1002,5,0,313.79
SALE-03855,2025-10-08 19:46:41,CUST-139,Nagpur Central Hub,WH-GreatLakes-MI,FAS-3001,10,0,26.45
SALE-03856,2026-05-26 19:32:01,CUST-108,Lucknow Mid-India Hub,WH-MidAtlantic-VA,FIL-4002,3,0,33.17
SALE-03857,2026-02-25 17:08:20,CUST-104,Coimbatore South Central Hub,WH-SouthCentral-OK,HYD-1004,8,0,172.42
SALE-03858,2026-06-25 17:02:59,CUST-135,Coimbatore South Central Hub,WH-SouthCentral-OK,FIL-4002,8,0,30.5
SALE-03859,2026-03-13 17:44:57,CUST-137,Coimbatore South Central Hub,WH-SouthCentral-OK,HYD-1001,1,0,460.62
SALE-03860,2026-07-09 19:40:51,CUST-109,Pune Midwest Hub,WH-Midwest-OH,ELE-2001,1,0,711.36
SALE-03861,2025-12-13 20:28:21,CUST-130,Indore Central-West Hub,WH-Rockies-UT,FAS-3003,12,0,21.7
SALE-03862,2026-04-02 18:43:35,CUST-145,Chennai South Hub,WH-South-FL,ELE-2005,4,0,225.1
SALE-03863,2026-03-18 18:40:11,CUST-102,Bengaluru Technology Hub,WH-Pacific-WA,FAS-3004,9,0,33.28
SALE-03864,2025-10-02 19:06:25,CUST-137,Nagpur Central Hub,WH-GreatLakes-MI,FIL-4004,12,0,48.45
SALE-03865,2025-09-12 19:01:09,CUST-143,Chennai South Hub,WH-South-FL,ELE-2005,2,0,208.84
SALE-03866,2026-03-29 19:16:24,CUST-132,Bhubaneswar Southeast Hub,WH-Southeast-GA,ELE-2005,3,0,217.51
SALE-03867,2026-06-30 19:39:20,CUST-105,Lucknow Mid-India Hub,WH-MidAtlantic-VA,FIL-4005,2,0,62.73
SALE-03868,2025-09-16 19:49:12,CUST-128,Pune Midwest Hub,WH-Midwest-OH,HYD-1001,8,0,429.62
SALE-03869,2026-01-05 18:29:05,CUST-101,Indore Central-West Hub,WH-Rockies-UT,FAS-3004,7,0,34.49
SALE-03870,2025-10-08 18:53:34,CUST-106,Coimbatore South Central Hub,WH-SouthCentral-OK,ELE-2005,2,0,205.22
SALE-03871,2026-05-24 19:27:24,CUST-154,Bengaluru Technology Hub,WH-Pacific-WA,HYD-1002,5,0,344.61
SALE-03872,2026-07-09 20:16:44,CUST-130,Mumbai West Hub,WH-West-CA,FIL-4001,7,0,51.72
SALE-03873,2025-11-10 17:53:27,CUST-137,Chennai South Hub,WH-South-FL,FIL-4001,6,0,53.2
SALE-03874,2025-11-17 19:44:52,CUST-144,Delhi North Hub,WH-North-IL,FIL-4001,8,0,52.53
SALE-03875,2026-03-16 20:31:56,CUST-133,Kolkata East Hub,WH-East-NC,FAS-3001,5,0,23.58
SALE-03876,2026-05-07 18:31:46,CUST-151,Indore Central-West Hub,WH-Rockies-UT,FAS-3003,7,0,20.83
SALE-03877,2026-04-16 18:47:40,CUST-137,Chennai South Hub,WH-South-FL,ELE-2005,2,0,225.72
SALE-03878,2026-07-06 19:34:34,CUST-144,Coimbatore South Central Hub,WH-SouthCentral-OK,ELE-2003,1,0,75.63
SALE-03879,2026-04-01 19:09:27,CUST-157,Indore Central-West Hub,WH-Rockies-UT,FIL-4001,4,0,53.5
SALE-03880,2026-01-04 18:06:37,CUST-101,Bhubaneswar Southeast Hub,WH-Southeast-GA,FAS-3001,7,0,23.65
SALE-03881,2026-07-16 17:15:55,CUST-135,Delhi North Hub,WH-North-IL,FIL-4001,2,1,52.07
SALE-03882,2026-07-02 19:04:25,CUST-150,Delhi North Hub,WH-North-IL,HYD-1002,2,1,326.67
SALE-03883,2025-10-12 19:55:29,CUST-104,Bengaluru Technology Hub,WH-Pacific-WA,FIL-4001,6,0,57.2
SALE-03884,2025-12-24 18:53:24,CUST-106,Indore Central-West Hub,WH-Rockies-UT,HYD-1001,6,0,473.97
SALE-03885,2026-05-25 18:39:15,CUST-104,Delhi North Hub,WH-North-IL,ELE-2001,3,0,665.52
SALE-03886,2025-11-19 19:30:28,CUST-149,Lucknow Mid-India Hub,WH-MidAtlantic-VA,FAS-3004,6,0,34.95
SALE-03887,2026-01-24 19:49:13,CUST-132,Kolkata East Hub,WH-East-NC,FIL-4005,10,0,65.35
SALE-03888,2026-01-29 17:26:28,CUST-105,Delhi North Hub,WH-North-IL,FAS-3005,6,0,30.77
SALE-03889,2025-12-03 17:20:33,CUST-124,Jaipur Regional Hub,WH-Mountain-CO,FIL-4002,10,1,33.77
SALE-03890,2026-06-20 20:51:20,CUST-113,Bhubaneswar Southeast Hub,WH-Southeast-GA,ELE-2001,2,0,665.4
SALE-03891,2026-01-11 17:32:55,CUST-124,Delhi North Hub,WH-North-IL,FAS-3004,10,0,36.11
SALE-03892,2026-05-02 20:44:58,CUST-111,Ahmedabad Southwest Hub,WH-Southwest-AZ,FIL-4002,7,0,30.61
SALE-03893,2025-11-01 18:07:01,CUST-103,Delhi North Hub,WH-North-IL,HYD-1005,3,0,147.85
SALE-03894,2026-07-23 19:10:50,CUST-131,Delhi North Hub,WH-North-IL,ELE-2005,2,0,212.75
SALE-03895,2025-09-01 18:48:21,CUST-124,Nagpur Central Hub,WH-GreatLakes-MI,FAS-3001,6,0,26.72
SALE-03896,2026-07-19 17:44:11,CUST-127,Kolkata East Hub,WH-East-NC,FIL-4001,10,0,53.87
SALE-03897,2026-07-09 19:08:24,CUST-146,Guwahati Northeast Hub,WH-Northeast-NY,ELE-2001,6,0,642.04
SALE-03898,2026-07-17 19:50:14,CUST-106,Lucknow Mid-India Hub,WH-MidAtlantic-VA,FIL-4001,7,1,57.06
SALE-03899,2026-05-09 17:54:56,CUST-117,Delhi North Hub,WH-North-IL,HYD-1005,3,0,132.57
SALE-03900,2025-09-11 19:45:14,CUST-136,Coimbatore South Central Hub,WH-SouthCentral-OK,FAS-3001,5,0,25.15
SALE-03901,2026-06-02 20:22:50,CUST-144,Kolkata East Hub,WH-East-NC,FAS-3001,8,0,27.0
SALE-03902,2026-05-06 19:50:56,CUST-102,Bhubaneswar Southeast Hub,WH-Southeast-GA,FIL-4001,5,0,56.47
SALE-03903,2026-05-27 18:43:25,CUST-112,Guwahati Northeast Hub,WH-Northeast-NY,FAS-3004,5,0,34.21
SALE-03904,2026-03-29 17:19:08,CUST-156,Kolkata East Hub,WH-East-NC,ELE-2002,1,0,120.21
SALE-03905,2026-07-08 20:14:13,CUST-134,Kolkata East Hub,WH-East-NC,HYD-1001,4,0,424.92
SALE-03906,2026-03-11 17:48:11,CUST-141,Coimbatore South Central Hub,WH-SouthCentral-OK,HYD-1002,3,0,324.78
SALE-03907,2025-10-26 20:56:25,CUST-130,Indore Central-West Hub,WH-Rockies-UT,HYD-1005,2,0,134.13
SALE-03908,2026-06-12 17:32:24,CUST-114,Nagpur Central Hub,WH-GreatLakes-MI,FIL-4001,5,0,54.66
SALE-03909,2026-01-26 18:40:09,CUST-141,Jaipur Regional Hub,WH-Mountain-CO,HYD-1004,3,0,169.03
SALE-03910,2025-11-09 17:00:46,CUST-138,Ahmedabad Southwest Hub,WH-Southwest-AZ,FIL-4002,6,0,30.97
SALE-03911,2026-03-01 17:39:56,CUST-139,Hyderabad Central Hub,WH-Central-TX,HYD-1004,3,0,180.12
SALE-03912,2026-02-25 19:43:24,CUST-134,Nagpur Central Hub,WH-GreatLakes-MI,FAS-3005,7,0,29.39
SALE-03913,2025-09-28 20:57:44,CUST-160,Bengaluru Technology Hub,WH-Pacific-WA,HYD-1005,4,0,143.77
SALE-03914,2025-11-09 20:49:29,CUST-107,Kolkata East Hub,WH-East-NC,ELE-2005,1,0,204.3
SALE-03915,2025-12-10 18:07:20,CUST-110,Chennai South Hub,WH-South-FL,HYD-1005,8,0,136.42
SALE-03916,2026-03-28 20:29:11,CUST-120,Kolkata East Hub,WH-East-NC,FIL-4003,6,0,41.3
SALE-03917,2026-04-04 18:51:49,CUST-118,Lucknow Mid-India Hub,WH-MidAtlantic-VA,HYD-1001,1,0,445.68
SALE-03918,2025-12-01 17:18:38,CUST-109,Bengaluru Technology Hub,WH-Pacific-WA,HYD-1003,2,0,84.86
SALE-03919,2026-07-25 17:39:36,CUST-128,Mumbai West Hub,WH-West-CA,HYD-1003,1,0,89.06
SALE-03920,2025-10-03 18:37:06,CUST-137,Lucknow Mid-India Hub,WH-MidAtlantic-VA,FAS-3004,9,0,33.95
SALE-03921,2026-06-30 19:20:27,CUST-110,Delhi North Hub,WH-North-IL,HYD-1002,4,0,333.54
SALE-03922,2025-09-04 19:37:45,CUST-141,Nagpur Central Hub,WH-GreatLakes-MI,FAS-3004,9,0,37.62
SALE-03923,2025-11-26 19:49:56,CUST-157,Chennai South Hub,WH-South-FL,FAS-3004,10,0,37.16
SALE-03924,2025-12-24 20:49:55,CUST-141,Bengaluru Technology Hub,WH-Pacific-WA,FIL-4001,9,0,54.2
SALE-03925,2026-03-15 20:47:05,CUST-154,Hyderabad Central Hub,WH-Central-TX,FAS-3005,10,0,31.29
SALE-03926,2026-06-25 20:06:59,CUST-143,Mumbai West Hub,WH-West-CA,FAS-3002,7,0,17.64
SALE-03927,2025-11-04 18:40:27,CUST-142,Guwahati Northeast Hub,WH-Northeast-NY,FIL-4003,8,0,40.14
SALE-03928,2026-02-16 17:23:49,CUST-125,Delhi North Hub,WH-North-IL,FAS-3004,5,0,33.58
SALE-03929,2026-03-17 18:17:28,CUST-158,Jaipur Regional Hub,WH-Mountain-CO,ELE-2002,1,0,129.64
SALE-03930,2026-05-12 18:49:31,CUST-103,Ahmedabad Southwest Hub,WH-Southwest-AZ,HYD-1001,1,0,451.11
SALE-03931,2026-07-01 17:42:38,CUST-136,Ahmedabad Southwest Hub,WH-Southwest-AZ,ELE-2002,1,0,127.43
SALE-03932,2026-02-19 17:36:13,CUST-149,Chennai South Hub,WH-South-FL,FIL-4003,6,6,42.52
SALE-03933,2026-01-28 20:29:31,CUST-102,Chennai South Hub,WH-South-FL,HYD-1001,3,0,440.37
SALE-03934,2026-05-18 20:36:29,CUST-118,Pune Midwest Hub,WH-Midwest-OH,ELE-2001,3,0,646.28
SALE-03935,2026-03-15 17:58:06,CUST-116,Bengaluru Technology Hub,WH-Pacific-WA,HYD-1005,1,0,143.46
SALE-03936,2026-02-27 19:42:19,CUST-146,Indore Central-West Hub,WH-Rockies-UT,FAS-3003,7,0,21.14
SALE-03937,2026-05-28 19:52:41,CUST-110,Delhi North Hub,WH-North-IL,FIL-4003,11,0,42.93
SALE-03938,2026-07-09 20:23:22,CUST-159,Delhi North Hub,WH-North-IL,FAS-3001,7,0,23.85
SALE-03939,2026-06-04 17:32:55,CUST-158,Guwahati Northeast Hub,WH-Northeast-NY,HYD-1002,6,0,338.53
SALE-03940,2026-05-05 18:00:28,CUST-133,Chennai South Hub,WH-South-FL,FIL-4003,5,0,40.69
SALE-03941,2026-05-18 17:41:02,CUST-116,Bhubaneswar Southeast Hub,WH-Southeast-GA,ELE-2001,3,0,664.37
SALE-03942,2026-01-23 17:21:22,CUST-131,Coimbatore South Central Hub,WH-SouthCentral-OK,HYD-1005,2,0,151.11
SALE-03943,2026-02-24 19:28:28,CUST-137,Nagpur Central Hub,WH-GreatLakes-MI,ELE-2002,2,0,134.22
SALE-03944,2025-12-15 20:06:16,CUST-155,Hyderabad Central Hub,WH-Central-TX,FAS-3005,11,0,29.82
SALE-03945,2026-07-08 18:13:38,CUST-131,Indore Central-West Hub,WH-Rockies-UT,ELE-2005,3,0,210.79
SALE-03946,2026-05-11 19:53:46,CUST-105,Pune Midwest Hub,WH-Midwest-OH,ELE-2005,2,0,199.73
SALE-03947,2026-04-18 18:31:07,CUST-122,Chennai South Hub,WH-South-FL,ELE-2004,6,0,367.92
SALE-03948,2025-10-02 17:01:18,CUST-119,Delhi North Hub,WH-North-IL,FAS-3001,11,0,25.3
SALE-03949,2026-07-02 17:16:26,CUST-159,Ahmedabad Southwest Hub,WH-Southwest-AZ,ELE-2004,2,0,388.23
SALE-03950,2026-02-06 20:24:41,CUST-120,Mumbai West Hub,WH-West-CA,FIL-4004,4,2,47.84
SALE-03951,2025-09-09 19:37:28,CUST-119,Hyderabad Central Hub,WH-Central-TX,HYD-1001,1,0,453.96
SALE-03952,2026-01-25 19:29:03,CUST-120,Hyderabad Central Hub,WH-Central-TX,FAS-3002,10,0,18.11
SALE-03953,2025-09-08 18:08:10,CUST-155,Nagpur Central Hub,WH-GreatLakes-MI,FIL-4001,8,0,56.61
SALE-03954,2026-07-03 18:28:45,CUST-149,Lucknow Mid-India Hub,WH-MidAtlantic-VA,FIL-4003,6,0,41.61
SALE-03955,2025-09-22 19:48:08,CUST-158,Ahmedabad Southwest Hub,WH-Southwest-AZ,FIL-4002,5,0,33.86
SALE-03956,2026-05-27 20:46:32,CUST-156,Hyderabad Central Hub,WH-Central-TX,FAS-3005,12,0,30.21
SALE-03957,2026-02-23 19:00:29,CUST-150,Mumbai West Hub,WH-West-CA,ELE-2005,3,0,225.27
SALE-03958,2026-06-08 17:04:49,CUST-136,Jaipur Regional Hub,WH-Mountain-CO,FIL-4002,5,0,34.43
SALE-03959,2025-12-03 17:30:10,CUST-127,Kolkata East Hub,WH-East-NC,HYD-1005,3,0,137.9
SALE-03960,2025-12-13 17:52:13,CUST-105,Ahmedabad Southwest Hub,WH-Southwest-AZ,FAS-3002,2,0,17.7
SALE-03961,2025-12-09 17:42:40,CUST-155,Bhubaneswar Southeast Hub,WH-Southeast-GA,FIL-4003,8,0,40.04
SALE-03962,2026-01-22 20:49:53,CUST-119,Bengaluru Technology Hub,WH-Pacific-WA,ELE-2003,3,2,75.06
SALE-03963,2026-04-14 18:19:10,CUST-138,Mumbai West Hub,WH-West-CA,ELE-2005,1,0,202.28
SALE-03964,2026-05-30 18:44:32,CUST-142,Nagpur Central Hub,WH-GreatLakes-MI,ELE-2003,1,0,80.05
SALE-03965,2026-03-07 18:47:56,CUST-111,Kolkata East Hub,WH-East-NC,FAS-3002,3,0,17.64
SALE-03966,2026-04-04 17:37:37,CUST-123,Pune Midwest Hub,WH-Midwest-OH,FIL-4001,4,0,52.49
SALE-03967,2026-01-31 19:54:39,CUST-130,Mumbai West Hub,WH-West-CA,ELE-2005,2,0,214.63
SALE-03968,2026-07-06 19:57:03,CUST-109,Indore Central-West Hub,WH-Rockies-UT,FAS-3001,9,0,25.06
SALE-03969,2025-11-13 18:15:06,CUST-151,Mumbai West Hub,WH-West-CA,FAS-3002,9,0,16.98
SALE-03970,2026-03-05 20:41:51,CUST-147,Delhi North Hub,WH-North-IL,ELE-2003,2,0,80.27
SALE-03971,2026-03-18 18:37:08,CUST-123,Kolkata East Hub,WH-East-NC,HYD-1005,2,0,149.41
SALE-03972,2026-01-10 19:39:02,CUST-132,Delhi North Hub,WH-North-IL,HYD-1001,5,0,455.6
SALE-03973,2025-11-13 17:07:33,CUST-149,Hyderabad Central Hub,WH-Central-TX,HYD-1001,4,0,428.08
SALE-03974,2026-06-09 19:14:44,CUST-109,Jaipur Regional Hub,WH-Mountain-CO,HYD-1004,2,0,173.83
SALE-03975,2026-02-01 17:12:47,CUST-150,Kolkata East Hub,WH-East-NC,ELE-2002,6,0,124.13
SALE-03976,2026-05-07 20:55:58,CUST-124,Coimbatore South Central Hub,WH-SouthCentral-OK,FAS-3002,3,0,18.65
SALE-03977,2026-02-27 18:11:30,CUST-119,Coimbatore South Central Hub,WH-SouthCentral-OK,ELE-2003,4,0,77.5
SALE-03978,2026-03-26 17:04:22,CUST-104,Pune Midwest Hub,WH-Midwest-OH,FIL-4002,8,0,31.06
SALE-03979,2026-04-13 17:26:37,CUST-151,Chennai South Hub,WH-South-FL,FAS-3001,5,0,26.46
SALE-03980,2025-09-25 19:17:11,CUST-126,Indore Central-West Hub,WH-Rockies-UT,ELE-2001,2,0,651.36
SALE-03981,2026-07-15 18:34:40,CUST-141,Bhubaneswar Southeast Hub,WH-Southeast-GA,ELE-2005,1,0,221.39
SALE-03982,2026-06-13 18:26:45,CUST-127,Ahmedabad Southwest Hub,WH-Southwest-AZ,ELE-2004,2,0,374.2
SALE-03983,2026-07-09 17:41:09,CUST-127,Chennai South Hub,WH-South-FL,ELE-2002,3,0,123.3
SALE-03984,2026-03-24 20:23:37,CUST-137,Delhi North Hub,WH-North-IL,ELE-2004,5,0,400.74
SALE-03985,2026-04-12 20:05:51,CUST-103,Lucknow Mid-India Hub,WH-MidAtlantic-VA,FAS-3003,6,0,22.81
SALE-03986,2025-11-04 20:07:33,CUST-127,Coimbatore South Central Hub,WH-SouthCentral-OK,FAS-3004,13,0,36.01
SALE-03987,2025-10-07 20:27:36,CUST-146,Indore Central-West Hub,WH-Rockies-UT,ELE-2003,4,0,72.33
SALE-03988,2026-03-05 20:06:40,CUST-126,Indore Central-West Hub,WH-Rockies-UT,ELE-2002,1,0,129.73
SALE-03989,2026-05-23 19:25:16,CUST-132,Guwahati Northeast Hub,WH-Northeast-NY,HYD-1001,5,0,465.28
SALE-03990,2025-11-10 17:35:13,CUST-144,Indore Central-West Hub,WH-Rockies-UT,FIL-4003,4,0,41.56
SALE-03991,2025-09-15 18:13:10,CUST-128,Indore Central-West Hub,WH-Rockies-UT,HYD-1005,4,0,132.32
SALE-03992,2026-02-08 18:43:33,CUST-139,Coimbatore South Central Hub,WH-SouthCentral-OK,HYD-1005,3,0,137.22
SALE-03993,2026-05-14 19:16:26,CUST-124,Delhi North Hub,WH-North-IL,FAS-3005,9,0,31.79
SALE-03994,2025-12-13 17:27:42,CUST-130,Guwahati Northeast Hub,WH-Northeast-NY,FIL-4004,5,0,50.71
SALE-03995,2026-02-05 19:28:11,CUST-101,Nagpur Central Hub,WH-GreatLakes-MI,HYD-1002,8,0,316.04
SALE-03996,2025-10-14 19:39:29,CUST-115,Mumbai West Hub,WH-West-CA,HYD-1001,2,2,449.02
SALE-03997,2026-01-20 17:02:55,CUST-107,Bhubaneswar Southeast Hub,WH-Southeast-GA,HYD-1003,3,0,86.47
SALE-03998,2025-12-13 18:29:19,CUST-153,Lucknow Mid-India Hub,WH-MidAtlantic-VA,FAS-3004,5,0,35.87
SALE-03999,2025-11-01 20:18:16,CUST-153,Pune Midwest Hub,WH-Midwest-OH,FIL-4001,4,0,54.14
SALE-04000,2025-10-27 17:28:00,CUST-129,Indore Central-West Hub,WH-Rockies-UT,FIL-4005,5,3,60.81
SALE-04001,2026-04-17 19:56:35,CUST-152,Pune Midwest Hub,WH-Midwest-OH,ELE-2001,3,0,692.45
SALE-04002,2026-01-16 20:53:23,CUST-121,Pune Midwest Hub,WH-Midwest-OH,HYD-1003,5,0,83.7
SALE-04003,2025-10-17 17:13:43,CUST-148,Mumbai West Hub,WH-West-CA,ELE-2001,2,0,666.75
SALE-04004,2026-05-03 19:53:26,CUST-136,Chennai South Hub,WH-South-FL,HYD-1005,3,0,135.95
SALE-04005,2026-02-27 20:43:56,CUST-147,Mumbai West Hub,WH-West-CA,FAS-3002,8,0,18.11
SALE-04006,2025-10-08 20:24:51,CUST-116,Pune Midwest Hub,WH-Midwest-OH,ELE-2004,4,0,406.23
SALE-04007,2026-05-17 19:48:01,CUST-144,Delhi North Hub,WH-North-IL,FAS-3002,10,0,17.52
SALE-04008,2025-09-27 17:34:20,CUST-156,Bengaluru Technology Hub,WH-Pacific-WA,FAS-3004,6,0,37.72
SALE-04009,2026-01-13 17:05:02,CUST-135,Jaipur Regional Hub,WH-Mountain-CO,FIL-4003,9,3,43.51
SALE-04010,2026-05-03 20:11:42,CUST-135,Lucknow Mid-India Hub,WH-MidAtlantic-VA,FIL-4004,5,4,45.49
SALE-04011,2026-01-22 17:01:17,CUST-156,Pune Midwest Hub,WH-Midwest-OH,HYD-1001,6,0,467.35
SALE-04012,2026-04-29 18:54:43,CUST-155,Guwahati Northeast Hub,WH-Northeast-NY,FIL-4001,3,0,58.36
SALE-04013,2026-01-29 20:26:11,CUST-140,Guwahati Northeast Hub,WH-Northeast-NY,HYD-1005,3,1,141.74
SALE-04014,2025-11-27 18:54:15,CUST-123,Nagpur Central Hub,WH-GreatLakes-MI,FAS-3002,4,0,18.7
SALE-04015,2026-07-19 20:17:58,CUST-101,Hyderabad Central Hub,WH-Central-TX,ELE-2001,3,0,719.04
SALE-04016,2025-10-24 20:34:16,CUST-122,Pune Midwest Hub,WH-Midwest-OH,HYD-1003,2,0,85.57
SALE-04017,2025-10-14 20:30:33,CUST-109,Ahmedabad Southwest Hub,WH-Southwest-AZ,HYD-1002,1,0,334.4
SALE-04018,2026-03-25 18:26:44,CUST-128,Kolkata East Hub,WH-East-NC,ELE-2004,2,0,411.73
SALE-04019,2025-11-27 19:49:18,CUST-131,Bhubaneswar Southeast Hub,WH-Southeast-GA,FAS-3002,3,0,18.89
SALE-04020,2025-09-05 17:41:26,CUST-137,Mumbai West Hub,WH-West-CA,FAS-3001,8,0,25.21
SALE-04021,2025-09-13 20:05:02,CUST-103,Delhi North Hub,WH-North-IL,ELE-2001,3,0,733.1
SALE-04022,2026-01-12 20:04:59,CUST-114,Lucknow Mid-India Hub,WH-MidAtlantic-VA,HYD-1004,4,0,187.51
SALE-04023,2026-06-10 19:35:08,CUST-129,Nagpur Central Hub,WH-GreatLakes-MI,ELE-2004,1,0,385.86
SALE-04024,2025-10-29 19:16:56,CUST-134,Coimbatore South Central Hub,WH-SouthCentral-OK,FAS-3001,3,0,25.54
SALE-04025,2026-01-07 17:46:44,CUST-106,Hyderabad Central Hub,WH-Central-TX,FAS-3004,9,0,34.83
SALE-04026,2025-11-12 20:47:09,CUST-145,Pune Midwest Hub,WH-Midwest-OH,FAS-3001,10,0,26.17
SALE-04027,2025-09-05 17:35:48,CUST-142,Mumbai West Hub,WH-West-CA,ELE-2005,3,0,206.39
SALE-04028,2026-04-15 19:39:43,CUST-114,Delhi North Hub,WH-North-IL,FIL-4002,7,0,32.18
SALE-04029,2026-03-10 18:22:59,CUST-126,Bengaluru Technology Hub,WH-Pacific-WA,HYD-1003,1,0,87.68
SALE-04030,2026-04-13 19:20:09,CUST-106,Bengaluru Technology Hub,WH-Pacific-WA,HYD-1005,4,0,141.02
SALE-04031,2026-07-02 20:03:13,CUST-141,Ahmedabad Southwest Hub,WH-Southwest-AZ,HYD-1002,3,0,303.92
SALE-04032,2026-02-12 18:42:23,CUST-125,Kolkata East Hub,WH-East-NC,HYD-1005,1,0,135.57
SALE-04033,2025-10-06 19:18:18,CUST-151,Coimbatore South Central Hub,WH-SouthCentral-OK,HYD-1003,5,0,87.79
SALE-04034,2025-10-20 18:42:54,CUST-128,Lucknow Mid-India Hub,WH-MidAtlantic-VA,FIL-4002,7,0,32.69
SALE-04035,2026-07-11 19:50:06,CUST-119,Bengaluru Technology Hub,WH-Pacific-WA,ELE-2002,1,0,125.94
SALE-04036,2026-03-20 18:02:28,CUST-158,Kolkata East Hub,WH-East-NC,FIL-4002,5,0,33.64
SALE-04037,2026-03-26 19:18:39,CUST-142,Kolkata East Hub,WH-East-NC,FAS-3001,16,0,26.51
SALE-04038,2025-10-20 19:36:24,CUST-132,Bengaluru Technology Hub,WH-Pacific-WA,ELE-2001,3,0,663.3
SALE-04039,2026-07-10 18:27:26,CUST-119,Bengaluru Technology Hub,WH-Pacific-WA,HYD-1002,1,0,311.01
SALE-04040,2025-10-22 19:07:49,CUST-136,Bhubaneswar Southeast Hub,WH-Southeast-GA,HYD-1001,7,0,450.6
SALE-04041,2026-01-15 17:26:34,CUST-157,Mumbai West Hub,WH-West-CA,FIL-4004,1,0,46.87
SALE-04042,2026-07-13 20:34:49,CUST-134,Ahmedabad Southwest Hub,WH-Southwest-AZ,ELE-2004,2,0,393.71
SALE-04043,2026-04-16 18:44:48,CUST-158,Nagpur Central Hub,WH-GreatLakes-MI,FAS-3005,7,0,28.55
SALE-04044,2026-04-27 17:44:51,CUST-157,Bengaluru Technology Hub,WH-Pacific-WA,FIL-4005,7,3,62.0
SALE-04045,2026-04-16 17:55:25,CUST-131,Indore Central-West Hub,WH-Rockies-UT,FAS-3003,17,0,23.61
SALE-04046,2025-10-14 20:05:30,CUST-156,Ahmedabad Southwest Hub,WH-Southwest-AZ,FIL-4003,3,0,40.21
SALE-04047,2026-06-05 18:18:18,CUST-115,Lucknow Mid-India Hub,WH-MidAtlantic-VA,ELE-2001,2,0,732.46
SALE-04048,2025-12-22 18:54:04,CUST-104,Hyderabad Central Hub,WH-Central-TX,FIL-4001,8,0,53.91
SALE-04049,2026-03-11 20:57:24,CUST-106,Pune Midwest Hub,WH-Midwest-OH,FIL-4002,3,0,33.56
SALE-04050,2026-02-14 20:49:02,CUST-114,Coimbatore South Central Hub,WH-SouthCentral-OK,FAS-3002,8,0,18.2
SALE-04051,2026-01-27 17:40:27,CUST-142,Guwahati Northeast Hub,WH-Northeast-NY,ELE-2002,1,0,134.32
SALE-04052,2026-02-24 19:46:15,CUST-142,Coimbatore South Central Hub,WH-SouthCentral-OK,ELE-2001,4,0,651.47
SALE-04053,2026-07-06 19:55:55,CUST-156,Kolkata East Hub,WH-East-NC,FAS-3001,10,0,24.01
SALE-04054,2025-09-25 17:18:51,CUST-111,Guwahati Northeast Hub,WH-Northeast-NY,ELE-2005,4,0,203.73
SALE-04055,2025-12-24 17:53:54,CUST-115,Coimbatore South Central Hub,WH-SouthCentral-OK,FAS-3005,10,0,30.13
SALE-04056,2026-07-08 17:52:14,CUST-149,Guwahati Northeast Hub,WH-Northeast-NY,HYD-1004,4,0,168.19
SALE-04057,2026-04-11 18:20:24,CUST-137,Chennai South Hub,WH-South-FL,FAS-3004,6,0,35.89
SALE-04058,2026-01-12 18:59:01,CUST-141,Jaipur Regional Hub,WH-Mountain-CO,FAS-3003,7,0,23.5
SALE-04059,2026-04-26 19:34:58,CUST-144,Bengaluru Technology Hub,WH-Pacific-WA,ELE-2003,1,1,78.67
SALE-04060,2026-07-27 19:20:27,CUST-135,Nagpur Central Hub,WH-GreatLakes-MI,FAS-3003,8,0,22.68
SALE-04061,2026-01-13 19:28:50,CUST-105,Indore Central-West Hub,WH-Rockies-UT,HYD-1003,5,0,80.62
SALE-04062,2026-05-29 18:34:43,CUST-158,Ahmedabad Southwest Hub,WH-Southwest-AZ,FAS-3002,7,0,16.96
SALE-04063,2026-07-20 17:36:06,CUST-149,Indore Central-West Hub,WH-Rockies-UT,FAS-3004,6,0,34.97
SALE-04064,2026-06-05 17:45:15,CUST-113,Pune Midwest Hub,WH-Midwest-OH,HYD-1003,4,0,82.55
SALE-04065,2026-01-27 20:07:13,CUST-118,Delhi North Hub,WH-North-IL,HYD-1003,4,0,85.57
SALE-04066,2026-06-25 19:05:33,CUST-106,Kolkata East Hub,WH-East-NC,ELE-2002,1,0,129.03
SALE-04067,2026-04-23 18:18:59,CUST-142,Pune Midwest Hub,WH-Midwest-OH,ELE-2004,2,0,373.39
SALE-04068,2026-07-20 17:53:28,CUST-115,Delhi North Hub,WH-North-IL,FAS-3003,11,0,22.86
SALE-04069,2025-12-08 17:50:46,CUST-160,Delhi North Hub,WH-North-IL,ELE-2002,2,0,134.42
SALE-04070,2026-04-04 19:41:36,CUST-108,Nagpur Central Hub,WH-GreatLakes-MI,ELE-2002,2,0,134.22
SALE-04071,2025-12-23 18:49:52,CUST-147,Hyderabad Central Hub,WH-Central-TX,FIL-4005,4,0,63.12
SALE-04072,2025-11-10 17:43:56,CUST-133,Guwahati Northeast Hub,WH-Northeast-NY,FIL-4001,8,0,55.55
SALE-04073,2026-01-23 17:45:59,CUST-150,Jaipur Regional Hub,WH-Mountain-CO,ELE-2002,3,0,134.38
SALE-04074,2026-06-05 19:35:28,CUST-142,Bhubaneswar Southeast Hub,WH-Southeast-GA,FIL-4003,6,0,42.26
SALE-04075,2026-05-17 20:03:25,CUST-105,Chennai South Hub,WH-South-FL,HYD-1003,5,0,82.42
SALE-04076,2026-01-31 18:46:08,CUST-108,Ahmedabad Southwest Hub,WH-Southwest-AZ,FIL-4001,5,0,55.37
SALE-04077,2025-10-26 20:10:19,CUST-105,Ahmedabad Southwest Hub,WH-Southwest-AZ,FAS-3002,9,0,17.94
SALE-04078,2026-06-27 18:34:25,CUST-143,Jaipur Regional Hub,WH-Mountain-CO,FAS-3005,12,0,28.31
SALE-04079,2025-11-30 19:50:54,CUST-158,Mumbai West Hub,WH-West-CA,FIL-4005,6,0,63.55
SALE-04080,2025-10-02 19:19:52,CUST-134,Mumbai West Hub,WH-West-CA,FIL-4004,5,0,45.49
SALE-04081,2026-01-29 20:11:43,CUST-120,Kolkata East Hub,WH-East-NC,FAS-3003,8,0,22.93
SALE-04082,2026-06-19 17:32:36,CUST-124,Bhubaneswar Southeast Hub,WH-Southeast-GA,FIL-4003,4,0,41.36
SALE-04083,2026-05-06 20:44:12,CUST-141,Lucknow Mid-India Hub,WH-MidAtlantic-VA,FIL-4003,9,0,40.73
SALE-04084,2025-09-14 18:32:29,CUST-148,Coimbatore South Central Hub,WH-SouthCentral-OK,FAS-3003,8,0,22.94
SALE-04085,2026-03-19 17:32:39,CUST-158,Bengaluru Technology Hub,WH-Pacific-WA,ELE-2002,4,0,122.57
SALE-04086,2026-02-09 19:22:59,CUST-138,Indore Central-West Hub,WH-Rockies-UT,ELE-2005,2,0,206.66
SALE-04087,2026-05-05 18:07:47,CUST-136,Delhi North Hub,WH-North-IL,FAS-3003,8,0,21.96
SALE-04088,2026-05-28 18:40:20,CUST-154,Hyderabad Central Hub,WH-Central-TX,FAS-3005,8,0,28.27
SALE-04089,2026-02-09 20:20:19,CUST-112,Bengaluru Technology Hub,WH-Pacific-WA,ELE-2001,1,0,707.57
SALE-04090,2026-07-19 19:05:53,CUST-136,Lucknow Mid-India Hub,WH-MidAtlantic-VA,ELE-2005,1,0,224.86
SALE-04091,2025-09-30 20:05:07,CUST-128,Indore Central-West Hub,WH-Rockies-UT,HYD-1002,2,0,323.97
SALE-04092,2025-12-30 18:59:50,CUST-135,Indore Central-West Hub,WH-Rockies-UT,FAS-3003,9,0,23.21
SALE-04093,2025-12-20 18:02:06,CUST-151,Indore Central-West Hub,WH-Rockies-UT,HYD-1002,2,1,328.85
SALE-04094,2026-07-26 19:31:46,CUST-146,Mumbai West Hub,WH-West-CA,HYD-1003,6,0,89.01
SALE-04095,2026-04-20 17:52:35,CUST-117,Guwahati Northeast Hub,WH-Northeast-NY,FIL-4001,5,0,55.08
SALE-04096,2025-10-24 18:54:32,CUST-143,Indore Central-West Hub,WH-Rockies-UT,HYD-1003,3,0,79.97
SALE-04097,2026-01-10 19:40:28,CUST-131,Indore Central-West Hub,WH-Rockies-UT,FAS-3003,9,0,21.18
SALE-04098,2026-02-04 18:06:57,CUST-155,Mumbai West Hub,WH-West-CA,FIL-4001,9,9,56.12
SALE-04099,2026-05-06 20:19:27,CUST-130,Ahmedabad Southwest Hub,WH-Southwest-AZ,HYD-1004,4,2,171.91
SALE-04100,2026-07-16 18:09:26,CUST-123,Kolkata East Hub,WH-East-NC,FAS-3005,9,0,30.28
SALE-04101,2026-07-16 19:22:32,CUST-150,Lucknow Mid-India Hub,WH-MidAtlantic-VA,FAS-3002,4,0,19.18
SALE-04102,2026-03-23 18:58:51,CUST-133,Coimbatore South Central Hub,WH-SouthCentral-OK,HYD-1004,1,0,185.38
SALE-04103,2025-10-23 19:09:21,CUST-109,Hyderabad Central Hub,WH-Central-TX,FIL-4002,8,0,34.2
SALE-04104,2026-04-28 20:40:33,CUST-109,Bhubaneswar Southeast Hub,WH-Southeast-GA,HYD-1004,4,0,181.35
SALE-04105,2026-03-29 17:05:45,CUST-107,Lucknow Mid-India Hub,WH-MidAtlantic-VA,HYD-1005,7,0,143.13
SALE-04106,2026-02-27 17:30:30,CUST-104,Delhi North Hub,WH-North-IL,ELE-2004,2,0,391.11
SALE-04107,2026-07-05 19:34:06,CUST-114,Pune Midwest Hub,WH-Midwest-OH,HYD-1001,4,0,444.48
SALE-04108,2026-03-19 18:00:01,CUST-143,Coimbatore South Central Hub,WH-SouthCentral-OK,ELE-2003,2,0,70.53
SALE-04109,2026-01-01 20:08:17,CUST-125,Ahmedabad Southwest Hub,WH-Southwest-AZ,FAS-3001,16,0,24.75
SALE-04110,2025-12-19 17:59:25,CUST-108,Coimbatore South Central Hub,WH-SouthCentral-OK,FIL-4001,3,0,52.07
SALE-04111,2025-10-05 19:57:18,CUST-140,Ahmedabad Southwest Hub,WH-Southwest-AZ,ELE-2002,1,0,123.97
SALE-04112,2025-11-06 20:48:39,CUST-118,Kolkata East Hub,WH-East-NC,FIL-4002,4,0,32.88
SALE-04113,2026-04-15 18:04:16,CUST-101,Delhi North Hub,WH-North-IL,HYD-1004,4,0,182.08
SALE-04114,2025-12-18 20:34:40,CUST-153,Coimbatore South Central Hub,WH-SouthCentral-OK,FIL-4004,8,0,48.88
SALE-04115,2026-02-21 20:03:21,CUST-104,Guwahati Northeast Hub,WH-Northeast-NY,FIL-4005,9,0,58.8
SALE-04116,2026-03-22 17:09:29,CUST-119,Nagpur Central Hub,WH-GreatLakes-MI,HYD-1004,4,3,179.1
SALE-04117,2026-05-18 18:58:36,CUST-157,Indore Central-West Hub,WH-Rockies-UT,HYD-1003,1,0,86.93
SALE-04118,2025-10-08 20:16:02,CUST-102,Bengaluru Technology Hub,WH-Pacific-WA,FIL-4005,3,0,65.56
SALE-04119,2026-02-03 17:11:26,CUST-145,Hyderabad Central Hub,WH-Central-TX,FAS-3005,10,0,30.64
SALE-04120,2025-12-13 20:19:21,CUST-144,Bhubaneswar Southeast Hub,WH-Southeast-GA,ELE-2002,2,0,120.34
SALE-04121,2026-02-15 19:47:07,CUST-101,Delhi North Hub,WH-North-IL,ELE-2003,3,0,72.76
SALE-04122,2025-12-31 19:34:53,CUST-134,Jaipur Regional Hub,WH-Mountain-CO,HYD-1004,3,0,186.71
SALE-04123,2026-04-12 20:26:53,CUST-109,Pune Midwest Hub,WH-Midwest-OH,HYD-1003,3,0,81.02
SALE-04124,2025-11-23 20:31:25,CUST-106,Lucknow Mid-India Hub,WH-MidAtlantic-VA,FIL-4004,4,0,50.73
SALE-04125,2026-01-31 18:27:25,CUST-113,Mumbai West Hub,WH-West-CA,FIL-4001,5,0,57.05
SALE-04126,2026-05-19 20:03:17,CUST-114,Nagpur Central Hub,WH-GreatLakes-MI,ELE-2001,3,0,640.04
SALE-04127,2025-09-12 19:44:58,CUST-118,Mumbai West Hub,WH-West-CA,HYD-1004,5,0,179.31
SALE-04128,2026-01-29 19:16:03,CUST-149,Ahmedabad Southwest Hub,WH-Southwest-AZ,HYD-1004,3,0,170.84
SALE-04129,2026-03-25 18:46:17,CUST-141,Indore Central-West Hub,WH-Rockies-UT,FIL-4005,3,0,64.28
SALE-04130,2026-06-10 20:49:43,CUST-118,Guwahati Northeast Hub,WH-Northeast-NY,ELE-2004,1,0,398.24
SALE-04131,2025-11-01 20:58:05,CUST-106,Delhi North Hub,WH-North-IL,ELE-2002,3,0,126.49
SALE-04132,2026-02-28 19:52:24,CUST-138,Mumbai West Hub,WH-West-CA,ELE-2002,2,0,118.68
SALE-04133,2025-09-21 20:07:57,CUST-140,Guwahati Northeast Hub,WH-Northeast-NY,FIL-4005,5,0,59.8
SALE-04134,2025-11-23 17:34:44,CUST-131,Pune Midwest Hub,WH-Midwest-OH,HYD-1001,5,0,469.57
SALE-04135,2026-01-15 20:03:30,CUST-154,Guwahati Northeast Hub,WH-Northeast-NY,FAS-3001,18,0,26.21
SALE-04136,2025-09-25 17:44:20,CUST-143,Bhubaneswar Southeast Hub,WH-Southeast-GA,FAS-3005,15,0,29.66
SALE-04137,2026-07-15 20:40:19,CUST-118,Jaipur Regional Hub,WH-Mountain-CO,HYD-1005,2,0,145.84
SALE-04138,2026-03-04 17:03:17,CUST-156,Indore Central-West Hub,WH-Rockies-UT,FAS-3001,8,0,24.83
SALE-04139,2025-09-27 20:35:30,CUST-110,Indore Central-West Hub,WH-Rockies-UT,FAS-3005,9,0,32.38
SALE-04140,2026-01-23 20:27:10,CUST-151,Pune Midwest Hub,WH-Midwest-OH,FIL-4005,1,1,60.47
SALE-04141,2025-10-28 20:38:42,CUST-126,Lucknow Mid-India Hub,WH-MidAtlantic-VA,FIL-4004,5,0,46.3
SALE-04142,2025-11-02 17:38:20,CUST-116,Pune Midwest Hub,WH-Midwest-OH,FAS-3002,17,0,17.78
SALE-04143,2025-12-02 17:42:53,CUST-148,Chennai South Hub,WH-South-FL,ELE-2003,2,0,80.51
SALE-04144,2025-11-25 17:00:02,CUST-115,Jaipur Regional Hub,WH-Mountain-CO,HYD-1001,5,0,477.75
SALE-04145,2026-02-09 20:28:33,CUST-147,Lucknow Mid-India Hub,WH-MidAtlantic-VA,FAS-3002,6,0,19.43
SALE-04146,2025-11-28 19:11:54,CUST-151,Delhi North Hub,WH-North-IL,ELE-2001,2,0,714.73
SALE-04147,2026-02-12 18:32:45,CUST-151,Delhi North Hub,WH-North-IL,HYD-1004,5,0,185.27
SALE-04148,2025-11-07 19:10:05,CUST-103,Coimbatore South Central Hub,WH-SouthCentral-OK,HYD-1004,7,0,171.43
SALE-04149,2026-01-23 20:55:23,CUST-151,Mumbai West Hub,WH-West-CA,FAS-3004,12,0,36.12
SALE-04150,2026-01-28 18:56:45,CUST-114,Mumbai West Hub,WH-West-CA,HYD-1003,2,0,83.9
SALE-04151,2025-09-05 19:58:35,CUST-143,Guwahati Northeast Hub,WH-Northeast-NY,FAS-3001,7,0,25.57
SALE-04152,2026-05-04 20:28:26,CUST-137,Ahmedabad Southwest Hub,WH-Southwest-AZ,FAS-3004,5,0,36.54
SALE-04153,2025-11-20 18:18:53,CUST-114,Nagpur Central Hub,WH-GreatLakes-MI,ELE-2002,3,0,122.97
SALE-04154,2026-07-11 20:25:19,CUST-147,Jaipur Regional Hub,WH-Mountain-CO,HYD-1002,3,0,344.08
SALE-04155,2026-03-20 20:34:35,CUST-133,Indore Central-West Hub,WH-Rockies-UT,FAS-3001,5,0,25.58
SALE-04156,2026-06-07 18:22:18,CUST-153,Mumbai West Hub,WH-West-CA,ELE-2002,1,0,129.97
SALE-04157,2025-12-10 20:45:33,CUST-134,Bengaluru Technology Hub,WH-Pacific-WA,HYD-1003,5,0,89.77
SALE-04158,2025-12-30 20:26:13,CUST-123,Hyderabad Central Hub,WH-Central-TX,FAS-3004,7,0,34.0
SALE-04159,2025-11-15 17:53:16,CUST-152,Bhubaneswar Southeast Hub,WH-Southeast-GA,FAS-3005,11,0,29.03
SALE-04160,2026-01-22 18:02:44,CUST-103,Bengaluru Technology Hub,WH-Pacific-WA,ELE-2005,2,0,206.42
SALE-04161,2026-06-28 20:18:16,CUST-103,Guwahati Northeast Hub,WH-Northeast-NY,ELE-2002,1,0,125.76
SALE-04162,2026-05-23 19:08:52,CUST-114,Jaipur Regional Hub,WH-Mountain-CO,ELE-2002,1,0,134.48
SALE-04163,2026-02-10 19:58:36,CUST-143,Jaipur Regional Hub,WH-Mountain-CO,FAS-3002,12,0,18.83
SALE-04164,2026-05-07 20:43:01,CUST-111,Kolkata East Hub,WH-East-NC,HYD-1003,5,0,80.91
SALE-04165,2025-12-05 17:57:26,CUST-140,Bengaluru Technology Hub,WH-Pacific-WA,FIL-4005,5,0,58.85
SALE-04166,2026-07-14 17:31:26,CUST-147,Hyderabad Central Hub,WH-Central-TX,HYD-1001,1,0,482.42
SALE-04167,2026-02-18 19:10:43,CUST-130,Pune Midwest Hub,WH-Midwest-OH,ELE-2005,1,0,199.03
SALE-04168,2026-06-06 17:36:29,CUST-123,Ahmedabad Southwest Hub,WH-Southwest-AZ,FAS-3003,8,0,22.84
SALE-04169,2026-02-23 20:10:50,CUST-134,Jaipur Regional Hub,WH-Mountain-CO,FAS-3003,14,0,22.74
SALE-04170,2026-05-18 20:47:44,CUST-158,Pune Midwest Hub,WH-Midwest-OH,FAS-3005,6,0,28.76
SALE-04171,2026-01-13 17:55:10,CUST-157,Bengaluru Technology Hub,WH-Pacific-WA,FIL-4005,6,0,59.11
SALE-04172,2025-09-21 20:39:04,CUST-107,Chennai South Hub,WH-South-FL,FAS-3002,13,1,19.27
SALE-04173,2026-04-14 20:59:47,CUST-124,Jaipur Regional Hub,WH-Mountain-CO,FIL-4003,4,0,44.22
SALE-04174,2026-03-29 17:45:13,CUST-123,Ahmedabad Southwest Hub,WH-Southwest-AZ,FIL-4001,2,0,55.91
SALE-04175,2026-04-03 18:27:50,CUST-122,Hyderabad Central Hub,WH-Central-TX,HYD-1002,6,0,332.98
SALE-04176,2025-10-27 18:01:26,CUST-160,Indore Central-West Hub,WH-Rockies-UT,FAS-3001,8,1,24.86
SALE-04177,2025-09-03 17:08:38,CUST-160,Bhubaneswar Southeast Hub,WH-Southeast-GA,HYD-1003,2,0,87.15
SALE-04178,2025-09-03 17:50:43,CUST-145,Indore Central-West Hub,WH-Rockies-UT,ELE-2002,4,0,120.05
SALE-04179,2026-03-12 19:49:37,CUST-121,Jaipur Regional Hub,WH-Mountain-CO,FAS-3004,10,0,34.63
SALE-04180,2025-11-10 17:19:31,CUST-130,Nagpur Central Hub,WH-GreatLakes-MI,ELE-2004,2,0,401.58
SALE-04181,2025-10-30 18:59:13,CUST-119,Kolkata East Hub,WH-East-NC,HYD-1001,2,0,425.64
SALE-04182,2026-02-07 20:43:46,CUST-138,Lucknow Mid-India Hub,WH-MidAtlantic-VA,HYD-1004,4,0,170.13
SALE-04183,2026-02-09 17:55:59,CUST-147,Hyderabad Central Hub,WH-Central-TX,HYD-1003,1,0,83.52
SALE-04184,2026-02-10 20:42:29,CUST-138,Lucknow Mid-India Hub,WH-MidAtlantic-VA,HYD-1003,3,0,83.23
SALE-04185,2026-04-04 20:04:03,CUST-120,Bhubaneswar Southeast Hub,WH-Southeast-GA,FAS-3005,10,0,29.77
SALE-04186,2025-09-15 19:12:10,CUST-104,Jaipur Regional Hub,WH-Mountain-CO,FAS-3005,13,0,31.25
SALE-04187,2026-05-11 18:30:32,CUST-158,Bhubaneswar Southeast Hub,WH-Southeast-GA,FIL-4005,3,0,62.3
SALE-04188,2026-01-21 20:10:47,CUST-112,Delhi North Hub,WH-North-IL,ELE-2005,5,0,214.51
SALE-04189,2026-05-26 17:07:06,CUST-149,Jaipur Regional Hub,WH-Mountain-CO,FIL-4001,5,0,54.05
SALE-04190,2025-10-01 20:09:05,CUST-114,Delhi North Hub,WH-North-IL,ELE-2001,1,0,676.42
SALE-04191,2026-03-20 18:36:25,CUST-138,Jaipur Regional Hub,WH-Mountain-CO,ELE-2004,5,0,412.37
SALE-04192,2026-04-13 19:04:02,CUST-156,Jaipur Regional Hub,WH-Mountain-CO,HYD-1005,3,0,148.48
SALE-04193,2026-06-03 20:22:28,CUST-146,Guwahati Northeast Hub,WH-Northeast-NY,ELE-2005,1,0,212.61
SALE-04194,2026-05-31 20:35:04,CUST-154,Mumbai West Hub,WH-West-CA,FAS-3005,11,0,31.58
SALE-04195,2025-12-14 17:17:30,CUST-125,Kolkata East Hub,WH-East-NC,FIL-4003,8,0,42.79
SALE-04196,2025-11-05 20:08:56,CUST-133,Delhi North Hub,WH-North-IL,ELE-2001,5,0,678.17
SALE-04197,2026-02-01 17:46:49,CUST-140,Nagpur Central Hub,WH-GreatLakes-MI,FAS-3004,11,0,35.37
SALE-04198,2026-03-17 17:30:52,CUST-133,Pune Midwest Hub,WH-Midwest-OH,FIL-4005,12,0,61.81
SALE-04199,2025-12-04 17:56:01,CUST-148,Chennai South Hub,WH-South-FL,ELE-2001,1,0,696.28
SALE-04200,2025-11-10 20:04:42,CUST-139,Delhi North Hub,WH-North-IL,HYD-1003,3,0,85.21
SALE-04201,2025-10-23 19:22:30,CUST-141,Mumbai West Hub,WH-West-CA,FAS-3002,10,0,18.48
SALE-04202,2026-07-09 19:43:51,CUST-159,Delhi North Hub,WH-North-IL,ELE-2004,2,0,398.25
SALE-04203,2026-06-25 20:17:29,CUST-123,Guwahati Northeast Hub,WH-Northeast-NY,ELE-2005,5,0,209.73
SALE-04204,2026-01-18 19:41:13,CUST-106,Mumbai West Hub,WH-West-CA,FAS-3001,12,0,23.62
SALE-04205,2025-11-21 19:54:18,CUST-122,Chennai South Hub,WH-South-FL,FAS-3004,10,0,36.34
SALE-04206,2026-01-15 17:44:09,CUST-103,Jaipur Regional Hub,WH-Mountain-CO,HYD-1005,3,0,135.26
SALE-04207,2026-04-07 17:50:46,CUST-142,Bengaluru Technology Hub,WH-Pacific-WA,FAS-3005,8,0,28.74
SALE-04208,2026-07-26 18:27:20,CUST-138,Delhi North Hub,WH-North-IL,ELE-2004,1,0,412.42
SALE-04209,2026-07-25 17:16:32,CUST-146,Hyderabad Central Hub,WH-Central-TX,FIL-4002,10,0,31.63
SALE-04210,2025-10-29 17:41:21,CUST-120,Jaipur Regional Hub,WH-Mountain-CO,ELE-2005,3,0,208.04
SALE-04211,2026-07-23 20:53:05,CUST-117,Mumbai West Hub,WH-West-CA,FAS-3002,15,0,18.96
SALE-04212,2026-01-12 19:42:34,CUST-132,Lucknow Mid-India Hub,WH-MidAtlantic-VA,HYD-1005,6,0,134.11
SALE-04213,2026-07-17 17:48:43,CUST-101,Mumbai West Hub,WH-West-CA,FAS-3005,5,0,32.24
SALE-04214,2025-12-30 20:40:59,CUST-152,Delhi North Hub,WH-North-IL,HYD-1003,3,0,89.14
SALE-04215,2026-07-02 18:57:22,CUST-130,Hyderabad Central Hub,WH-Central-TX,ELE-2003,8,0,78.8
SALE-04216,2026-03-13 18:39:33,CUST-117,Coimbatore South Central Hub,WH-SouthCentral-OK,ELE-2005,2,0,224.31
SALE-04217,2026-06-30 17:30:44,CUST-154,Bhubaneswar Southeast Hub,WH-Southeast-GA,FAS-3001,9,0,26.79
SALE-04218,2026-03-28 17:18:37,CUST-146,Indore Central-West Hub,WH-Rockies-UT,FAS-3004,13,0,34.0
SALE-04219,2026-03-14 20:04:34,CUST-131,Chennai South Hub,WH-South-FL,HYD-1003,8,0,88.64
SALE-04220,2026-01-30 17:18:40,CUST-139,Hyderabad Central Hub,WH-Central-TX,ELE-2002,3,0,123.3
SALE-04221,2026-05-14 20:19:12,CUST-156,Guwahati Northeast Hub,WH-Northeast-NY,ELE-2001,1,0,674.37
SALE-04222,2025-09-28 19:31:16,CUST-101,Kolkata East Hub,WH-East-NC,FIL-4003,6,0,44.06
SALE-04223,2026-01-27 17:46:43,CUST-105,Bengaluru Technology Hub,WH-Pacific-WA,FIL-4005,7,0,65.89
SALE-04224,2025-12-08 18:01:50,CUST-127,Indore Central-West Hub,WH-Rockies-UT,FIL-4005,7,0,66.61
SALE-04225,2026-07-09 19:08:45,CUST-131,Pune Midwest Hub,WH-Midwest-OH,HYD-1001,5,0,462.38
SALE-04226,2026-06-30 17:05:14,CUST-150,Indore Central-West Hub,WH-Rockies-UT,HYD-1003,2,0,81.96
SALE-04227,2026-06-27 20:45:14,CUST-142,Chennai South Hub,WH-South-FL,FAS-3002,7,0,17.52
SALE-04228,2026-07-26 20:35:48,CUST-132,Lucknow Mid-India Hub,WH-MidAtlantic-VA,FIL-4004,5,0,45.57
SALE-04229,2026-07-06 17:53:16,CUST-110,Kolkata East Hub,WH-East-NC,FAS-3005,10,0,30.2
SALE-04230,2026-06-17 20:10:17,CUST-158,Indore Central-West Hub,WH-Rockies-UT,ELE-2004,3,0,373.96
SALE-04231,2026-01-18 20:40:47,CUST-145,Lucknow Mid-India Hub,WH-MidAtlantic-VA,ELE-2003,3,0,76.89
SALE-04232,2026-02-04 17:27:56,CUST-120,Indore Central-West Hub,WH-Rockies-UT,HYD-1003,8,0,83.04
SALE-04233,2026-03-31 19:59:02,CUST-132,Ahmedabad Southwest Hub,WH-Southwest-AZ,FIL-4001,4,0,53.14
SALE-04234,2026-05-30 17:33:10,CUST-104,Hyderabad Central Hub,WH-Central-TX,FAS-3002,10,0,17.18
SALE-04235,2026-01-13 19:44:35,CUST-124,Guwahati Northeast Hub,WH-Northeast-NY,FAS-3004,9,0,35.19
SALE-04236,2025-12-07 20:50:27,CUST-115,Kolkata East Hub,WH-East-NC,HYD-1004,4,0,186.75
SALE-04237,2026-01-27 17:25:31,CUST-147,Delhi North Hub,WH-North-IL,ELE-2002,4,0,133.1
SALE-04238,2025-09-23 18:33:39,CUST-144,Bhubaneswar Southeast Hub,WH-Southeast-GA,ELE-2003,2,0,71.79
SALE-04239,2025-12-06 19:22:01,CUST-118,Guwahati Northeast Hub,WH-Northeast-NY,HYD-1003,2,0,84.02
SALE-04240,2026-02-14 20:59:48,CUST-153,Lucknow Mid-India Hub,WH-MidAtlantic-VA,FAS-3001,11,0,24.89
SALE-04241,2026-02-17 19:56:55,CUST-122,Hyderabad Central Hub,WH-Central-TX,FAS-3002,5,0,17.91
SALE-04242,2026-03-02 19:06:08,CUST-130,Indore Central-West Hub,WH-Rockies-UT,FAS-3005,9,0,31.31
SALE-04243,2025-11-29 20:25:44,CUST-112,Chennai South Hub,WH-South-FL,FIL-4003,7,0,45.32
SALE-04244,2026-06-15 18:26:44,CUST-110,Indore Central-West Hub,WH-Rockies-UT,ELE-2003,1,0,77.96
SALE-04245,2026-03-12 20:52:11,CUST-114,Lucknow Mid-India Hub,WH-MidAtlantic-VA,FIL-4002,10,0,31.41
SALE-04246,2025-09-27 18:22:11,CUST-103,Hyderabad Central Hub,WH-Central-TX,ELE-2001,2,0,716.66
SALE-04247,2026-06-22 17:20:44,CUST-150,Nagpur Central Hub,WH-GreatLakes-MI,HYD-1002,1,0,312.48
SALE-04248,2026-05-20 19:06:10,CUST-110,Ahmedabad Southwest Hub,WH-Southwest-AZ,ELE-2005,2,0,226.78
SALE-04249,2025-10-11 17:03:42,CUST-105,Nagpur Central Hub,WH-GreatLakes-MI,ELE-2002,4,0,123.86
SALE-04250,2026-02-03 20:09:30,CUST-107,Ahmedabad Southwest Hub,WH-Southwest-AZ,FAS-3005,10,0,28.9
SALE-04251,2026-03-05 19:34:45,CUST-158,Bengaluru Technology Hub,WH-Pacific-WA,ELE-2005,2,0,213.47
SALE-04252,2025-10-04 18:03:44,CUST-116,Delhi North Hub,WH-North-IL,FIL-4003,4,0,43.77
SALE-04253,2026-06-30 19:43:19,CUST-115,Ahmedabad Southwest Hub,WH-Southwest-AZ,FAS-3001,11,0,24.16
SALE-04254,2026-01-02 20:40:01,CUST-135,Indore Central-West Hub,WH-Rockies-UT,FIL-4003,3,0,40.02
SALE-04255,2025-12-23 17:18:37,CUST-116,Pune Midwest Hub,WH-Midwest-OH,HYD-1001,7,0,436.72
SALE-04256,2026-01-22 18:33:53,CUST-142,Nagpur Central Hub,WH-GreatLakes-MI,FAS-3002,10,0,19.26
SALE-04257,2026-07-19 19:46:27,CUST-123,Pune Midwest Hub,WH-Midwest-OH,ELE-2004,2,0,379.65
SALE-04258,2025-11-30 19:22:28,CUST-116,Coimbatore South Central Hub,WH-SouthCentral-OK,FAS-3001,9,0,25.81
SALE-04259,2025-09-15 20:19:40,CUST-137,Lucknow Mid-India Hub,WH-MidAtlantic-VA,HYD-1002,2,0,333.68
SALE-04260,2025-12-21 19:17:40,CUST-158,Nagpur Central Hub,WH-GreatLakes-MI,HYD-1002,2,0,325.45
SALE-04261,2025-11-07 18:58:56,CUST-134,Guwahati Northeast Hub,WH-Northeast-NY,HYD-1005,3,0,149.25
SALE-04262,2025-09-11 20:43:17,CUST-101,Bhubaneswar Southeast Hub,WH-Southeast-GA,HYD-1004,3,0,188.67
SALE-04263,2025-10-31 18:58:44,CUST-120,Bengaluru Technology Hub,WH-Pacific-WA,FIL-4001,9,0,52.9
SALE-04264,2025-11-17 19:43:17,CUST-116,Bengaluru Technology Hub,WH-Pacific-WA,FAS-3004,12,0,37.26
SALE-04265,2026-06-06 18:49:43,CUST-124,Bhubaneswar Southeast Hub,WH-Southeast-GA,ELE-2003,4,0,71.21
SALE-04266,2026-02-13 19:39:13,CUST-105,Indore Central-West Hub,WH-Rockies-UT,FIL-4001,3,0,56.11
SALE-04267,2026-06-30 20:29:46,CUST-132,Jaipur Regional Hub,WH-Mountain-CO,ELE-2001,2,0,696.61
SALE-04268,2025-10-25 20:15:05,CUST-111,Hyderabad Central Hub,WH-Central-TX,ELE-2001,4,0,731.6
SALE-04269,2026-01-21 19:36:59,CUST-113,Hyderabad Central Hub,WH-Central-TX,FAS-3005,7,0,31.42
SALE-04270,2026-01-16 18:22:29,CUST-138,Chennai South Hub,WH-South-FL,FAS-3004,9,0,37.19
SALE-04271,2026-02-08 19:48:09,CUST-112,Indore Central-West Hub,WH-Rockies-UT,HYD-1003,4,0,89.11
SALE-04272,2026-03-28 19:31:09,CUST-151,Delhi North Hub,WH-North-IL,FIL-4002,5,0,32.31
SALE-04273,2026-05-24 18:02:06,CUST-138,Coimbatore South Central Hub,WH-SouthCentral-OK,FAS-3005,9,0,31.95
SALE-04274,2026-06-21 19:01:09,CUST-107,Nagpur Central Hub,WH-GreatLakes-MI,FIL-4002,7,0,32.8
SALE-04275,2026-05-03 20:29:27,CUST-140,Indore Central-West Hub,WH-Rockies-UT,FIL-4002,3,0,32.97
SALE-04276,2026-02-08 18:06:19,CUST-131,Lucknow Mid-India Hub,WH-MidAtlantic-VA,ELE-2005,1,0,224.03
SALE-04277,2025-09-03 18:22:39,CUST-152,Hyderabad Central Hub,WH-Central-TX,HYD-1003,4,0,85.64
SALE-04278,2026-02-05 18:31:13,CUST-124,Bengaluru Technology Hub,WH-Pacific-WA,HYD-1004,5,0,182.8
SALE-04279,2025-11-18 19:58:55,CUST-147,Chennai South Hub,WH-South-FL,HYD-1001,3,0,467.26
SALE-04280,2025-09-17 20:18:17,CUST-160,Lucknow Mid-India Hub,WH-MidAtlantic-VA,FIL-4002,4,0,34.16
SALE-04281,2026-04-03 20:57:55,CUST-105,Bhubaneswar Southeast Hub,WH-Southeast-GA,FIL-4004,7,0,51.04
SALE-04282,2025-10-28 17:17:07,CUST-103,Lucknow Mid-India Hub,WH-MidAtlantic-VA,HYD-1003,3,0,89.39
SALE-04283,2026-02-21 19:17:36,CUST-111,Guwahati Northeast Hub,WH-Northeast-NY,HYD-1004,3,0,170.41
SALE-04284,2025-11-17 17:39:02,CUST-132,Mumbai West Hub,WH-West-CA,ELE-2005,7,0,199.54
SALE-04285,2026-01-11 18:43:55,CUST-133,Lucknow Mid-India Hub,WH-MidAtlantic-VA,ELE-2004,1,1,398.48
SALE-04286,2025-12-06 20:37:51,CUST-103,Indore Central-West Hub,WH-Rockies-UT,FIL-4005,11,0,59.95
SALE-04287,2026-05-01 17:44:52,CUST-127,Chennai South Hub,WH-South-FL,ELE-2004,2,0,415.27
SALE-04288,2025-12-05 19:59:19,CUST-126,Pune Midwest Hub,WH-Midwest-OH,FIL-4001,4,0,54.07
SALE-04289,2026-06-23 20:36:15,CUST-143,Guwahati Northeast Hub,WH-Northeast-NY,FAS-3003,8,0,22.38
SALE-04290,2026-01-17 18:17:05,CUST-106,Coimbatore South Central Hub,WH-SouthCentral-OK,FAS-3002,9,0,17.67
SALE-04291,2025-12-29 17:58:15,CUST-150,Chennai South Hub,WH-South-FL,HYD-1001,3,0,485.92
SALE-04292,2026-04-11 19:52:19,CUST-133,Guwahati Northeast Hub,WH-Northeast-NY,ELE-2004,2,0,378.58
SALE-04293,2026-05-18 19:06:08,CUST-130,Jaipur Regional Hub,WH-Mountain-CO,FIL-4001,7,0,55.82
SALE-04294,2025-09-05 18:32:38,CUST-157,Bengaluru Technology Hub,WH-Pacific-WA,FIL-4003,10,0,41.83
SALE-04295,2026-02-27 17:12:57,CUST-107,Guwahati Northeast Hub,WH-Northeast-NY,HYD-1001,4,0,462.86
SALE-04296,2026-05-20 18:55:45,CUST-146,Coimbatore South Central Hub,WH-SouthCentral-OK,ELE-2005,7,0,205.87
SALE-04297,2025-12-30 18:34:42,CUST-109,Lucknow Mid-India Hub,WH-MidAtlantic-VA,HYD-1001,5,0,472.3
SALE-04298,2026-04-26 20:28:14,CUST-145,Chennai South Hub,WH-South-FL,FAS-3004,10,0,34.74
SALE-04299,2026-01-20 20:39:17,CUST-105,Mumbai West Hub,WH-West-CA,HYD-1005,2,0,136.77
SALE-04300,2025-12-22 18:08:09,CUST-131,Chennai South Hub,WH-South-FL,FAS-3001,8,0,23.99
SALE-04301,2025-12-07 20:30:14,CUST-137,Nagpur Central Hub,WH-GreatLakes-MI,FIL-4004,5,0,45.14
SALE-04302,2025-11-26 20:31:54,CUST-130,Chennai South Hub,WH-South-FL,HYD-1001,3,0,434.07
SALE-04303,2025-12-02 19:34:16,CUST-101,Indore Central-West Hub,WH-Rockies-UT,FAS-3003,12,0,23.31
SALE-04304,2025-12-16 17:22:51,CUST-111,Hyderabad Central Hub,WH-Central-TX,ELE-2003,1,0,73.4
SALE-04305,2025-12-13 18:35:39,CUST-157,Jaipur Regional Hub,WH-Mountain-CO,FAS-3003,7,0,21.16
SALE-04306,2025-10-26 20:27:27,CUST-127,Jaipur Regional Hub,WH-Mountain-CO,FIL-4005,6,0,58.56
SALE-04307,2026-01-09 19:00:34,CUST-151,Hyderabad Central Hub,WH-Central-TX,ELE-2001,3,0,724.16
SALE-04308,2026-03-24 18:43:15,CUST-105,Jaipur Regional Hub,WH-Mountain-CO,FAS-3005,6,0,28.63
SALE-04309,2026-05-17 17:13:18,CUST-147,Mumbai West Hub,WH-West-CA,FAS-3003,14,0,20.99
SALE-04310,2026-06-24 18:32:16,CUST-131,Guwahati Northeast Hub,WH-Northeast-NY,ELE-2001,2,0,716.13
SALE-04311,2025-12-23 19:36:48,CUST-109,Bengaluru Technology Hub,WH-Pacific-WA,FAS-3003,8,0,21.6
SALE-04312,2025-12-18 18:34:50,CUST-141,Nagpur Central Hub,WH-GreatLakes-MI,ELE-2002,1,0,126.6
SALE-04313,2025-10-28 20:51:17,CUST-139,Chennai South Hub,WH-South-FL,FAS-3001,6,0,24.27
SALE-04314,2026-06-18 20:26:59,CUST-145,Guwahati Northeast Hub,WH-Northeast-NY,ELE-2004,4,0,375.13
SALE-04315,2026-01-18 17:25:39,CUST-114,Ahmedabad Southwest Hub,WH-Southwest-AZ,FAS-3004,6,0,34.89
SALE-04316,2025-10-16 18:24:35,CUST-134,Bhubaneswar Southeast Hub,WH-Southeast-GA,FIL-4005,6,4,62.44
SALE-04317,2025-11-25 20:54:05,CUST-129,Guwahati Northeast Hub,WH-Northeast-NY,HYD-1003,3,0,87.7
SALE-04318,2026-06-20 19:14:55,CUST-113,Pune Midwest Hub,WH-Midwest-OH,FIL-4003,4,0,44.95
SALE-04319,2026-04-26 18:18:59,CUST-129,Jaipur Regional Hub,WH-Mountain-CO,ELE-2005,2,0,206.65
SALE-04320,2026-01-27 19:29:26,CUST-150,Kolkata East Hub,WH-East-NC,FAS-3001,6,0,23.87
SALE-04321,2026-06-30 18:12:10,CUST-113,Jaipur Regional Hub,WH-Mountain-CO,FIL-4002,6,0,31.27
SALE-04322,2026-02-10 18:21:30,CUST-149,Indore Central-West Hub,WH-Rockies-UT,FIL-4003,5,0,45.29
SALE-04323,2025-12-20 19:07:55,CUST-138,Hyderabad Central Hub,WH-Central-TX,FAS-3005,10,0,30.94
SALE-04324,2026-07-11 18:12:41,CUST-151,Jaipur Regional Hub,WH-Mountain-CO,FAS-3001,16,0,24.6
SALE-04325,2026-06-02 20:56:30,CUST-126,Ahmedabad Southwest Hub,WH-Southwest-AZ,ELE-2001,1,0,714.3
SALE-04326,2025-10-31 17:43:06,CUST-156,Nagpur Central Hub,WH-GreatLakes-MI,FIL-4004,4,0,49.04
SALE-04327,2026-01-20 17:58:05,CUST-160,Chennai South Hub,WH-South-FL,FIL-4005,9,0,60.72
SALE-04328,2025-12-11 17:07:35,CUST-136,Mumbai West Hub,WH-West-CA,ELE-2001,2,0,642.26
SALE-04329,2026-04-12 19:22:36,CUST-116,Chennai South Hub,WH-South-FL,FIL-4005,4,0,62.93
SALE-04330,2025-12-21 19:18:21,CUST-142,Nagpur Central Hub,WH-GreatLakes-MI,ELE-2002,1,0,121.61
SALE-04331,2025-12-08 20:03:37,CUST-103,Hyderabad Central Hub,WH-Central-TX,HYD-1005,2,0,150.44
SALE-04332,2026-06-15 17:04:10,CUST-114,Chennai South Hub,WH-South-FL,FIL-4001,7,0,54.59
SALE-04333,2026-01-21 19:16:33,CUST-130,Coimbatore South Central Hub,WH-SouthCentral-OK,ELE-2004,5,0,377.47
SALE-04334,2025-11-13 17:58:33,CUST-104,Pune Midwest Hub,WH-Midwest-OH,HYD-1004,3,2,165.29
SALE-04335,2026-05-20 20:24:08,CUST-102,Chennai South Hub,WH-South-FL,HYD-1004,1,0,169.31
SALE-04336,2025-12-24 20:38:25,CUST-102,Coimbatore South Central Hub,WH-SouthCentral-OK,FIL-4005,3,0,64.6
SALE-04337,2025-09-16 18:22:50,CUST-121,Guwahati Northeast Hub,WH-Northeast-NY,FIL-4005,8,0,63.18
SALE-04338,2025-11-08 19:22:59,CUST-124,Pune Midwest Hub,WH-Midwest-OH,FIL-4003,5,0,44.4
SALE-04339,2026-07-07 20:58:06,CUST-144,Nagpur Central Hub,WH-GreatLakes-MI,FIL-4002,4,0,33.93
SALE-04340,2026-03-18 17:36:03,CUST-114,Lucknow Mid-India Hub,WH-MidAtlantic-VA,FAS-3002,8,0,18.84
SALE-04341,2026-01-13 17:44:57,CUST-101,Bhubaneswar Southeast Hub,WH-Southeast-GA,FAS-3005,12,0,29.67
SALE-04342,2026-07-19 18:00:37,CUST-142,Mumbai West Hub,WH-West-CA,FIL-4003,10,0,43.81
SALE-04343,2025-10-27 19:20:09,CUST-139,Chennai South Hub,WH-South-FL,ELE-2005,3,0,200.26
SALE-04344,2026-06-24 19:36:58,CUST-136,Pune Midwest Hub,WH-Midwest-OH,FAS-3001,8,0,26.29
SALE-04345,2026-04-23 19:03:07,CUST-125,Chennai South Hub,WH-South-FL,FAS-3001,6,0,25.89
SALE-04346,2025-11-13 20:53:19,CUST-153,Mumbai West Hub,WH-West-CA,FIL-4001,8,0,58.11
SALE-04347,2025-09-25 18:16:58,CUST-149,Pune Midwest Hub,WH-Midwest-OH,FAS-3002,10,0,17.03
SALE-04348,2026-06-30 19:00:27,CUST-111,Pune Midwest Hub,WH-Midwest-OH,FAS-3002,8,0,18.47
SALE-04349,2025-10-22 18:00:35,CUST-125,Kolkata East Hub,WH-East-NC,FAS-3005,11,0,29.46
SALE-04350,2025-10-21 18:47:17,CUST-117,Guwahati Northeast Hub,WH-Northeast-NY,FIL-4004,11,0,51.68
SALE-04351,2026-01-08 18:34:14,CUST-111,Bhubaneswar Southeast Hub,WH-Southeast-GA,ELE-2005,5,0,198.46
SALE-04352,2026-07-14 20:31:52,CUST-144,Bhubaneswar Southeast Hub,WH-Southeast-GA,HYD-1002,5,0,327.95
SALE-04353,2025-09-06 19:45:22,CUST-148,Indore Central-West Hub,WH-Rockies-UT,HYD-1002,1,0,309.76
SALE-04354,2026-04-26 17:54:49,CUST-128,Mumbai West Hub,WH-West-CA,HYD-1004,5,0,180.61
SALE-04355,2025-10-31 17:19:25,CUST-107,Mumbai West Hub,WH-West-CA,FAS-3003,11,9,22.2
SALE-04356,2026-07-02 17:34:56,CUST-144,Kolkata East Hub,WH-East-NC,FIL-4003,8,0,43.47
SALE-04357,2026-02-20 18:13:24,CUST-151,Bengaluru Technology Hub,WH-Pacific-WA,ELE-2001,3,0,686.24
SALE-04358,2026-07-05 20:39:53,CUST-157,Mumbai West Hub,WH-West-CA,HYD-1003,3,0,89.32
SALE-04359,2026-02-10 17:18:22,CUST-156,Guwahati Northeast Hub,WH-Northeast-NY,FIL-4001,4,0,56.52
SALE-04360,2025-12-13 17:26:52,CUST-103,Guwahati Northeast Hub,WH-Northeast-NY,HYD-1004,4,0,165.11
SALE-04361,2025-12-16 19:43:23,CUST-159,Pune Midwest Hub,WH-Midwest-OH,FAS-3004,11,0,33.59
SALE-04362,2025-11-22 19:55:48,CUST-109,Kolkata East Hub,WH-East-NC,FIL-4003,6,0,43.81
SALE-04363,2026-06-28 20:10:54,CUST-152,Jaipur Regional Hub,WH-Mountain-CO,HYD-1003,1,0,86.5
SALE-04364,2026-03-24 17:48:26,CUST-160,Nagpur Central Hub,WH-GreatLakes-MI,ELE-2005,2,0,224.53
SALE-04365,2025-11-27 19:40:13,CUST-109,Nagpur Central Hub,WH-GreatLakes-MI,HYD-1004,3,0,180.85
SALE-04366,2025-11-04 18:21:55,CUST-120,Ahmedabad Southwest Hub,WH-Southwest-AZ,FIL-4004,10,0,50.27
SALE-04367,2026-04-27 19:10:31,CUST-109,Hyderabad Central Hub,WH-Central-TX,FAS-3004,9,0,34.1
SALE-04368,2026-02-12 17:12:04,CUST-159,Indore Central-West Hub,WH-Rockies-UT,FIL-4004,4,0,45.14
SALE-04369,2026-07-03 20:00:08,CUST-148,Chennai South Hub,WH-South-FL,ELE-2001,1,0,697.66
SALE-04370,2026-05-29 19:48:21,CUST-141,Chennai South Hub,WH-South-FL,HYD-1005,4,0,142.12
SALE-04371,2025-09-12 20:41:46,CUST-150,Delhi North Hub,WH-North-IL,FIL-4002,8,0,33.54
SALE-04372,2026-03-12 20:27:45,CUST-116,Chennai South Hub,WH-South-FL,FAS-3001,9,0,23.92
SALE-04373,2025-09-10 20:15:34,CUST-148,Lucknow Mid-India Hub,WH-MidAtlantic-VA,HYD-1001,1,0,446.99
SALE-04374,2026-07-19 19:46:02,CUST-148,Pune Midwest Hub,WH-Midwest-OH,ELE-2005,6,0,215.33
SALE-04375,2026-01-25 17:30:05,CUST-156,Bhubaneswar Southeast Hub,WH-Southeast-GA,FAS-3002,8,0,17.94
SALE-04376,2025-11-11 18:28:18,CUST-124,Bengaluru Technology Hub,WH-Pacific-WA,HYD-1004,5,0,167.9
SALE-04377,2026-04-12 17:57:25,CUST-136,Jaipur Regional Hub,WH-Mountain-CO,FAS-3005,9,0,31.11
SALE-04378,2025-11-13 18:40:12,CUST-148,Bhubaneswar Southeast Hub,WH-Southeast-GA,HYD-1003,5,0,90.38
SALE-04379,2025-10-15 18:26:24,CUST-152,Bhubaneswar Southeast Hub,WH-Southeast-GA,FAS-3001,8,0,25.24
SALE-04380,2026-02-01 17:33:22,CUST-111,Pune Midwest Hub,WH-Midwest-OH,FAS-3004,4,0,33.62
SALE-04381,2025-11-09 20:25:18,CUST-155,Bhubaneswar Southeast Hub,WH-Southeast-GA,HYD-1002,3,0,305.03
SALE-04382,2025-10-05 20:41:11,CUST-157,Nagpur Central Hub,WH-GreatLakes-MI,FAS-3002,5,0,19.4
SALE-04383,2025-10-17 18:15:10,CUST-111,Jaipur Regional Hub,WH-Mountain-CO,FIL-4004,2,0,49.37
SALE-04384,2026-06-15 19:01:12,CUST-105,Ahmedabad Southwest Hub,WH-Southwest-AZ,ELE-2002,2,1,133.28
SALE-04385,2025-12-16 18:57:41,CUST-129,Chennai South Hub,WH-South-FL,ELE-2002,1,0,134.62
SALE-04386,2025-09-30 17:56:15,CUST-145,Pune Midwest Hub,WH-Midwest-OH,FAS-3003,5,0,22.15
SALE-04387,2026-03-18 19:22:52,CUST-114,Nagpur Central Hub,WH-GreatLakes-MI,HYD-1002,1,0,340.17
SALE-04388,2026-02-25 20:09:42,CUST-116,Bhubaneswar Southeast Hub,WH-Southeast-GA,FAS-3002,8,0,18.63
SALE-04389,2026-07-10 18:21:28,CUST-105,Ahmedabad Southwest Hub,WH-Southwest-AZ,HYD-1004,7,0,173.05
SALE-04390,2025-11-03 18:20:06,CUST-124,Bhubaneswar Southeast Hub,WH-Southeast-GA,FIL-4001,7,0,58.34
SALE-04391,2026-04-15 17:46:41,CUST-158,Ahmedabad Southwest Hub,WH-Southwest-AZ,HYD-1003,3,0,88.38
SALE-04392,2026-05-02 17:18:49,CUST-144,Chennai South Hub,WH-South-FL,HYD-1004,3,3,170.12
SALE-04393,2026-07-02 19:01:03,CUST-110,Nagpur Central Hub,WH-GreatLakes-MI,ELE-2001,2,0,657.38
SALE-04394,2025-11-23 20:04:48,CUST-122,Bengaluru Technology Hub,WH-Pacific-WA,FIL-4003,5,0,43.21
SALE-04395,2026-01-01 18:10:05,CUST-156,Lucknow Mid-India Hub,WH-MidAtlantic-VA,HYD-1004,3,0,174.41
SALE-04396,2026-07-26 19:27:40,CUST-107,Ahmedabad Southwest Hub,WH-Southwest-AZ,FIL-4002,7,0,33.52
SALE-04397,2026-07-02 20:23:40,CUST-155,Bengaluru Technology Hub,WH-Pacific-WA,FAS-3002,9,0,17.7
SALE-04398,2025-12-01 19:36:15,CUST-150,Ahmedabad Southwest Hub,WH-Southwest-AZ,HYD-1004,5,0,178.99
SALE-04399,2026-05-30 20:02:50,CUST-120,Chennai South Hub,WH-South-FL,ELE-2001,2,0,718.78
SALE-04400,2025-10-12 18:23:28,CUST-109,Coimbatore South Central Hub,WH-SouthCentral-OK,ELE-2003,1,0,77.26
SALE-04401,2026-03-07 17:34:51,CUST-126,Mumbai West Hub,WH-West-CA,FIL-4002,6,0,30.77
SALE-04402,2026-04-10 18:28:03,CUST-160,Jaipur Regional Hub,WH-Mountain-CO,FIL-4003,4,4,42.28
SALE-04403,2026-03-08 19:37:54,CUST-118,Ahmedabad Southwest Hub,WH-Southwest-AZ,HYD-1005,3,0,139.35
SALE-04404,2026-06-22 18:03:54,CUST-158,Indore Central-West Hub,WH-Rockies-UT,ELE-2005,1,0,200.57
SALE-04405,2025-11-10 18:26:17,CUST-106,Bengaluru Technology Hub,WH-Pacific-WA,ELE-2001,2,0,695.24
SALE-04406,2026-03-27 19:43:37,CUST-101,Mumbai West Hub,WH-West-CA,ELE-2003,2,0,78.56
SALE-04407,2026-02-21 20:29:00,CUST-116,Kolkata East Hub,WH-East-NC,HYD-1001,2,0,451.47
SALE-04408,2026-01-18 20:21:14,CUST-125,Guwahati Northeast Hub,WH-Northeast-NY,FIL-4004,6,0,50.38
SALE-04409,2025-09-22 17:16:25,CUST-108,Delhi North Hub,WH-North-IL,FIL-4003,7,0,40.72
SALE-04410,2026-02-24 17:28:20,CUST-138,Chennai South Hub,WH-South-FL,HYD-1001,2,0,461.25
SALE-04411,2026-02-19 20:10:16,CUST-105,Pune Midwest Hub,WH-Midwest-OH,HYD-1001,8,0,466.7
SALE-04412,2026-02-10 19:28:17,CUST-111,Coimbatore South Central Hub,WH-SouthCentral-OK,HYD-1001,5,0,441.98
SALE-04413,2026-03-02 19:44:36,CUST-137,Lucknow Mid-India Hub,WH-MidAtlantic-VA,HYD-1005,6,0,132.89
SALE-04414,2025-09-10 17:55:03,CUST-108,Chennai South Hub,WH-South-FL,FAS-3005,13,0,29.68
SALE-04415,2026-01-10 18:35:57,CUST-102,Bhubaneswar Southeast Hub,WH-Southeast-GA,ELE-2004,2,0,409.96
SALE-04416,2025-10-26 17:49:07,CUST-141,Coimbatore South Central Hub,WH-SouthCentral-OK,HYD-1003,3,0,88.23
SALE-04417,2026-07-04 20:56:22,CUST-160,Bhubaneswar Southeast Hub,WH-Southeast-GA,ELE-2005,4,0,225.55
SALE-04418,2026-04-15 20:27:03,CUST-107,Guwahati Northeast Hub,WH-Northeast-NY,ELE-2003,1,0,74.0
SALE-04419,2026-02-01 19:24:34,CUST-127,Mumbai West Hub,WH-West-CA,FAS-3003,6,0,21.74
SALE-04420,2025-10-28 18:39:41,CUST-158,Nagpur Central Hub,WH-GreatLakes-MI,ELE-2002,4,0,133.93
SALE-04421,2026-07-23 19:39:23,CUST-128,Nagpur Central Hub,WH-GreatLakes-MI,FIL-4004,7,0,50.16
SALE-04422,2026-03-26 20:23:47,CUST-120,Coimbatore South Central Hub,WH-SouthCentral-OK,FIL-4001,6,0,54.03
SALE-04423,2026-05-29 20:18:40,CUST-144,Indore Central-West Hub,WH-Rockies-UT,FAS-3003,7,0,22.49
SALE-04424,2026-05-23 18:25:36,CUST-117,Guwahati Northeast Hub,WH-Northeast-NY,HYD-1003,5,0,83.2
SALE-04425,2026-03-05 18:02:51,CUST-149,Mumbai West Hub,WH-West-CA,ELE-2001,3,0,714.57
SALE-04426,2026-03-24 19:55:08,CUST-130,Jaipur Regional Hub,WH-Mountain-CO,HYD-1005,5,0,143.84
SALE-04427,2025-12-14 18:25:57,CUST-135,Nagpur Central Hub,WH-GreatLakes-MI,ELE-2005,1,0,220.93
SALE-04428,2026-05-13 20:49:35,CUST-124,Nagpur Central Hub,WH-GreatLakes-MI,ELE-2001,3,0,697.79
SALE-04429,2026-01-14 17:01:07,CUST-159,Pune Midwest Hub,WH-Midwest-OH,FAS-3002,12,0,18.85
SALE-04430,2025-10-17 18:26:49,CUST-117,Bhubaneswar Southeast Hub,WH-Southeast-GA,HYD-1003,1,0,89.46
SALE-04431,2026-04-04 17:27:28,CUST-148,Lucknow Mid-India Hub,WH-MidAtlantic-VA,ELE-2004,2,0,395.75
SALE-04432,2026-05-30 17:36:02,CUST-144,Delhi North Hub,WH-North-IL,FAS-3004,8,0,35.56
SALE-04433,2025-11-30 20:38:47,CUST-108,Hyderabad Central Hub,WH-Central-TX,HYD-1005,4,0,134.34
SALE-04434,2026-02-18 17:57:47,CUST-128,Hyderabad Central Hub,WH-Central-TX,ELE-2004,6,0,420.0
SALE-04435,2025-10-01 19:16:27,CUST-160,Chennai South Hub,WH-South-FL,ELE-2001,7,0,649.4
SALE-04436,2026-06-25 19:23:37,CUST-150,Mumbai West Hub,WH-West-CA,FAS-3005,14,0,32.03
SALE-04437,2026-04-01 19:39:55,CUST-141,Bengaluru Technology Hub,WH-Pacific-WA,HYD-1005,4,0,146.03
SALE-04438,2025-12-19 20:12:22,CUST-119,Bhubaneswar Southeast Hub,WH-Southeast-GA,FAS-3004,7,0,37.46
SALE-04439,2026-02-08 17:42:51,CUST-104,Guwahati Northeast Hub,WH-Northeast-NY,ELE-2003,5,0,80.91
SALE-04440,2026-07-17 20:26:05,CUST-152,Chennai South Hub,WH-South-FL,ELE-2005,1,0,225.52
SALE-04441,2025-10-04 19:20:50,CUST-102,Chennai South Hub,WH-South-FL,FIL-4004,5,4,51.23
SALE-04442,2026-06-18 17:06:10,CUST-160,Lucknow Mid-India Hub,WH-MidAtlantic-VA,FAS-3002,9,0,19.04
SALE-04443,2026-03-23 18:37:08,CUST-127,Ahmedabad Southwest Hub,WH-Southwest-AZ,HYD-1004,7,0,185.75
SALE-04444,2026-06-24 18:32:03,CUST-147,Indore Central-West Hub,WH-Rockies-UT,FAS-3005,9,0,28.32
SALE-04445,2025-10-31 17:49:55,CUST-150,Hyderabad Central Hub,WH-Central-TX,ELE-2001,2,0,676.92
SALE-04446,2025-11-11 20:17:27,CUST-146,Lucknow Mid-India Hub,WH-MidAtlantic-VA,FAS-3001,13,0,25.94
SALE-04447,2026-03-12 17:21:24,CUST-132,Guwahati Northeast Hub,WH-Northeast-NY,ELE-2004,4,0,409.84
SALE-04448,2025-10-13 19:56:03,CUST-102,Pune Midwest Hub,WH-Midwest-OH,FAS-3004,13,0,35.34
SALE-04449,2026-06-26 17:47:50,CUST-141,Indore Central-West Hub,WH-Rockies-UT,FAS-3001,9,0,25.0
SALE-04450,2026-07-18 17:26:57,CUST-129,Jaipur Regional Hub,WH-Mountain-CO,FIL-4004,11,0,45.28
SALE-04451,2025-12-22 19:14:56,CUST-109,Chennai South Hub,WH-South-FL,ELE-2005,4,0,204.04
SALE-04452,2025-09-09 20:13:09,CUST-119,Bhubaneswar Southeast Hub,WH-Southeast-GA,FIL-4004,5,0,48.47
SALE-04453,2025-11-14 20:50:32,CUST-109,Hyderabad Central Hub,WH-Central-TX,FIL-4001,6,0,57.71
SALE-04454,2025-12-16 20:31:23,CUST-126,Coimbatore South Central Hub,WH-SouthCentral-OK,ELE-2005,2,0,197.91
SALE-04455,2026-02-06 19:12:50,CUST-107,Jaipur Regional Hub,WH-Mountain-CO,FAS-3005,8,0,30.79
SALE-04456,2025-11-14 20:20:23,CUST-111,Ahmedabad Southwest Hub,WH-Southwest-AZ,HYD-1004,2,0,185.63
SALE-04457,2026-04-06 17:57:01,CUST-121,Lucknow Mid-India Hub,WH-MidAtlantic-VA,ELE-2003,4,2,76.92
SALE-04458,2025-11-27 19:18:01,CUST-109,Indore Central-West Hub,WH-Rockies-UT,FAS-3004,15,0,33.72
SALE-04459,2025-10-17 17:13:29,CUST-157,Jaipur Regional Hub,WH-Mountain-CO,ELE-2003,4,0,71.57
SALE-04460,2026-03-04 20:15:27,CUST-148,Guwahati Northeast Hub,WH-Northeast-NY,FIL-4004,7,0,48.65
SALE-04461,2026-05-17 18:01:36,CUST-143,Bengaluru Technology Hub,WH-Pacific-WA,ELE-2002,1,0,130.33
SALE-04462,2025-09-03 19:55:20,CUST-118,Kolkata East Hub,WH-East-NC,HYD-1001,1,0,475.13
SALE-04463,2025-12-29 20:05:50,CUST-108,Delhi North Hub,WH-North-IL,HYD-1002,2,0,326.52
SALE-04464,2026-02-12 18:04:19,CUST-126,Hyderabad Central Hub,WH-Central-TX,FAS-3005,9,0,31.09
SALE-04465,2026-06-26 20:04:24,CUST-122,Hyderabad Central Hub,WH-Central-TX,FAS-3001,10,0,23.69
SALE-04466,2025-10-29 19:37:21,CUST-119,Ahmedabad Southwest Hub,WH-Southwest-AZ,FAS-3004,4,0,37.21
SALE-04467,2026-05-09 20:53:10,CUST-157,Pune Midwest Hub,WH-Midwest-OH,HYD-1001,4,0,431.14
SALE-04468,2026-07-05 17:07:29,CUST-122,Coimbatore South Central Hub,WH-SouthCentral-OK,ELE-2003,4,0,75.75
SALE-04469,2026-06-20 20:17:52,CUST-113,Jaipur Regional Hub,WH-Mountain-CO,ELE-2004,1,1,380.25
SALE-04470,2026-05-12 17:28:10,CUST-134,Bengaluru Technology Hub,WH-Pacific-WA,HYD-1002,3,0,328.71
SALE-04471,2026-04-16 18:38:10,CUST-129,Bhubaneswar Southeast Hub,WH-Southeast-GA,FAS-3001,7,0,24.03
SALE-04472,2026-06-13 17:04:27,CUST-113,Jaipur Regional Hub,WH-Mountain-CO,FAS-3005,9,0,32.39
SALE-04473,2026-07-18 20:44:24,CUST-142,Guwahati Northeast Hub,WH-Northeast-NY,FIL-4004,6,0,46.16
SALE-04474,2025-10-04 19:39:52,CUST-156,Guwahati Northeast Hub,WH-Northeast-NY,HYD-1005,3,0,136.22
SALE-04475,2026-03-09 17:16:16,CUST-158,Mumbai West Hub,WH-West-CA,ELE-2002,1,0,123.62
SALE-04476,2025-09-28 19:26:43,CUST-160,Pune Midwest Hub,WH-Midwest-OH,FIL-4005,4,0,64.42
SALE-04477,2026-01-17 20:35:35,CUST-149,Nagpur Central Hub,WH-GreatLakes-MI,HYD-1003,4,0,89.22
SALE-04478,2025-12-03 19:55:50,CUST-123,Chennai South Hub,WH-South-FL,ELE-2005,2,0,212.33
SALE-04479,2026-04-28 18:19:39,CUST-118,Chennai South Hub,WH-South-FL,FIL-4004,3,0,47.97
SALE-04480,2025-09-10 20:10:13,CUST-156,Lucknow Mid-India Hub,WH-MidAtlantic-VA,FIL-4001,8,0,54.45
SALE-04481,2026-01-08 18:18:50,CUST-137,Hyderabad Central Hub,WH-Central-TX,ELE-2001,2,0,724.87
SALE-04482,2026-01-28 20:49:53,CUST-108,Nagpur Central Hub,WH-GreatLakes-MI,FIL-4005,4,3,64.83
SALE-04483,2026-02-18 19:17:04,CUST-127,Hyderabad Central Hub,WH-Central-TX,FIL-4001,5,0,54.06
SALE-04484,2025-10-23 20:58:29,CUST-151,Lucknow Mid-India Hub,WH-MidAtlantic-VA,HYD-1005,2,0,145.73
SALE-04485,2025-11-11 19:44:39,CUST-132,Jaipur Regional Hub,WH-Mountain-CO,HYD-1003,4,1,82.31
SALE-04486,2026-01-20 18:42:31,CUST-121,Coimbatore South Central Hub,WH-SouthCentral-OK,FAS-3005,12,0,29.13
SALE-04487,2026-07-25 20:34:22,CUST-140,Guwahati Northeast Hub,WH-Northeast-NY,FIL-4001,5,0,57.82
SALE-04488,2025-11-28 19:29:45,CUST-108,Delhi North Hub,WH-North-IL,HYD-1001,6,0,479.76
SALE-04489,2026-05-26 17:19:50,CUST-160,Lucknow Mid-India Hub,WH-MidAtlantic-VA,FIL-4004,3,0,47.73
SALE-04490,2026-07-17 17:23:17,CUST-140,Kolkata East Hub,WH-East-NC,FAS-3005,6,0,29.86
SALE-04491,2026-02-13 17:28:24,CUST-142,Guwahati Northeast Hub,WH-Northeast-NY,FIL-4002,3,0,31.78
SALE-04492,2026-07-25 20:35:29,CUST-112,Kolkata East Hub,WH-East-NC,FIL-4001,5,0,57.83
SALE-04493,2026-04-24 20:10:36,CUST-102,Chennai South Hub,WH-South-FL,HYD-1002,5,0,306.09
SALE-04494,2026-03-10 17:07:42,CUST-117,Jaipur Regional Hub,WH-Mountain-CO,FAS-3004,17,0,37.6
SALE-04495,2026-03-16 20:58:16,CUST-151,Hyderabad Central Hub,WH-Central-TX,FIL-4002,9,0,32.87
SALE-04496,2025-11-17 19:51:21,CUST-119,Hyderabad Central Hub,WH-Central-TX,HYD-1002,1,0,308.05
SALE-04497,2026-03-26 19:18:11,CUST-135,Coimbatore South Central Hub,WH-SouthCentral-OK,ELE-2003,3,0,72.12
SALE-04498,2026-07-25 17:43:30,CUST-156,Ahmedabad Southwest Hub,WH-Southwest-AZ,HYD-1003,5,0,84.29
SALE-04499,2026-04-27 18:39:13,CUST-125,Coimbatore South Central Hub,WH-SouthCentral-OK,FIL-4003,9,0,40.27
SALE-04500,2026-02-07 19:06:22,CUST-109,Jaipur Regional Hub,WH-Mountain-CO,FAS-3005,9,0,31.26
SALE-04501,2026-07-22 19:07:47,CUST-156,Coimbatore South Central Hub,WH-SouthCentral-OK,HYD-1002,3,0,339.89
SALE-04502,2026-01-22 17:17:42,CUST-145,Kolkata East Hub,WH-East-NC,ELE-2001,4,0,658.1
SALE-04503,2026-01-06 20:47:22,CUST-135,Hyderabad Central Hub,WH-Central-TX,FIL-4004,3,0,45.22
SALE-04504,2026-02-22 20:49:41,CUST-105,Lucknow Mid-India Hub,WH-MidAtlantic-VA,ELE-2003,1,0,74.7
SALE-04505,2026-03-12 19:37:45,CUST-129,Nagpur Central Hub,WH-GreatLakes-MI,FIL-4005,3,0,62.33
SALE-04506,2026-01-23 19:02:09,CUST-117,Chennai South Hub,WH-South-FL,HYD-1004,3,0,165.01
SALE-04507,2025-10-22 17:15:43,CUST-104,Chennai South Hub,WH-South-FL,FIL-4005,4,0,65.36
SALE-04508,2026-01-24 17:42:31,CUST-151,Delhi North Hub,WH-North-IL,HYD-1003,3,0,88.24
SALE-04509,2026-07-11 19:04:45,CUST-144,Lucknow Mid-India Hub,WH-MidAtlantic-VA,FIL-4005,7,0,64.7
SALE-04510,2026-06-14 17:42:43,CUST-103,Indore Central-West Hub,WH-Rockies-UT,FIL-4005,5,0,62.91
SALE-04511,2025-12-30 19:49:37,CUST-157,Chennai South Hub,WH-South-FL,HYD-1001,3,0,445.89
SALE-04512,2025-09-16 20:55:41,CUST-113,Mumbai West Hub,WH-West-CA,ELE-2005,3,0,203.54
SALE-04513,2026-02-04 20:18:38,CUST-120,Bengaluru Technology Hub,WH-Pacific-WA,ELE-2004,1,0,381.98
SALE-04514,2026-07-22 19:23:52,CUST-146,Mumbai West Hub,WH-West-CA,ELE-2004,1,0,381.67
SALE-04515,2026-03-19 20:29:56,CUST-138,Ahmedabad Southwest Hub,WH-Southwest-AZ,HYD-1005,2,0,133.87
SALE-04516,2026-01-13 18:01:31,CUST-128,Guwahati Northeast Hub,WH-Northeast-NY,FIL-4001,7,2,55.63
SALE-04517,2026-05-31 17:04:06,CUST-116,Bengaluru Technology Hub,WH-Pacific-WA,HYD-1005,6,0,149.47
SALE-04518,2026-05-28 19:18:50,CUST-145,Bengaluru Technology Hub,WH-Pacific-WA,HYD-1002,3,0,315.51
SALE-04519,2025-12-09 17:39:05,CUST-122,Pune Midwest Hub,WH-Midwest-OH,FIL-4005,4,0,60.27
SALE-04520,2025-10-08 18:34:35,CUST-145,Guwahati Northeast Hub,WH-Northeast-NY,HYD-1003,3,0,81.45
SALE-04521,2026-03-31 18:07:55,CUST-134,Delhi North Hub,WH-North-IL,HYD-1005,5,0,143.38
SALE-04522,2025-11-18 19:42:53,CUST-125,Hyderabad Central Hub,WH-Central-TX,HYD-1004,5,0,182.24
SALE-04523,2026-07-19 17:49:49,CUST-112,Chennai South Hub,WH-South-FL,FIL-4002,3,0,32.46
SALE-04524,2025-10-23 20:30:03,CUST-146,Pune Midwest Hub,WH-Midwest-OH,FIL-4002,8,0,32.07
SALE-04525,2026-07-06 20:31:06,CUST-138,Bengaluru Technology Hub,WH-Pacific-WA,HYD-1003,7,0,85.1
SALE-04526,2026-01-09 19:34:23,CUST-156,Chennai South Hub,WH-South-FL,FAS-3003,4,0,21.27
SALE-04527,2026-03-03 17:24:37,CUST-135,Mumbai West Hub,WH-West-CA,FAS-3004,8,0,34.31
SALE-04528,2025-11-12 19:03:24,CUST-132,Chennai South Hub,WH-South-FL,ELE-2004,1,0,414.53
SALE-04529,2025-11-05 20:26:33,CUST-157,Delhi North Hub,WH-North-IL,ELE-2002,1,0,127.33
SALE-04530,2026-01-02 20:15:30,CUST-148,Jaipur Regional Hub,WH-Mountain-CO,ELE-2004,2,0,402.3
SALE-04531,2025-12-10 20:22:43,CUST-144,Mumbai West Hub,WH-West-CA,FAS-3004,9,0,36.35
SALE-04532,2026-04-27 18:40:40,CUST-113,Pune Midwest Hub,WH-Midwest-OH,FAS-3004,8,0,37.31
SALE-04533,2026-07-06 17:40:59,CUST-103,Guwahati Northeast Hub,WH-Northeast-NY,HYD-1004,4,0,173.09
SALE-04534,2026-01-09 18:02:55,CUST-124,Chennai South Hub,WH-South-FL,FIL-4005,9,0,63.11
SALE-04535,2026-04-20 19:29:06,CUST-156,Chennai South Hub,WH-South-FL,FAS-3003,7,0,21.87
SALE-04536,2025-10-11 18:04:42,CUST-143,Indore Central-West Hub,WH-Rockies-UT,FAS-3003,8,0,23.41
SALE-04537,2026-05-24 20:06:56,CUST-112,Delhi North Hub,WH-North-IL,HYD-1004,2,0,176.11
SALE-04538,2026-04-06 20:54:07,CUST-122,Delhi North Hub,WH-North-IL,FAS-3002,14,0,17.3
SALE-04539,2026-06-30 18:48:30,CUST-142,Ahmedabad Southwest Hub,WH-Southwest-AZ,ELE-2004,4,0,407.0
SALE-04540,2026-01-03 19:13:12,CUST-129,Delhi North Hub,WH-North-IL,ELE-2005,1,0,218.1
SALE-04541,2026-04-12 17:48:06,CUST-112,Guwahati Northeast Hub,WH-Northeast-NY,FAS-3003,7,0,21.32
SALE-04542,2025-11-12 17:30:54,CUST-125,Mumbai West Hub,WH-West-CA,FIL-4002,9,0,33.98
SALE-04543,2025-09-10 18:06:39,CUST-147,Indore Central-West Hub,WH-Rockies-UT,FIL-4005,3,0,66.82
SALE-04544,2026-06-19 20:49:32,CUST-112,Coimbatore South Central Hub,WH-SouthCentral-OK,FAS-3002,6,0,19.14
SALE-04545,2026-05-26 18:16:45,CUST-134,Chennai South Hub,WH-South-FL,FIL-4001,6,0,56.12
SALE-04546,2025-10-24 18:21:16,CUST-129,Chennai South Hub,WH-South-FL,FIL-4004,6,0,50.78
SALE-04547,2026-04-14 19:36:49,CUST-141,Jaipur Regional Hub,WH-Mountain-CO,FAS-3004,5,0,32.99
SALE-04548,2025-12-04 20:30:53,CUST-137,Delhi North Hub,WH-North-IL,HYD-1003,2,0,91.55
SALE-04549,2026-05-28 20:06:10,CUST-125,Indore Central-West Hub,WH-Rockies-UT,FAS-3004,10,0,35.01
SALE-04550,2026-04-12 20:30:12,CUST-159,Mumbai West Hub,WH-West-CA,ELE-2004,3,0,369.52
SALE-04551,2026-05-18 19:34:48,CUST-147,Lucknow Mid-India Hub,WH-MidAtlantic-VA,FIL-4003,10,0,44.16
SALE-04552,2025-11-12 20:04:03,CUST-112,Jaipur Regional Hub,WH-Mountain-CO,FAS-3002,9,0,17.21
SALE-04553,2026-04-14 18:13:04,CUST-140,Coimbatore South Central Hub,WH-SouthCentral-OK,FIL-4001,3,0,57.15
SALE-04554,2025-10-15 18:54:05,CUST-126,Kolkata East Hub,WH-East-NC,ELE-2003,2,0,72.3
SALE-04555,2025-11-04 19:15:26,CUST-157,Guwahati Northeast Hub,WH-Northeast-NY,ELE-2001,1,0,719.62
SALE-04556,2026-03-24 20:03:57,CUST-156,Chennai South Hub,WH-South-FL,FIL-4001,14,0,56.57
SALE-04557,2025-12-16 20:51:15,CUST-101,Delhi North Hub,WH-North-IL,FIL-4005,2,0,64.26
SALE-04558,2025-11-19 20:27:31,CUST-149,Mumbai West Hub,WH-West-CA,HYD-1003,6,0,86.05
SALE-04559,2025-11-15 19:06:40,CUST-139,Delhi North Hub,WH-North-IL,FAS-3003,12,0,21.28
SALE-04560,2026-02-28 19:13:45,CUST-126,Indore Central-West Hub,WH-Rockies-UT,ELE-2005,1,0,202.67
SALE-04561,2025-11-26 19:17:37,CUST-140,Chennai South Hub,WH-South-FL,FIL-4004,4,0,46.62
SALE-04562,2026-07-24 20:47:23,CUST-136,Coimbatore South Central Hub,WH-SouthCentral-OK,FIL-4003,7,0,45.14
SALE-04563,2025-12-18 17:13:34,CUST-132,Bengaluru Technology Hub,WH-Pacific-WA,ELE-2004,6,0,372.79
SALE-04564,2026-01-18 18:26:51,CUST-140,Bengaluru Technology Hub,WH-Pacific-WA,FAS-3002,10,0,17.32
SALE-04565,2026-07-27 20:39:30,CUST-108,Indore Central-West Hub,WH-Rockies-UT,HYD-1005,3,0,142.71
SALE-04566,2026-01-02 18:58:12,CUST-148,Kolkata East Hub,WH-East-NC,ELE-2005,1,0,221.56
SALE-04567,2025-10-27 18:02:11,CUST-155,Pune Midwest Hub,WH-Midwest-OH,HYD-1004,2,0,171.65
SALE-04568,2025-09-25 19:04:23,CUST-134,Indore Central-West Hub,WH-Rockies-UT,ELE-2003,4,0,72.93
SALE-04569,2025-11-16 17:15:49,CUST-109,Bhubaneswar Southeast Hub,WH-Southeast-GA,ELE-2004,2,0,416.94
SALE-04570,2026-01-19 19:12:51,CUST-131,Pune Midwest Hub,WH-Midwest-OH,HYD-1005,3,0,141.2
SALE-04571,2026-06-26 19:28:35,CUST-156,Chennai South Hub,WH-South-FL,HYD-1005,3,0,140.03
SALE-04572,2026-05-09 20:56:34,CUST-134,Indore Central-West Hub,WH-Rockies-UT,HYD-1005,4,0,135.61
SALE-04573,2026-04-06 19:17:29,CUST-152,Bengaluru Technology Hub,WH-Pacific-WA,FIL-4002,6,1,31.98
SALE-04574,2026-02-07 19:03:06,CUST-134,Hyderabad Central Hub,WH-Central-TX,FIL-4002,4,3,34.47
SALE-04575,2026-07-05 18:48:10,CUST-103,Bhubaneswar Southeast Hub,WH-Southeast-GA,FIL-4003,9,0,40.22
SALE-04576,2026-06-18 17:15:01,CUST-149,Ahmedabad Southwest Hub,WH-Southwest-AZ,HYD-1003,2,0,80.35
SALE-04577,2026-06-21 20:47:08,CUST-115,Chennai South Hub,WH-South-FL,FAS-3003,9,0,23.05
SALE-04578,2026-03-09 19:03:38,CUST-101,Hyderabad Central Hub,WH-Central-TX,ELE-2004,1,1,410.78
SALE-04579,2026-05-25 20:26:53,CUST-146,Jaipur Regional Hub,WH-Mountain-CO,FAS-3002,4,0,19.39
SALE-04580,2026-06-23 18:23:10,CUST-104,Mumbai West Hub,WH-West-CA,HYD-1005,3,0,145.45
SALE-04581,2026-06-20 20:14:06,CUST-142,Mumbai West Hub,WH-West-CA,FAS-3005,9,0,30.6
SALE-04582,2026-07-02 18:41:25,CUST-123,Coimbatore South Central Hub,WH-SouthCentral-OK,FIL-4001,8,0,58.89
SALE-04583,2026-04-10 19:10:05,CUST-142,Coimbatore South Central Hub,WH-SouthCentral-OK,FIL-4002,9,0,32.91
SALE-04584,2026-02-18 19:56:14,CUST-133,Pune Midwest Hub,WH-Midwest-OH,FAS-3003,10,0,23.36
SALE-04585,2025-09-10 17:55:57,CUST-141,Indore Central-West Hub,WH-Rockies-UT,ELE-2003,1,0,75.96
SALE-04586,2026-03-02 19:40:33,CUST-107,Jaipur Regional Hub,WH-Mountain-CO,HYD-1004,3,0,164.61
SALE-04587,2026-05-10 17:44:04,CUST-123,Guwahati Northeast Hub,WH-Northeast-NY,FIL-4001,7,0,51.82
SALE-04588,2025-10-18 17:28:54,CUST-117,Nagpur Central Hub,WH-GreatLakes-MI,FAS-3004,13,0,35.76
SALE-04589,2025-12-12 17:40:37,CUST-110,Hyderabad Central Hub,WH-Central-TX,FIL-4004,7,2,49.91
SALE-04590,2025-09-18 19:33:58,CUST-146,Mumbai West Hub,WH-West-CA,FIL-4005,2,0,64.3
SALE-04591,2025-12-21 19:35:21,CUST-151,Chennai South Hub,WH-South-FL,FIL-4001,6,0,57.65
SALE-04592,2025-09-16 19:48:38,CUST-157,Kolkata East Hub,WH-East-NC,FIL-4003,4,0,44.81
SALE-04593,2026-03-21 20:09:07,CUST-104,Mumbai West Hub,WH-West-CA,FIL-4003,5,0,40.82
SALE-04594,2026-01-05 19:42:00,CUST-150,Pune Midwest Hub,WH-Midwest-OH,HYD-1003,4,0,84.56
SALE-04595,2025-10-20 20:24:35,CUST-147,Mumbai West Hub,WH-West-CA,ELE-2004,3,0,368.63
SALE-04596,2025-10-17 18:22:32,CUST-103,Bengaluru Technology Hub,WH-Pacific-WA,ELE-2003,3,0,80.86
SALE-04597,2025-12-17 20:09:06,CUST-133,Coimbatore South Central Hub,WH-SouthCentral-OK,FAS-3005,8,0,31.62
SALE-04598,2025-10-15 17:06:47,CUST-153,Mumbai West Hub,WH-West-CA,FAS-3003,14,0,23.53
SALE-04599,2025-09-30 18:18:30,CUST-150,Pune Midwest Hub,WH-Midwest-OH,HYD-1003,3,0,84.87
SALE-04600,2025-10-04 20:35:14,CUST-107,Indore Central-West Hub,WH-Rockies-UT,FIL-4005,4,2,62.17
SALE-04601,2025-11-16 17:16:31,CUST-156,Nagpur Central Hub,WH-GreatLakes-MI,FAS-3004,8,7,33.6
SALE-04602,2026-06-08 19:27:04,CUST-154,Bhubaneswar Southeast Hub,WH-Southeast-GA,ELE-2005,4,0,213.15
SALE-04603,2026-05-05 18:12:18,CUST-159,Indore Central-West Hub,WH-Rockies-UT,FAS-3003,10,0,21.72
SALE-04604,2026-01-09 19:04:27,CUST-147,Mumbai West Hub,WH-West-CA,FIL-4005,6,0,60.14
SALE-04605,2025-12-22 18:52:36,CUST-117,Guwahati Northeast Hub,WH-Northeast-NY,FIL-4003,8,0,42.13
SALE-04606,2025-12-29 17:55:34,CUST-116,Nagpur Central Hub,WH-GreatLakes-MI,ELE-2004,1,0,370.87
SALE-04607,2026-02-05 20:16:58,CUST-159,Hyderabad Central Hub,WH-Central-TX,FAS-3005,10,0,28.68
SALE-04608,2026-06-12 17:02:26,CUST-141,Ahmedabad Southwest Hub,WH-Southwest-AZ,FIL-4004,6,0,47.05
SALE-04609,2025-10-05 17:41:10,CUST-111,Coimbatore South Central Hub,WH-SouthCentral-OK,FAS-3004,10,0,36.72
SALE-04610,2026-07-12 18:52:52,CUST-128,Delhi North Hub,WH-North-IL,FAS-3005,9,0,31.2
SALE-04611,2025-11-23 20:41:33,CUST-152,Chennai South Hub,WH-South-FL,FIL-4005,6,0,65.29
SALE-04612,2026-05-22 18:05:25,CUST-116,Lucknow Mid-India Hub,WH-MidAtlantic-VA,FAS-3004,9,0,34.76
SALE-04613,2025-09-05 18:56:56,CUST-124,Mumbai West Hub,WH-West-CA,ELE-2002,3,0,133.69
SALE-04614,2025-09-16 20:48:50,CUST-145,Nagpur Central Hub,WH-GreatLakes-MI,FIL-4003,5,0,45.03
SALE-04615,2025-12-01 19:45:10,CUST-136,Coimbatore South Central Hub,WH-SouthCentral-OK,FAS-3003,6,0,22.31
SALE-04616,2025-10-25 19:24:12,CUST-156,Hyderabad Central Hub,WH-Central-TX,ELE-2001,5,0,721.59
SALE-04617,2026-03-21 20:02:37,CUST-111,Nagpur Central Hub,WH-GreatLakes-MI,FAS-3002,7,0,19.13
SALE-04618,2025-09-08 17:13:49,CUST-102,Kolkata East Hub,WH-East-NC,FIL-4004,3,0,47.64
SALE-04619,2026-02-13 20:18:26,CUST-128,Indore Central-West Hub,WH-Rockies-UT,FAS-3001,7,0,26.02
SALE-04620,2025-12-01 19:40:15,CUST-112,Chennai South Hub,WH-South-FL,ELE-2001,1,0,680.53
SALE-04621,2025-12-07 18:25:37,CUST-158,Nagpur Central Hub,WH-GreatLakes-MI,FIL-4003,6,0,40.98
SALE-04622,2025-11-14 20:40:38,CUST-127,Lucknow Mid-India Hub,WH-MidAtlantic-VA,HYD-1004,11,0,180.77
SALE-04623,2026-07-26 18:05:36,CUST-119,Chennai South Hub,WH-South-FL,FAS-3001,8,0,23.78
SALE-04624,2025-11-28 20:04:15,CUST-156,Mumbai West Hub,WH-West-CA,FAS-3004,11,0,36.78
SALE-04625,2026-02-03 19:22:53,CUST-129,Nagpur Central Hub,WH-GreatLakes-MI,HYD-1005,4,0,146.26
SALE-04626,2026-03-04 19:25:22,CUST-155,Nagpur Central Hub,WH-GreatLakes-MI,FIL-4001,2,0,57.46
SALE-04627,2026-04-29 18:49:48,CUST-132,Lucknow Mid-India Hub,WH-MidAtlantic-VA,HYD-1004,8,1,173.08
SALE-04628,2025-12-29 20:56:18,CUST-105,Bengaluru Technology Hub,WH-Pacific-WA,HYD-1004,5,0,178.2
SALE-04629,2026-02-27 17:09:07,CUST-143,Delhi North Hub,WH-North-IL,ELE-2004,1,0,391.91
SALE-04630,2026-06-13 17:20:17,CUST-115,Chennai South Hub,WH-South-FL,FIL-4005,10,0,59.26
SALE-04631,2025-12-09 20:50:22,CUST-134,Bengaluru Technology Hub,WH-Pacific-WA,HYD-1002,3,0,338.1
SALE-04632,2026-06-27 20:40:28,CUST-141,Nagpur Central Hub,WH-GreatLakes-MI,FAS-3002,10,0,17.03
SALE-04633,2026-06-16 18:50:40,CUST-112,Delhi North Hub,WH-North-IL,FAS-3005,12,0,29.2
SALE-04634,2026-01-28 18:29:11,CUST-130,Bengaluru Technology Hub,WH-Pacific-WA,FIL-4001,9,0,52.78
SALE-04635,2025-12-04 20:48:36,CUST-140,Indore Central-West Hub,WH-Rockies-UT,FAS-3001,11,0,24.59
SALE-04636,2026-01-31 20:59:39,CUST-128,Kolkata East Hub,WH-East-NC,HYD-1004,2,1,172.47
SALE-04637,2026-01-04 20:37:35,CUST-127,Indore Central-West Hub,WH-Rockies-UT,FIL-4001,7,0,54.34
SALE-04638,2026-03-13 17:30:37,CUST-128,Bengaluru Technology Hub,WH-Pacific-WA,HYD-1005,3,0,145.5
SALE-04639,2026-04-02 20:47:38,CUST-120,Indore Central-West Hub,WH-Rockies-UT,ELE-2004,2,0,409.45
SALE-04640,2026-01-19 17:36:47,CUST-111,Guwahati Northeast Hub,WH-Northeast-NY,FIL-4003,2,0,40.65
SALE-04641,2026-07-08 20:45:25,CUST-119,Bengaluru Technology Hub,WH-Pacific-WA,ELE-2004,1,0,417.05
SALE-04642,2026-06-06 18:23:00,CUST-111,Chennai South Hub,WH-South-FL,ELE-2004,2,0,376.92
SALE-04643,2025-09-15 20:02:09,CUST-116,Coimbatore South Central Hub,WH-SouthCentral-OK,FAS-3004,7,0,33.51
SALE-04644,2026-06-02 20:51:31,CUST-109,Indore Central-West Hub,WH-Rockies-UT,HYD-1002,5,0,315.67
SALE-04645,2026-05-12 20:23:21,CUST-129,Lucknow Mid-India Hub,WH-MidAtlantic-VA,ELE-2004,1,1,406.56
SALE-04646,2026-06-06 20:37:21,CUST-116,Guwahati Northeast Hub,WH-Northeast-NY,ELE-2003,1,1,71.42
SALE-04647,2026-05-29 19:45:48,CUST-120,Indore Central-West Hub,WH-Rockies-UT,ELE-2001,2,0,705.89
SALE-04648,2026-07-17 18:54:13,CUST-108,Guwahati Northeast Hub,WH-Northeast-NY,ELE-2002,1,0,119.46
SALE-04649,2025-12-28 19:37:51,CUST-119,Guwahati Northeast Hub,WH-Northeast-NY,FAS-3003,12,0,21.14
SALE-04650,2025-11-13 17:56:13,CUST-130,Ahmedabad Southwest Hub,WH-Southwest-AZ,FAS-3004,6,0,35.33
SALE-04651,2026-01-21 17:45:08,CUST-148,Guwahati Northeast Hub,WH-Northeast-NY,ELE-2005,4,0,225.5
SALE-04652,2026-01-29 17:44:04,CUST-106,Chennai South Hub,WH-South-FL,ELE-2004,2,0,403.23
SALE-04653,2025-11-22 17:25:33,CUST-157,Pune Midwest Hub,WH-Midwest-OH,FIL-4002,7,0,33.14
SALE-04654,2026-04-08 17:10:21,CUST-124,Coimbatore South Central Hub,WH-SouthCentral-OK,FAS-3003,9,0,22.41
SALE-04655,2025-11-20 19:22:45,CUST-137,Chennai South Hub,WH-South-FL,FAS-3004,10,0,34.54
SALE-04656,2026-01-02 18:07:25,CUST-155,Guwahati Northeast Hub,WH-Northeast-NY,FAS-3002,6,0,18.98
SALE-04657,2026-05-28 20:00:02,CUST-116,Pune Midwest Hub,WH-Midwest-OH,FIL-4004,11,0,48.87
SALE-04658,2026-06-09 18:37:32,CUST-159,Coimbatore South Central Hub,WH-SouthCentral-OK,FIL-4001,5,0,52.09
SALE-04659,2026-02-11 19:17:49,CUST-116,Nagpur Central Hub,WH-GreatLakes-MI,HYD-1003,5,0,86.91
SALE-04660,2026-07-03 18:20:42,CUST-160,Lucknow Mid-India Hub,WH-MidAtlantic-VA,FIL-4002,4,0,30.57
SALE-04661,2026-07-02 19:17:41,CUST-152,Delhi North Hub,WH-North-IL,ELE-2002,2,0,118.53
SALE-04662,2025-09-17 19:12:45,CUST-120,Indore Central-West Hub,WH-Rockies-UT,FIL-4001,10,0,55.51
SALE-04663,2026-05-06 17:30:40,CUST-145,Bengaluru Technology Hub,WH-Pacific-WA,ELE-2001,1,0,650.45
SALE-04664,2026-02-16 19:28:17,CUST-110,Indore Central-West Hub,WH-Rockies-UT,HYD-1001,2,0,455.9
SALE-04665,2025-12-31 17:39:49,CUST-142,Indore Central-West Hub,WH-Rockies-UT,FAS-3003,10,0,23.17
SALE-04666,2025-09-14 19:55:54,CUST-157,Bengaluru Technology Hub,WH-Pacific-WA,ELE-2005,1,0,221.48
SALE-04667,2025-09-10 20:50:24,CUST-155,Hyderabad Central Hub,WH-Central-TX,FIL-4005,6,0,65.72
SALE-04668,2025-11-15 20:39:12,CUST-135,Bhubaneswar Southeast Hub,WH-Southeast-GA,FIL-4005,4,0,60.63
SALE-04669,2025-10-09 20:07:52,CUST-128,Coimbatore South Central Hub,WH-SouthCentral-OK,HYD-1003,4,0,82.75
SALE-04670,2026-04-03 20:27:28,CUST-143,Mumbai West Hub,WH-West-CA,FAS-3003,12,0,20.98
SALE-04671,2025-09-04 19:36:54,CUST-147,Coimbatore South Central Hub,WH-SouthCentral-OK,FIL-4001,4,0,54.22
SALE-04672,2026-03-30 18:59:57,CUST-144,Nagpur Central Hub,WH-GreatLakes-MI,FAS-3001,7,0,24.39
SALE-04673,2025-11-09 20:58:48,CUST-116,Nagpur Central Hub,WH-GreatLakes-MI,HYD-1005,3,0,134.93
SALE-04674,2026-02-10 18:09:55,CUST-105,Bhubaneswar Southeast Hub,WH-Southeast-GA,HYD-1005,3,0,132.81
SALE-04675,2026-01-27 19:52:56,CUST-115,Bhubaneswar Southeast Hub,WH-Southeast-GA,FIL-4003,4,0,45.2
SALE-04676,2026-06-13 20:31:30,CUST-153,Ahmedabad Southwest Hub,WH-Southwest-AZ,HYD-1004,2,0,182.01
SALE-04677,2026-01-27 20:36:21,CUST-145,Mumbai West Hub,WH-West-CA,FIL-4004,4,0,49.85
SALE-04678,2026-02-01 17:48:51,CUST-157,Indore Central-West Hub,WH-Rockies-UT,FIL-4002,5,0,33.25
SALE-04679,2026-03-10 18:07:05,CUST-119,Ahmedabad Southwest Hub,WH-Southwest-AZ,FIL-4004,12,0,50.43
SALE-04680,2025-10-30 19:05:36,CUST-158,Delhi North Hub,WH-North-IL,ELE-2002,4,2,120.9
SALE-04681,2026-03-16 20:15:45,CUST-157,Indore Central-West Hub,WH-Rockies-UT,FAS-3005,8,0,30.59
SALE-04682,2026-07-25 19:28:50,CUST-142,Hyderabad Central Hub,WH-Central-TX,ELE-2002,1,0,132.97
SALE-04683,2026-03-04 18:58:30,CUST-132,Ahmedabad Southwest Hub,WH-Southwest-AZ,FAS-3004,7,0,35.02
SALE-04684,2025-10-19 20:39:34,CUST-132,Ahmedabad Southwest Hub,WH-Southwest-AZ,FAS-3001,9,0,24.16
SALE-04685,2026-07-01 17:57:38,CUST-115,Nagpur Central Hub,WH-GreatLakes-MI,FAS-3005,9,0,29.36
SALE-04686,2025-09-30 17:14:16,CUST-149,Bhubaneswar Southeast Hub,WH-Southeast-GA,FAS-3004,15,0,34.78
SALE-04687,2026-02-15 17:48:40,CUST-104,Bengaluru Technology Hub,WH-Pacific-WA,FIL-4005,7,4,62.05
SALE-04688,2026-03-01 17:27:26,CUST-102,Bengaluru Technology Hub,WH-Pacific-WA,FAS-3004,6,0,35.14
SALE-04689,2025-12-14 19:00:19,CUST-121,Guwahati Northeast Hub,WH-Northeast-NY,ELE-2003,2,0,71.98
SALE-04690,2026-07-21 17:27:13,CUST-111,Delhi North Hub,WH-North-IL,FIL-4003,5,0,43.37
SALE-04691,2026-03-02 18:15:09,CUST-148,Guwahati Northeast Hub,WH-Northeast-NY,FAS-3001,9,0,26.46
SALE-04692,2025-10-12 18:27:19,CUST-118,Bengaluru Technology Hub,WH-Pacific-WA,ELE-2005,4,0,221.22
SALE-04693,2026-04-16 19:05:23,CUST-143,Mumbai West Hub,WH-West-CA,ELE-2001,2,0,725.14
SALE-04694,2026-01-03 20:05:07,CUST-153,Jaipur Regional Hub,WH-Mountain-CO,FIL-4001,4,0,54.96
SALE-04695,2025-09-15 18:10:23,CUST-154,Chennai South Hub,WH-South-FL,HYD-1005,4,0,140.36
SALE-04696,2026-06-03 18:22:51,CUST-114,Coimbatore South Central Hub,WH-SouthCentral-OK,HYD-1003,3,0,83.46
SALE-04697,2026-06-20 18:26:36,CUST-110,Guwahati Northeast Hub,WH-Northeast-NY,FAS-3005,6,0,32.22
SALE-04698,2025-12-18 18:18:29,CUST-123,Mumbai West Hub,WH-West-CA,HYD-1003,4,0,82.11
SALE-04699,2026-07-05 18:34:53,CUST-150,Delhi North Hub,WH-North-IL,HYD-1002,3,0,330.78
SALE-04700,2026-01-26 20:07:02,CUST-109,Delhi North Hub,WH-North-IL,ELE-2003,1,0,76.52
SALE-04701,2026-04-13 18:05:25,CUST-116,Indore Central-West Hub,WH-Rockies-UT,HYD-1005,5,0,135.79
SALE-04702,2026-04-18 18:07:54,CUST-134,Chennai South Hub,WH-South-FL,ELE-2001,2,0,705.35
SALE-04703,2026-04-15 18:35:18,CUST-106,Kolkata East Hub,WH-East-NC,FIL-4005,3,0,63.25
SALE-04704,2026-02-10 20:30:34,CUST-144,Kolkata East Hub,WH-East-NC,HYD-1001,3,0,468.66
SALE-04705,2026-01-16 18:52:12,CUST-119,Ahmedabad Southwest Hub,WH-Southwest-AZ,ELE-2003,2,0,74.75
SALE-04706,2026-07-23 17:26:20,CUST-105,Nagpur Central Hub,WH-GreatLakes-MI,ELE-2001,2,0,704.02
SALE-04707,2026-05-13 19:32:14,CUST-119,Lucknow Mid-India Hub,WH-MidAtlantic-VA,FIL-4003,4,0,39.8
SALE-04708,2025-09-04 18:33:30,CUST-103,Nagpur Central Hub,WH-GreatLakes-MI,FIL-4001,5,0,58.86
SALE-04709,2025-11-01 18:27:28,CUST-105,Chennai South Hub,WH-South-FL,FAS-3001,14,0,25.29
SALE-04710,2025-11-02 17:41:12,CUST-116,Kolkata East Hub,WH-East-NC,FAS-3004,7,0,36.46
SALE-04711,2026-03-20 19:05:45,CUST-135,Indore Central-West Hub,WH-Rockies-UT,HYD-1001,3,0,446.85
SALE-04712,2026-01-10 19:28:35,CUST-150,Lucknow Mid-India Hub,WH-MidAtlantic-VA,FIL-4004,5,0,49.26
SALE-04713,2026-01-25 18:21:54,CUST-113,Hyderabad Central Hub,WH-Central-TX,ELE-2004,4,0,378.84
SALE-04714,2026-04-10 18:22:46,CUST-124,Pune Midwest Hub,WH-Midwest-OH,FIL-4001,2,0,57.73
SALE-04715,2026-01-06 19:40:54,CUST-146,Mumbai West Hub,WH-West-CA,HYD-1003,4,0,89.56
SALE-04716,2026-03-17 20:13:16,CUST-113,Hyderabad Central Hub,WH-Central-TX,FIL-4002,4,0,32.94
SALE-04717,2026-06-15 17:45:39,CUST-103,Bhubaneswar Southeast Hub,WH-Southeast-GA,HYD-1001,4,0,464.04
SALE-04718,2026-03-11 17:43:20,CUST-156,Bhubaneswar Southeast Hub,WH-Southeast-GA,HYD-1004,4,0,164.77
SALE-04719,2025-11-25 20:16:08,CUST-150,Hyderabad Central Hub,WH-Central-TX,HYD-1004,2,0,186.91
SALE-04720,2025-11-18 19:11:04,CUST-122,Bhubaneswar Southeast Hub,WH-Southeast-GA,ELE-2004,1,0,372.75
SALE-04721,2025-09-20 18:20:12,CUST-145,Lucknow Mid-India Hub,WH-MidAtlantic-VA,ELE-2002,1,0,128.97
SALE-04722,2026-02-08 18:09:00,CUST-114,Lucknow Mid-India Hub,WH-MidAtlantic-VA,ELE-2004,1,0,403.35
SALE-04723,2026-05-27 19:41:32,CUST-133,Lucknow Mid-India Hub,WH-MidAtlantic-VA,FIL-4002,7,0,30.08
SALE-04724,2026-02-12 19:11:27,CUST-107,Chennai South Hub,WH-South-FL,FAS-3004,12,0,33.47
SALE-04725,2025-10-01 19:25:15,CUST-132,Guwahati Northeast Hub,WH-Northeast-NY,HYD-1003,1,0,89.92
SALE-04726,2025-09-28 18:59:05,CUST-132,Jaipur Regional Hub,WH-Mountain-CO,HYD-1004,5,0,173.66
SALE-04727,2026-05-31 20:12:49,CUST-105,Hyderabad Central Hub,WH-Central-TX,FIL-4002,4,0,31.03
SALE-04728,2025-10-12 17:45:48,CUST-138,Coimbatore South Central Hub,WH-SouthCentral-OK,FIL-4003,6,0,43.68
SALE-04729,2025-12-18 18:48:48,CUST-114,Delhi North Hub,WH-North-IL,ELE-2001,1,0,726.14
SALE-04730,2025-11-16 17:13:24,CUST-143,Ahmedabad Southwest Hub,WH-Southwest-AZ,ELE-2004,1,0,400.76
SALE-04731,2026-02-24 19:03:08,CUST-126,Guwahati Northeast Hub,WH-Northeast-NY,FIL-4003,8,0,40.8
SALE-04732,2026-06-18 19:18:58,CUST-158,Bengaluru Technology Hub,WH-Pacific-WA,FIL-4001,4,0,54.84
SALE-04733,2026-03-30 20:41:52,CUST-151,Guwahati Northeast Hub,WH-Northeast-NY,FAS-3001,3,0,26.81
SALE-04734,2025-10-30 17:10:04,CUST-154,Guwahati Northeast Hub,WH-Northeast-NY,HYD-1005,1,0,142.43
SALE-04735,2026-07-02 17:50:06,CUST-129,Bengaluru Technology Hub,WH-Pacific-WA,HYD-1005,3,0,138.51
SALE-04736,2026-06-14 17:53:06,CUST-127,Delhi North Hub,WH-North-IL,FIL-4003,7,0,44.99
SALE-04737,2026-03-15 19:59:59,CUST-126,Ahmedabad Southwest Hub,WH-Southwest-AZ,FAS-3003,13,0,23.71
SALE-04738,2026-06-02 20:50:54,CUST-112,Coimbatore South Central Hub,WH-SouthCentral-OK,ELE-2005,6,0,225.17
SALE-04739,2026-03-19 19:18:35,CUST-132,Nagpur Central Hub,WH-GreatLakes-MI,ELE-2001,2,0,679.47
SALE-04740,2026-03-29 17:55:24,CUST-157,Bengaluru Technology Hub,WH-Pacific-WA,FIL-4004,9,3,51.25
SALE-04741,2025-12-27 19:15:26,CUST-124,Pune Midwest Hub,WH-Midwest-OH,HYD-1004,5,0,175.03
SALE-04742,2026-04-24 18:05:26,CUST-150,Lucknow Mid-India Hub,WH-MidAtlantic-VA,ELE-2003,2,0,78.62
SALE-04743,2025-11-25 19:44:13,CUST-149,Coimbatore South Central Hub,WH-SouthCentral-OK,HYD-1002,3,0,332.3
SALE-04744,2025-09-25 19:35:54,CUST-145,Kolkata East Hub,WH-East-NC,FIL-4004,5,0,50.46
SALE-04745,2025-09-14 19:57:21,CUST-122,Nagpur Central Hub,WH-GreatLakes-MI,ELE-2004,2,0,386.13
SALE-04746,2025-09-12 17:47:38,CUST-101,Bengaluru Technology Hub,WH-Pacific-WA,FIL-4005,5,0,61.2
SALE-04747,2025-09-02 19:04:59,CUST-160,Bhubaneswar Southeast Hub,WH-Southeast-GA,HYD-1002,3,0,329.52
SALE-04748,2026-07-02 18:04:07,CUST-123,Guwahati Northeast Hub,WH-Northeast-NY,ELE-2004,3,0,403.78
SALE-04749,2025-12-26 17:55:15,CUST-147,Indore Central-West Hub,WH-Rockies-UT,FAS-3004,12,0,33.82
SALE-04750,2026-03-21 19:38:07,CUST-105,Kolkata East Hub,WH-East-NC,HYD-1005,5,0,132.55
SALE-04751,2025-11-25 20:26:11,CUST-103,Kolkata East Hub,WH-East-NC,FAS-3002,5,0,18.8
SALE-04752,2026-07-16 17:43:55,CUST-139,Bhubaneswar Southeast Hub,WH-Southeast-GA,FAS-3001,6,0,24.38
SALE-04753,2026-05-22 17:54:30,CUST-153,Guwahati Northeast Hub,WH-Northeast-NY,ELE-2004,1,0,390.1
SALE-04754,2025-10-19 19:24:34,CUST-155,Bhubaneswar Southeast Hub,WH-Southeast-GA,FIL-4001,4,0,51.79
SALE-04755,2025-11-20 18:43:11,CUST-129,Ahmedabad Southwest Hub,WH-Southwest-AZ,FIL-4002,2,0,34.35
SALE-04756,2026-03-13 19:33:49,CUST-109,Pune Midwest Hub,WH-Midwest-OH,FIL-4002,9,0,32.16
SALE-04757,2026-05-11 17:51:54,CUST-155,Nagpur Central Hub,WH-GreatLakes-MI,HYD-1005,3,0,135.59
SALE-04758,2025-10-19 20:12:30,CUST-103,Bhubaneswar Southeast Hub,WH-Southeast-GA,FAS-3002,11,0,19.31
SALE-04759,2026-03-24 17:33:54,CUST-138,Chennai South Hub,WH-South-FL,FAS-3002,11,0,17.75
SALE-04760,2025-10-31 18:48:59,CUST-117,Ahmedabad Southwest Hub,WH-Southwest-AZ,FIL-4003,10,0,41.8
SALE-04761,2025-12-24 19:02:37,CUST-154,Indore Central-West Hub,WH-Rockies-UT,HYD-1003,5,0,80.95
SALE-04762,2026-01-04 17:48:16,CUST-104,Coimbatore South Central Hub,WH-SouthCentral-OK,FAS-3004,10,0,33.87
SALE-04763,2026-06-06 19:51:31,CUST-120,Kolkata East Hub,WH-East-NC,FIL-4004,5,0,51.71
SALE-04764,2026-07-14 20:35:42,CUST-117,Bengaluru Technology Hub,WH-Pacific-WA,HYD-1003,2,0,91.22
SALE-04765,2026-06-20 20:30:19,CUST-148,Coimbatore South Central Hub,WH-SouthCentral-OK,FIL-4001,6,0,55.31
SALE-04766,2026-06-27 18:27:23,CUST-151,Coimbatore South Central Hub,WH-SouthCentral-OK,FAS-3004,8,0,34.56
SALE-04767,2026-06-15 19:35:48,CUST-135,Pune Midwest Hub,WH-Midwest-OH,FAS-3004,9,0,33.27
SALE-04768,2025-12-20 18:11:39,CUST-137,Chennai South Hub,WH-South-FL,FIL-4004,4,0,48.27
SALE-04769,2025-09-04 17:13:53,CUST-103,Coimbatore South Central Hub,WH-SouthCentral-OK,ELE-2001,2,0,652.87
SALE-04770,2026-04-06 18:38:13,CUST-128,Pune Midwest Hub,WH-Midwest-OH,HYD-1001,6,0,482.52
SALE-04771,2025-09-18 19:27:20,CUST-160,Bhubaneswar Southeast Hub,WH-Southeast-GA,HYD-1002,5,0,312.94
SALE-04772,2026-02-11 17:19:40,CUST-101,Hyderabad Central Hub,WH-Central-TX,ELE-2001,2,0,689.95
SALE-04773,2026-06-15 19:18:20,CUST-116,Delhi North Hub,WH-North-IL,FIL-4002,6,0,33.72
SALE-04774,2026-07-01 19:44:50,CUST-110,Kolkata East Hub,WH-East-NC,HYD-1002,3,0,307.27
SALE-04775,2026-03-24 18:45:47,CUST-133,Ahmedabad Southwest Hub,WH-Southwest-AZ,FAS-3003,10,0,22.71
SALE-04776,2026-02-11 17:18:44,CUST-103,Mumbai West Hub,WH-West-CA,ELE-2003,3,0,74.55
SALE-04777,2025-09-11 19:20:27,CUST-123,Ahmedabad Southwest Hub,WH-Southwest-AZ,HYD-1004,1,0,179.32
SALE-04778,2026-03-05 19:15:35,CUST-127,Mumbai West Hub,WH-West-CA,ELE-2002,4,0,122.42
SALE-04779,2026-04-09 20:32:05,CUST-160,Indore Central-West Hub,WH-Rockies-UT,FAS-3005,6,0,31.08
SALE-04780,2026-04-11 18:41:27,CUST-158,Chennai South Hub,WH-South-FL,FAS-3003,9,0,21.61
SALE-04781,2026-06-21 19:34:19,CUST-136,Bhubaneswar Southeast Hub,WH-Southeast-GA,FAS-3003,8,0,21.19
SALE-04782,2026-03-06 17:35:38,CUST-127,Delhi North Hub,WH-North-IL,ELE-2001,3,0,671.05
SALE-04783,2025-09-20 19:10:00,CUST-129,Chennai South Hub,WH-South-FL,HYD-1002,3,0,317.12
SALE-04784,2026-01-21 18:39:53,CUST-155,Delhi North Hub,WH-North-IL,HYD-1003,4,0,89.91
SALE-04785,2025-12-21 19:41:40,CUST-145,Guwahati Northeast Hub,WH-Northeast-NY,FAS-3003,3,0,22.06
SALE-04786,2025-09-30 20:55:57,CUST-130,Bhubaneswar Southeast Hub,WH-Southeast-GA,ELE-2002,2,0,125.71
SALE-04787,2025-12-24 19:35:56,CUST-117,Delhi North Hub,WH-North-IL,FIL-4004,6,0,45.81
SALE-04788,2026-06-11 19:15:28,CUST-160,Bhubaneswar Southeast Hub,WH-Southeast-GA,FAS-3004,8,0,34.89
SALE-04789,2026-01-02 17:08:13,CUST-135,Guwahati Northeast Hub,WH-Northeast-NY,HYD-1002,3,0,330.69
SALE-04790,2026-03-20 20:09:52,CUST-140,Pune Midwest Hub,WH-Midwest-OH,HYD-1003,2,0,87.34
SALE-04791,2025-12-01 20:12:52,CUST-134,Bhubaneswar Southeast Hub,WH-Southeast-GA,FAS-3004,10,0,37.3
SALE-04792,2025-10-30 17:57:14,CUST-101,Delhi North Hub,WH-North-IL,ELE-2004,1,0,371.52
SALE-04793,2026-03-04 17:19:20,CUST-144,Bhubaneswar Southeast Hub,WH-Southeast-GA,FIL-4004,4,0,48.99
SALE-04794,2026-05-18 18:16:25,CUST-124,Indore Central-West Hub,WH-Rockies-UT,FIL-4005,8,0,58.9
SALE-04795,2025-09-06 18:31:39,CUST-143,Jaipur Regional Hub,WH-Mountain-CO,HYD-1005,1,0,145.15
SALE-04796,2025-12-26 20:46:29,CUST-107,Mumbai West Hub,WH-West-CA,FIL-4002,6,0,32.35
SALE-04797,2026-07-08 17:09:46,CUST-125,Lucknow Mid-India Hub,WH-MidAtlantic-VA,HYD-1004,1,0,182.36
SALE-04798,2025-11-29 20:40:20,CUST-140,Lucknow Mid-India Hub,WH-MidAtlantic-VA,HYD-1004,2,0,168.85
SALE-04799,2026-04-02 20:47:50,CUST-132,Bengaluru Technology Hub,WH-Pacific-WA,FIL-4005,3,0,66.29
SALE-04800,2025-11-11 18:25:04,CUST-128,Mumbai West Hub,WH-West-CA,HYD-1003,4,0,88.05
SALE-04801,2026-04-12 19:57:14,CUST-118,Coimbatore South Central Hub,WH-SouthCentral-OK,FAS-3002,7,0,18.16
SALE-04802,2025-12-18 20:11:00,CUST-142,Jaipur Regional Hub,WH-Mountain-CO,FAS-3002,8,0,17.31
SALE-04803,2026-05-30 19:08:07,CUST-143,Hyderabad Central Hub,WH-Central-TX,FAS-3004,13,0,36.8
SALE-04804,2026-03-10 17:12:08,CUST-140,Delhi North Hub,WH-North-IL,FAS-3001,9,0,25.33
SALE-04805,2026-06-12 17:32:05,CUST-112,Bengaluru Technology Hub,WH-Pacific-WA,FAS-3003,6,0,23.5
SALE-04806,2026-04-11 20:29:07,CUST-158,Nagpur Central Hub,WH-GreatLakes-MI,FAS-3003,13,7,23.47
SALE-04807,2026-02-15 20:52:00,CUST-102,Pune Midwest Hub,WH-Midwest-OH,FIL-4003,8,0,40.86
SALE-04808,2026-03-11 20:51:50,CUST-158,Kolkata East Hub,WH-East-NC,HYD-1003,6,0,82.52
SALE-04809,2026-05-05 19:32:12,CUST-117,Coimbatore South Central Hub,WH-SouthCentral-OK,FIL-4004,7,0,46.3
SALE-04810,2025-09-25 18:17:19,CUST-111,Lucknow Mid-India Hub,WH-MidAtlantic-VA,FAS-3003,12,0,22.26
SALE-04811,2026-01-05 20:38:29,CUST-122,Kolkata East Hub,WH-East-NC,FAS-3003,8,0,22.74
SALE-04812,2025-12-08 19:28:20,CUST-140,Bengaluru Technology Hub,WH-Pacific-WA,HYD-1004,3,0,173.11
SALE-04813,2026-03-01 18:50:57,CUST-148,Chennai South Hub,WH-South-FL,FIL-4004,7,0,47.25
SALE-04814,2026-05-19 19:23:51,CUST-160,Bengaluru Technology Hub,WH-Pacific-WA,FAS-3001,7,0,24.64
SALE-04815,2026-07-15 17:20:04,CUST-107,Jaipur Regional Hub,WH-Mountain-CO,ELE-2004,4,0,408.94
SALE-04816,2025-09-04 19:32:40,CUST-130,Lucknow Mid-India Hub,WH-MidAtlantic-VA,HYD-1003,1,0,80.96
SALE-04817,2025-09-28 20:33:10,CUST-130,Nagpur Central Hub,WH-GreatLakes-MI,FAS-3002,5,0,18.21
SALE-04818,2026-06-06 17:48:48,CUST-111,Delhi North Hub,WH-North-IL,FAS-3005,10,0,32.02
SALE-04819,2026-06-17 19:15:50,CUST-148,Pune Midwest Hub,WH-Midwest-OH,ELE-2002,2,0,130.64
SALE-04820,2026-01-03 18:25:08,CUST-128,Guwahati Northeast Hub,WH-Northeast-NY,HYD-1001,3,3,479.37
SALE-04821,2026-04-14 17:23:03,CUST-107,Indore Central-West Hub,WH-Rockies-UT,FAS-3002,8,0,18.95
SALE-04822,2026-05-13 17:39:37,CUST-132,Jaipur Regional Hub,WH-Mountain-CO,FAS-3003,11,0,21.06
SALE-04823,2026-03-27 19:05:10,CUST-124,Nagpur Central Hub,WH-GreatLakes-MI,HYD-1002,3,0,329.31
SALE-04824,2025-11-04 18:25:21,CUST-108,Delhi North Hub,WH-North-IL,FAS-3001,7,0,23.96
SALE-04825,2026-01-30 18:35:45,CUST-153,Kolkata East Hub,WH-East-NC,FAS-3001,5,0,23.61
SALE-04826,2025-09-26 19:35:24,CUST-121,Hyderabad Central Hub,WH-Central-TX,FAS-3001,8,0,23.69
SALE-04827,2025-10-28 19:25:35,CUST-158,Ahmedabad Southwest Hub,WH-Southwest-AZ,FAS-3004,12,0,35.68
SALE-04828,2026-05-15 17:54:02,CUST-123,Indore Central-West Hub,WH-Rockies-UT,ELE-2001,1,0,676.43
SALE-04829,2026-05-06 18:10:15,CUST-112,Mumbai West Hub,WH-West-CA,FIL-4003,4,0,39.99
SALE-04830,2026-03-08 18:56:44,CUST-154,Delhi North Hub,WH-North-IL,HYD-1003,3,2,85.01
SALE-04831,2026-05-25 18:18:01,CUST-117,Pune Midwest Hub,WH-Midwest-OH,ELE-2004,3,0,402.99
SALE-04832,2026-05-21 17:57:12,CUST-108,Delhi North Hub,WH-North-IL,ELE-2004,5,0,383.48
SALE-04833,2025-10-20 17:50:03,CUST-134,Coimbatore South Central Hub,WH-SouthCentral-OK,FIL-4004,6,0,49.09
SALE-04834,2026-01-28 17:58:12,CUST-138,Ahmedabad Southwest Hub,WH-Southwest-AZ,HYD-1005,2,0,141.88
SALE-04835,2025-09-02 17:25:40,CUST-133,Lucknow Mid-India Hub,WH-MidAtlantic-VA,HYD-1001,4,0,479.86
SALE-04836,2026-07-10 18:58:32,CUST-139,Bhubaneswar Southeast Hub,WH-Southeast-GA,FIL-4001,3,0,57.99
SALE-04837,2026-03-10 17:49:19,CUST-135,Chennai South Hub,WH-South-FL,HYD-1002,2,0,330.74
SALE-04838,2026-07-15 18:14:45,CUST-125,Bengaluru Technology Hub,WH-Pacific-WA,FAS-3005,16,0,30.58
SALE-04839,2025-10-16 17:44:10,CUST-124,Nagpur Central Hub,WH-GreatLakes-MI,FIL-4002,11,6,31.13
SALE-04840,2026-03-18 18:08:05,CUST-130,Lucknow Mid-India Hub,WH-MidAtlantic-VA,HYD-1001,3,0,452.91
SALE-04841,2026-05-17 19:47:11,CUST-150,Hyderabad Central Hub,WH-Central-TX,FAS-3002,6,0,18.92
SALE-04842,2026-04-23 19:48:22,CUST-136,Guwahati Northeast Hub,WH-Northeast-NY,FIL-4002,6,0,34.54
SALE-04843,2026-02-02 20:27:35,CUST-149,Ahmedabad Southwest Hub,WH-Southwest-AZ,HYD-1002,4,0,329.7
SALE-04844,2025-10-17 19:47:22,CUST-159,Lucknow Mid-India Hub,WH-MidAtlantic-VA,FIL-4004,5,0,47.86
SALE-04845,2026-03-22 18:56:11,CUST-149,Bhubaneswar Southeast Hub,WH-Southeast-GA,FIL-4002,6,0,31.42
SALE-04846,2025-12-23 20:25:31,CUST-107,Ahmedabad Southwest Hub,WH-Southwest-AZ,FIL-4003,5,0,45.34
SALE-04847,2026-06-19 20:13:13,CUST-160,Lucknow Mid-India Hub,WH-MidAtlantic-VA,HYD-1002,1,0,335.87
SALE-04848,2026-05-08 18:08:23,CUST-134,Indore Central-West Hub,WH-Rockies-UT,FAS-3003,6,0,23.63
SALE-04849,2025-11-26 19:33:41,CUST-152,Chennai South Hub,WH-South-FL,FIL-4005,8,0,61.19
SALE-04850,2025-12-20 18:38:46,CUST-155,Nagpur Central Hub,WH-GreatLakes-MI,ELE-2001,1,0,641.14
SALE-04851,2025-09-28 19:01:27,CUST-125,Hyderabad Central Hub,WH-Central-TX,FAS-3004,4,0,35.46
SALE-04852,2025-09-16 18:39:49,CUST-155,Indore Central-West Hub,WH-Rockies-UT,FIL-4005,5,0,63.69
SALE-04853,2026-01-09 20:51:06,CUST-115,Kolkata East Hub,WH-East-NC,HYD-1002,7,0,343.72
SALE-04854,2026-04-28 17:21:02,CUST-149,Pune Midwest Hub,WH-Midwest-OH,FAS-3003,8,0,23.4
SALE-04855,2026-01-14 19:17:02,CUST-126,Mumbai West Hub,WH-West-CA,HYD-1003,5,0,82.49
SALE-04856,2026-03-07 20:29:39,CUST-101,Bhubaneswar Southeast Hub,WH-Southeast-GA,HYD-1003,4,0,88.48
SALE-04857,2025-10-25 17:49:01,CUST-118,Mumbai West Hub,WH-West-CA,HYD-1001,4,0,461.02
SALE-04858,2026-03-06 17:08:12,CUST-143,Delhi North Hub,WH-North-IL,HYD-1005,3,0,136.68
SALE-04859,2025-10-02 20:20:45,CUST-149,Indore Central-West Hub,WH-Rockies-UT,HYD-1001,1,0,460.56
SALE-04860,2026-02-13 18:40:15,CUST-129,Ahmedabad Southwest Hub,WH-Southwest-AZ,FIL-4005,6,2,66.24
SALE-04861,2025-12-16 19:18:04,CUST-153,Coimbatore South Central Hub,WH-SouthCentral-OK,HYD-1002,2,0,328.39
SALE-04862,2026-02-05 17:07:29,CUST-108,Hyderabad Central Hub,WH-Central-TX,FIL-4001,6,0,58.27
SALE-04863,2025-12-13 18:31:06,CUST-154,Chennai South Hub,WH-South-FL,HYD-1005,4,0,143.15
SALE-04864,2025-09-27 20:45:30,CUST-155,Kolkata East Hub,WH-East-NC,FIL-4005,4,0,62.93
SALE-04865,2025-11-16 18:27:51,CUST-155,Bengaluru Technology Hub,WH-Pacific-WA,FAS-3001,6,0,26.2
SALE-04866,2026-01-29 17:02:33,CUST-111,Coimbatore South Central Hub,WH-SouthCentral-OK,HYD-1004,1,0,186.79
SALE-04867,2026-01-04 19:40:08,CUST-145,Mumbai West Hub,WH-West-CA,ELE-2001,2,1,734.28
SALE-04868,2025-09-22 20:07:15,CUST-134,Bhubaneswar Southeast Hub,WH-Southeast-GA,ELE-2005,5,0,209.32
SALE-04869,2026-04-11 19:49:26,CUST-143,Delhi North Hub,WH-North-IL,HYD-1005,1,0,131.77
SALE-04870,2026-05-14 20:41:02,CUST-128,Hyderabad Central Hub,WH-Central-TX,HYD-1002,1,0,325.06
SALE-04871,2026-04-26 19:21:10,CUST-158,Hyderabad Central Hub,WH-Central-TX,FIL-4001,6,0,53.73
SALE-04872,2026-05-27 19:37:28,CUST-139,Chennai South Hub,WH-South-FL,FAS-3003,8,0,22.51
SALE-04873,2026-01-30 20:48:13,CUST-149,Bhubaneswar Southeast Hub,WH-Southeast-GA,HYD-1005,5,0,134.94
SALE-04874,2026-02-10 17:53:18,CUST-136,Ahmedabad Southwest Hub,WH-Southwest-AZ,HYD-1002,2,0,345.21
SALE-04875,2026-05-21 18:51:25,CUST-138,Indore Central-West Hub,WH-Rockies-UT,FAS-3001,8,0,26.42
SALE-04876,2026-05-03 20:27:58,CUST-140,Ahmedabad Southwest Hub,WH-Southwest-AZ,FIL-4004,4,0,50.65
SALE-04877,2026-07-14 20:05:00,CUST-149,Coimbatore South Central Hub,WH-SouthCentral-OK,ELE-2002,2,0,126.8
SALE-04878,2025-10-14 20:01:34,CUST-109,Bhubaneswar Southeast Hub,WH-Southeast-GA,HYD-1005,3,0,138.87
SALE-04879,2026-07-12 20:35:55,CUST-150,Guwahati Northeast Hub,WH-Northeast-NY,FIL-4003,9,0,40.24
SALE-04880,2026-04-05 19:02:56,CUST-107,Kolkata East Hub,WH-East-NC,HYD-1001,3,0,467.72
SALE-04881,2026-04-24 17:38:25,CUST-106,Delhi North Hub,WH-North-IL,FAS-3003,10,0,20.83
SALE-04882,2026-05-30 17:37:43,CUST-112,Lucknow Mid-India Hub,WH-MidAtlantic-VA,FIL-4002,8,0,33.64
SALE-04883,2026-04-30 20:59:21,CUST-107,Kolkata East Hub,WH-East-NC,ELE-2002,3,0,125.08
SALE-04884,2026-04-09 20:25:53,CUST-117,Lucknow Mid-India Hub,WH-MidAtlantic-VA,ELE-2004,3,0,410.59
SALE-04885,2026-07-07 18:39:02,CUST-121,Chennai South Hub,WH-South-FL,HYD-1003,4,0,91.35
SALE-04886,2026-01-27 20:10:17,CUST-145,Hyderabad Central Hub,WH-Central-TX,FAS-3003,8,0,20.94
SALE-04887,2026-04-14 17:34:04,CUST-111,Guwahati Northeast Hub,WH-Northeast-NY,FIL-4003,6,3,44.54
SALE-04888,2026-03-06 18:59:02,CUST-154,Pune Midwest Hub,WH-Midwest-OH,FIL-4004,7,0,47.91
SALE-04889,2026-04-28 19:23:43,CUST-147,Chennai South Hub,WH-South-FL,FIL-4001,6,0,52.2
SALE-04890,2026-01-19 19:36:37,CUST-123,Nagpur Central Hub,WH-GreatLakes-MI,FIL-4004,5,0,47.09
SALE-04891,2026-01-14 18:54:16,CUST-154,Kolkata East Hub,WH-East-NC,FAS-3005,10,0,31.81
SALE-04892,2025-12-20 18:06:07,CUST-101,Jaipur Regional Hub,WH-Mountain-CO,HYD-1001,2,0,450.3
SALE-04893,2025-09-22 18:58:43,CUST-120,Hyderabad Central Hub,WH-Central-TX,FIL-4004,4,0,50.18
SALE-04894,2026-04-01 18:33:00,CUST-158,Chennai South Hub,WH-South-FL,FIL-4004,2,0,48.05
SALE-04895,2026-04-15 17:52:22,CUST-105,Nagpur Central Hub,WH-GreatLakes-MI,ELE-2001,4,0,656.6
SALE-04896,2026-01-13 18:31:18,CUST-125,Ahmedabad Southwest Hub,WH-Southwest-AZ,FAS-3003,6,0,20.88
SALE-04897,2025-09-22 20:37:28,CUST-115,Guwahati Northeast Hub,WH-Northeast-NY,HYD-1002,4,0,320.75
SALE-04898,2025-09-14 20:47:49,CUST-142,Chennai South Hub,WH-South-FL,HYD-1001,5,0,467.41
SALE-04899,2026-07-24 17:14:05,CUST-121,Lucknow Mid-India Hub,WH-MidAtlantic-VA,FAS-3005,5,0,31.38
SALE-04900,2026-03-23 17:11:28,CUST-143,Ahmedabad Southwest Hub,WH-Southwest-AZ,FAS-3003,11,0,21.09
SALE-04901,2026-01-06 19:24:08,CUST-127,Bhubaneswar Southeast Hub,WH-Southeast-GA,HYD-1003,6,0,88.63
SALE-04902,2026-01-22 19:21:45,CUST-133,Guwahati Northeast Hub,WH-Northeast-NY,FAS-3005,8,0,30.49
SALE-04903,2026-06-27 20:11:47,CUST-152,Delhi North Hub,WH-North-IL,HYD-1001,5,0,431.26
SALE-04904,2025-11-06 19:52:41,CUST-106,Kolkata East Hub,WH-East-NC,FAS-3002,11,0,18.71
SALE-04905,2026-07-01 18:24:57,CUST-102,Coimbatore South Central Hub,WH-SouthCentral-OK,FIL-4001,5,0,59.06
SALE-04906,2026-01-11 20:16:11,CUST-149,Kolkata East Hub,WH-East-NC,HYD-1003,2,2,89.68
SALE-04907,2026-03-06 19:16:51,CUST-153,Pune Midwest Hub,WH-Midwest-OH,HYD-1003,4,0,87.44
SALE-04908,2026-06-09 20:11:44,CUST-132,Lucknow Mid-India Hub,WH-MidAtlantic-VA,ELE-2002,2,0,120.84
SALE-04909,2025-10-04 20:16:08,CUST-142,Kolkata East Hub,WH-East-NC,ELE-2004,2,0,369.06
SALE-04910,2026-06-30 19:13:58,CUST-142,Kolkata East Hub,WH-East-NC,FAS-3001,8,0,24.55
SALE-04911,2025-12-25 17:26:05,CUST-111,Bengaluru Technology Hub,WH-Pacific-WA,HYD-1004,4,0,186.48
SALE-04912,2026-04-18 18:22:12,CUST-125,Guwahati Northeast Hub,WH-Northeast-NY,HYD-1002,4,0,333.41
SALE-04913,2026-06-10 18:49:37,CUST-152,Delhi North Hub,WH-North-IL,ELE-2001,1,0,665.77
SALE-04914,2025-12-06 20:55:00,CUST-103,Delhi North Hub,WH-North-IL,HYD-1004,1,0,176.81
SALE-04915,2025-11-05 19:50:51,CUST-146,Coimbatore South Central Hub,WH-SouthCentral-OK,HYD-1004,8,0,184.86
SALE-04916,2026-05-11 19:28:34,CUST-123,Hyderabad Central Hub,WH-Central-TX,HYD-1002,2,0,336.78
SALE-04917,2026-03-20 18:22:45,CUST-134,Kolkata East Hub,WH-East-NC,FIL-4002,3,0,32.3
SALE-04918,2026-02-19 19:02:34,CUST-141,Ahmedabad Southwest Hub,WH-Southwest-AZ,HYD-1001,1,0,485.31
SALE-04919,2026-07-19 17:21:09,CUST-116,Mumbai West Hub,WH-West-CA,FAS-3005,13,0,28.84
SALE-04920,2026-01-11 17:12:46,CUST-102,Jaipur Regional Hub,WH-Mountain-CO,ELE-2005,3,0,201.46
SALE-04921,2026-06-29 18:52:42,CUST-104,Bhubaneswar Southeast Hub,WH-Southeast-GA,ELE-2003,3,0,75.97
SALE-04922,2025-09-03 17:48:42,CUST-110,Jaipur Regional Hub,WH-Mountain-CO,FAS-3003,11,0,22.26
SALE-04923,2025-12-01 18:25:53,CUST-113,Bhubaneswar Southeast Hub,WH-Southeast-GA,FAS-3005,6,0,32.11
SALE-04924,2026-02-11 18:11:44,CUST-138,Chennai South Hub,WH-South-FL,HYD-1004,6,0,177.72
SALE-04925,2025-12-14 18:42:35,CUST-119,Coimbatore South Central Hub,WH-SouthCentral-OK,FAS-3001,5,0,23.83
SALE-04926,2025-11-11 17:50:45,CUST-156,Chennai South Hub,WH-South-FL,ELE-2001,1,0,709.18
SALE-04927,2026-07-14 20:57:50,CUST-113,Coimbatore South Central Hub,WH-SouthCentral-OK,FAS-3001,11,0,24.25
SALE-04928,2026-06-30 17:47:50,CUST-113,Jaipur Regional Hub,WH-Mountain-CO,HYD-1004,4,0,177.15
SALE-04929,2026-05-20 20:40:03,CUST-126,Ahmedabad Southwest Hub,WH-Southwest-AZ,HYD-1001,6,0,481.56
SALE-04930,2026-02-15 17:30:11,CUST-136,Bengaluru Technology Hub,WH-Pacific-WA,FAS-3002,9,0,18.62
SALE-04931,2025-09-26 20:15:27,CUST-150,Coimbatore South Central Hub,WH-SouthCentral-OK,HYD-1004,6,0,177.83
SALE-04932,2025-10-25 17:17:00,CUST-109,Bhubaneswar Southeast Hub,WH-Southeast-GA,ELE-2002,3,0,122.88
SALE-04933,2026-03-09 19:39:17,CUST-155,Indore Central-West Hub,WH-Rockies-UT,ELE-2002,2,0,124.3
SALE-04934,2026-01-12 19:51:06,CUST-115,Mumbai West Hub,WH-West-CA,HYD-1002,4,0,311.2
SALE-04935,2026-01-09 17:15:16,CUST-104,Guwahati Northeast Hub,WH-Northeast-NY,ELE-2004,1,1,414.08
SALE-04936,2026-03-18 20:37:39,CUST-120,Guwahati Northeast Hub,WH-Northeast-NY,FIL-4005,3,0,61.26
SALE-04937,2025-12-30 20:19:03,CUST-107,Jaipur Regional Hub,WH-Mountain-CO,HYD-1005,5,0,145.18
SALE-04938,2026-03-03 17:09:03,CUST-138,Mumbai West Hub,WH-West-CA,FAS-3001,7,0,26.73
SALE-04939,2026-01-31 19:36:50,CUST-103,Kolkata East Hub,WH-East-NC,ELE-2001,3,0,677.43
SALE-04940,2026-01-03 19:25:42,CUST-113,Nagpur Central Hub,WH-GreatLakes-MI,HYD-1001,4,0,465.47
SALE-04941,2025-10-11 19:43:51,CUST-104,Hyderabad Central Hub,WH-Central-TX,FAS-3002,16,0,19.03
SALE-04942,2026-05-10 20:15:30,CUST-132,Indore Central-West Hub,WH-Rockies-UT,FIL-4003,6,3,44.11
SALE-04943,2025-11-15 20:46:58,CUST-111,Pune Midwest Hub,WH-Midwest-OH,ELE-2002,1,0,124.34
SALE-04944,2026-03-08 18:03:28,CUST-107,Jaipur Regional Hub,WH-Mountain-CO,FAS-3002,6,0,17.82
SALE-04945,2025-11-17 20:57:55,CUST-147,Indore Central-West Hub,WH-Rockies-UT,FIL-4003,5,0,41.18
SALE-04946,2025-11-15 20:46:23,CUST-158,Bengaluru Technology Hub,WH-Pacific-WA,HYD-1002,1,0,341.8
SALE-04947,2025-12-26 17:27:30,CUST-156,Pune Midwest Hub,WH-Midwest-OH,FIL-4001,8,0,58.49
SALE-04948,2026-05-22 18:50:05,CUST-153,Guwahati Northeast Hub,WH-Northeast-NY,FAS-3004,6,0,35.06
SALE-04949,2026-04-22 19:39:52,CUST-133,Nagpur Central Hub,WH-GreatLakes-MI,FAS-3004,6,0,33.23
SALE-04950,2026-04-18 19:38:35,CUST-129,Lucknow Mid-India Hub,WH-MidAtlantic-VA,FAS-3002,9,0,17.67
SALE-04951,2025-11-15 17:39:53,CUST-131,Ahmedabad Southwest Hub,WH-Southwest-AZ,FAS-3004,9,0,33.3
SALE-04952,2026-05-07 19:22:33,CUST-151,Kolkata East Hub,WH-East-NC,FIL-4004,7,0,46.13
SALE-04953,2025-09-02 20:53:52,CUST-111,Lucknow Mid-India Hub,WH-MidAtlantic-VA,ELE-2003,1,0,76.61
SALE-04954,2025-09-30 18:59:01,CUST-125,Lucknow Mid-India Hub,WH-MidAtlantic-VA,ELE-2001,1,0,676.16
SALE-04955,2026-07-02 17:39:13,CUST-135,Ahmedabad Southwest Hub,WH-Southwest-AZ,FAS-3004,15,0,35.98
SALE-04956,2025-10-28 19:25:07,CUST-158,Chennai South Hub,WH-South-FL,HYD-1005,5,2,135.57
SALE-04957,2026-07-02 20:25:29,CUST-153,Jaipur Regional Hub,WH-Mountain-CO,FAS-3005,10,0,30.73
SALE-04958,2025-11-07 19:33:21,CUST-126,Indore Central-West Hub,WH-Rockies-UT,FAS-3002,10,0,18.45
SALE-04959,2026-04-25 18:12:37,CUST-142,Guwahati Northeast Hub,WH-Northeast-NY,FAS-3003,7,0,22.36
SALE-04960,2026-03-18 17:03:58,CUST-159,Pune Midwest Hub,WH-Midwest-OH,FAS-3002,10,0,19.35
SALE-04961,2026-05-02 19:09:32,CUST-133,Ahmedabad Southwest Hub,WH-Southwest-AZ,ELE-2004,2,0,392.06
SALE-04962,2026-06-11 18:44:58,CUST-160,Mumbai West Hub,WH-West-CA,HYD-1001,4,4,455.61
SALE-04963,2026-04-05 18:29:07,CUST-139,Chennai South Hub,WH-South-FL,HYD-1005,4,0,146.84
SALE-04964,2025-09-11 20:27:13,CUST-107,Hyderabad Central Hub,WH-Central-TX,FAS-3003,9,0,22.22
SALE-04965,2026-07-21 20:55:33,CUST-105,Ahmedabad Southwest Hub,WH-Southwest-AZ,FAS-3004,7,0,35.57
SALE-04966,2025-09-13 19:54:27,CUST-123,Kolkata East Hub,WH-East-NC,FAS-3004,13,0,37.67
SALE-04967,2026-03-30 19:14:57,CUST-145,Bengaluru Technology Hub,WH-Pacific-WA,FIL-4002,3,0,34.24
SALE-04968,2025-09-20 17:21:28,CUST-149,Kolkata East Hub,WH-East-NC,FIL-4005,11,0,62.59
SALE-04969,2026-03-09 20:00:01,CUST-105,Nagpur Central Hub,WH-GreatLakes-MI,HYD-1005,5,0,143.88
SALE-04970,2025-11-02 19:10:07,CUST-127,Lucknow Mid-India Hub,WH-MidAtlantic-VA,ELE-2002,1,0,132.54
SALE-04971,2025-11-11 18:27:00,CUST-160,Nagpur Central Hub,WH-GreatLakes-MI,FIL-4003,4,0,41.19
SALE-04972,2026-04-14 19:24:02,CUST-151,Bhubaneswar Southeast Hub,WH-Southeast-GA,FAS-3004,4,0,35.77
SALE-04973,2026-05-25 19:29:11,CUST-155,Guwahati Northeast Hub,WH-Northeast-NY,FAS-3003,5,0,20.93
SALE-04974,2026-07-11 20:05:39,CUST-135,Lucknow Mid-India Hub,WH-MidAtlantic-VA,FAS-3004,9,0,37.48
SALE-04975,2026-05-09 18:48:14,CUST-135,Guwahati Northeast Hub,WH-Northeast-NY,HYD-1003,2,0,87.07
SALE-04976,2026-03-13 20:38:00,CUST-131,Pune Midwest Hub,WH-Midwest-OH,FIL-4003,5,0,40.68
SALE-04977,2026-05-26 20:34:01,CUST-137,Bhubaneswar Southeast Hub,WH-Southeast-GA,FIL-4003,5,0,41.95
SALE-04978,2026-05-18 19:38:12,CUST-127,Mumbai West Hub,WH-West-CA,FIL-4005,5,0,58.51
SALE-04979,2026-03-01 19:46:32,CUST-105,Hyderabad Central Hub,WH-Central-TX,FAS-3004,8,0,36.29
SALE-04980,2026-02-15 18:52:53,CUST-142,Bengaluru Technology Hub,WH-Pacific-WA,HYD-1003,3,0,86.54
SALE-04981,2026-04-04 17:08:52,CUST-138,Lucknow Mid-India Hub,WH-MidAtlantic-VA,FIL-4003,8,0,41.43
SALE-04982,2026-06-09 17:06:35,CUST-138,Coimbatore South Central Hub,WH-SouthCentral-OK,HYD-1002,3,0,322.53
SALE-04983,2026-06-26 20:09:22,CUST-151,Pune Midwest Hub,WH-Midwest-OH,ELE-2003,3,0,78.01
SALE-04984,2026-03-08 17:30:15,CUST-155,Kolkata East Hub,WH-East-NC,HYD-1004,5,0,187.57
SALE-04985,2026-05-03 19:02:45,CUST-159,Bengaluru Technology Hub,WH-Pacific-WA,FIL-4004,5,0,46.99
SALE-04986,2026-02-13 17:00:14,CUST-140,Coimbatore South Central Hub,WH-SouthCentral-OK,FIL-4002,4,0,30.43
SALE-04987,2025-12-17 18:14:51,CUST-148,Ahmedabad Southwest Hub,WH-Southwest-AZ,HYD-1004,4,0,174.93
SALE-04988,2026-06-28 20:44:15,CUST-126,Bhubaneswar Southeast Hub,WH-Southeast-GA,FIL-4001,6,0,52.76
SALE-04989,2026-04-24 18:55:04,CUST-160,Lucknow Mid-India Hub,WH-MidAtlantic-VA,ELE-2003,2,0,80.97
SALE-04990,2026-07-25 19:15:53,CUST-132,Lucknow Mid-India Hub,WH-MidAtlantic-VA,ELE-2001,6,5,732.92
SALE-04991,2026-02-09 18:14:38,CUST-136,Jaipur Regional Hub,WH-Mountain-CO,FAS-3001,7,0,23.57
SALE-04992,2026-06-12 20:38:50,CUST-101,Chennai South Hub,WH-South-FL,ELE-2004,3,0,402.9
SALE-04993,2025-10-21 17:09:25,CUST-111,Bengaluru Technology Hub,WH-Pacific-WA,HYD-1003,5,0,84.17
SALE-04994,2025-10-17 18:42:25,CUST-145,Mumbai West Hub,WH-West-CA,ELE-2003,3,0,74.99
SALE-04995,2025-09-29 20:46:03,CUST-115,Indore Central-West Hub,WH-Rockies-UT,HYD-1005,2,0,144.9
SALE-04996,2025-09-29 17:59:32,CUST-123,Pune Midwest Hub,WH-Midwest-OH,HYD-1001,4,0,438.91
SALE-04997,2026-04-09 18:04:50,CUST-110,Pune Midwest Hub,WH-Midwest-OH,ELE-2002,4,0,134.16
SALE-04998,2026-06-22 18:56:45,CUST-114,Bhubaneswar Southeast Hub,WH-Southeast-GA,ELE-2004,1,0,386.21
SALE-04999,2026-04-27 19:49:07,CUST-115,Bhubaneswar Southeast Hub,WH-Southeast-GA,ELE-2002,2,0,117.65
SALE-05000,2026-06-27 17:39:13,CUST-129,Delhi North Hub,WH-North-IL,FAS-3001,6,0,26.51
SALE-05001,2026-02-27 20:27:51,CUST-140,Chennai South Hub,WH-South-FL,ELE-2003,2,0,77.31
SALE-05002,2026-02-28 18:28:55,CUST-147,Delhi North Hub,WH-North-IL,FAS-3002,7,0,17.32
SALE-05003,2026-01-26 20:40:07,CUST-103,Guwahati Northeast Hub,WH-Northeast-NY,FIL-4002,3,0,30.47
SALE-05004,2026-03-22 17:50:13,CUST-102,Kolkata East Hub,WH-East-NC,HYD-1002,3,0,319.85
SALE-05005,2026-06-14 17:09:33,CUST-157,Jaipur Regional Hub,WH-Mountain-CO,FIL-4001,11,0,55.22
SALE-05006,2025-12-26 19:32:39,CUST-106,Pune Midwest Hub,WH-Midwest-OH,FAS-3004,11,0,34.42
SALE-05007,2026-03-29 19:27:38,CUST-114,Delhi North Hub,WH-North-IL,FIL-4002,7,0,31.87
SALE-05008,2026-05-04 19:16:23,CUST-149,Guwahati Northeast Hub,WH-Northeast-NY,FIL-4005,8,0,61.65
SALE-05009,2026-01-03 17:13:01,CUST-113,Jaipur Regional Hub,WH-Mountain-CO,FAS-3004,9,0,36.46
SALE-05010,2025-10-17 20:57:44,CUST-125,Kolkata East Hub,WH-East-NC,ELE-2001,2,0,678.99
SALE-05011,2026-03-06 20:37:59,CUST-121,Hyderabad Central Hub,WH-Central-TX,FAS-3003,6,4,21.38
SALE-05012,2025-10-17 20:41:14,CUST-142,Mumbai West Hub,WH-West-CA,HYD-1004,2,1,188.86
SALE-05013,2026-05-21 19:52:18,CUST-139,Coimbatore South Central Hub,WH-SouthCentral-OK,FAS-3003,4,0,20.98
SALE-05014,2026-05-21 20:13:02,CUST-112,Guwahati Northeast Hub,WH-Northeast-NY,ELE-2002,1,0,122.03
SALE-05015,2026-04-05 20:40:16,CUST-138,Hyderabad Central Hub,WH-Central-TX,HYD-1005,1,0,145.89
SALE-05016,2026-01-23 18:59:58,CUST-149,Pune Midwest Hub,WH-Midwest-OH,FIL-4003,5,0,44.74
SALE-05017,2025-11-18 19:38:07,CUST-125,Chennai South Hub,WH-South-FL,ELE-2004,2,0,384.24
SALE-05018,2025-10-31 18:13:35,CUST-119,Mumbai West Hub,WH-West-CA,FAS-3004,10,0,34.81
SALE-05019,2025-09-22 19:49:15,CUST-105,Nagpur Central Hub,WH-GreatLakes-MI,FAS-3002,7,0,17.93
SALE-05020,2026-06-19 17:17:50,CUST-153,Hyderabad Central Hub,WH-Central-TX,FIL-4001,5,0,57.22
SALE-05021,2026-04-15 20:44:56,CUST-125,Ahmedabad Southwest Hub,WH-Southwest-AZ,HYD-1004,4,0,179.05
SALE-05022,2026-05-29 20:23:09,CUST-109,Guwahati Northeast Hub,WH-Northeast-NY,ELE-2002,4,3,134.01
SALE-05023,2026-04-03 17:38:17,CUST-135,Nagpur Central Hub,WH-GreatLakes-MI,ELE-2004,1,0,382.38
SALE-05024,2025-09-26 20:51:32,CUST-124,Mumbai West Hub,WH-West-CA,HYD-1004,6,0,169.2
SALE-05025,2025-12-03 17:28:31,CUST-153,Hyderabad Central Hub,WH-Central-TX,HYD-1003,4,0,85.58
SALE-05026,2026-01-25 17:39:53,CUST-157,Coimbatore South Central Hub,WH-SouthCentral-OK,ELE-2005,3,0,225.48
SALE-05027,2025-11-20 19:36:42,CUST-140,Mumbai West Hub,WH-West-CA,HYD-1004,8,0,171.13
SALE-05028,2025-11-30 19:34:42,CUST-107,Mumbai West Hub,WH-West-CA,ELE-2004,4,0,376.54
SALE-05029,2026-05-15 17:51:40,CUST-135,Nagpur Central Hub,WH-GreatLakes-MI,FIL-4004,6,0,45.21
SALE-05030,2025-10-10 18:49:39,CUST-105,Jaipur Regional Hub,WH-Mountain-CO,FIL-4003,7,0,44.88
SALE-05031,2026-02-16 18:27:02,CUST-117,Bhubaneswar Southeast Hub,WH-Southeast-GA,HYD-1001,3,0,429.03
SALE-05032,2026-07-06 17:11:02,CUST-155,Jaipur Regional Hub,WH-Mountain-CO,ELE-2003,2,0,77.24
SALE-05033,2026-05-10 18:37:26,CUST-111,Pune Midwest Hub,WH-Midwest-OH,HYD-1001,3,0,470.55
SALE-05034,2025-09-27 17:30:00,CUST-113,Mumbai West Hub,WH-West-CA,FIL-4005,8,0,61.06
SALE-05035,2025-09-11 20:52:55,CUST-151,Hyderabad Central Hub,WH-Central-TX,ELE-2003,3,0,73.99
SALE-05036,2026-06-22 20:34:19,CUST-131,Delhi North Hub,WH-North-IL,FIL-4005,6,0,58.45
SALE-05037,2026-04-14 17:28:43,CUST-135,Mumbai West Hub,WH-West-CA,ELE-2001,5,0,671.51
SALE-05038,2025-10-04 17:00:47,CUST-113,Chennai South Hub,WH-South-FL,FIL-4005,6,0,59.44
SALE-05039,2025-10-24 18:07:10,CUST-125,Bengaluru Technology Hub,WH-Pacific-WA,HYD-1003,4,0,85.21
SALE-05040,2026-04-30 19:38:04,CUST-112,Lucknow Mid-India Hub,WH-MidAtlantic-VA,HYD-1004,2,0,185.71
SALE-05041,2026-04-14 19:49:10,CUST-149,Bengaluru Technology Hub,WH-Pacific-WA,FIL-4001,5,0,56.73
SALE-05042,2025-09-09 19:19:58,CUST-122,Delhi North Hub,WH-North-IL,ELE-2004,3,0,389.41
SALE-05043,2025-09-10 19:24:42,CUST-113,Chennai South Hub,WH-South-FL,HYD-1001,4,0,448.79
SALE-05044,2025-09-27 19:27:29,CUST-147,Ahmedabad Southwest Hub,WH-Southwest-AZ,FIL-4005,5,0,58.54
SALE-05045,2026-05-27 20:20:08,CUST-146,Kolkata East Hub,WH-East-NC,ELE-2001,2,0,686.64
SALE-05046,2025-10-22 20:43:15,CUST-150,Nagpur Central Hub,WH-GreatLakes-MI,FIL-4005,4,0,59.17
SALE-05047,2026-03-09 19:13:58,CUST-128,Delhi North Hub,WH-North-IL,FAS-3002,8,0,18.95
SALE-05048,2026-01-12 18:23:07,CUST-131,Guwahati Northeast Hub,WH-Northeast-NY,HYD-1001,4,0,463.88
SALE-05049,2025-12-04 19:39:23,CUST-141,Bengaluru Technology Hub,WH-Pacific-WA,FAS-3004,14,0,37.25
SALE-05050,2025-09-27 18:18:35,CUST-132,Coimbatore South Central Hub,WH-SouthCentral-OK,FAS-3002,2,0,17.35
SALE-05051,2026-05-31 17:39:50,CUST-116,Lucknow Mid-India Hub,WH-MidAtlantic-VA,FAS-3004,9,0,33.19
SALE-05052,2026-03-09 19:37:03,CUST-148,Coimbatore South Central Hub,WH-SouthCentral-OK,FAS-3002,4,0,19.39
SALE-05053,2026-02-16 18:32:03,CUST-141,Bengaluru Technology Hub,WH-Pacific-WA,FAS-3003,6,0,20.92
SALE-05054,2025-09-19 18:12:36,CUST-129,Delhi North Hub,WH-North-IL,ELE-2002,3,0,133.02
SALE-05055,2025-11-09 20:19:01,CUST-144,Ahmedabad Southwest Hub,WH-Southwest-AZ,HYD-1004,3,0,170.6
SALE-05056,2025-10-13 19:45:42,CUST-149,Lucknow Mid-India Hub,WH-MidAtlantic-VA,HYD-1005,3,0,141.76
SALE-05057,2025-12-08 18:56:29,CUST-159,Indore Central-West Hub,WH-Rockies-UT,HYD-1005,4,0,141.56
SALE-05058,2026-02-22 19:48:40,CUST-137,Lucknow Mid-India Hub,WH-MidAtlantic-VA,FIL-4002,4,0,32.44
SALE-05059,2026-02-19 20:52:39,CUST-124,Ahmedabad Southwest Hub,WH-Southwest-AZ,HYD-1004,6,0,183.52
SALE-05060,2025-09-24 19:23:57,CUST-138,Coimbatore South Central Hub,WH-SouthCentral-OK,FIL-4001,3,0,52.3
SALE-05061,2026-06-10 20:37:03,CUST-125,Delhi North Hub,WH-North-IL,ELE-2001,3,0,718.66
SALE-05062,2025-12-07 20:03:06,CUST-104,Mumbai West Hub,WH-West-CA,HYD-1004,5,0,187.99
SALE-05063,2025-09-27 17:01:39,CUST-160,Bengaluru Technology Hub,WH-Pacific-WA,HYD-1002,2,2,334.04
SALE-05064,2025-10-22 18:44:56,CUST-155,Guwahati Northeast Hub,WH-Northeast-NY,ELE-2005,1,0,200.48
SALE-05065,2026-02-22 20:46:39,CUST-122,Jaipur Regional Hub,WH-Mountain-CO,FIL-4002,9,0,30.73
SALE-05066,2025-09-01 20:31:04,CUST-130,Jaipur Regional Hub,WH-Mountain-CO,FAS-3001,6,0,25.05
SALE-05067,2025-10-13 17:44:59,CUST-143,Chennai South Hub,WH-South-FL,FAS-3004,7,0,37.78
SALE-05068,2026-03-09 18:50:10,CUST-102,Indore Central-West Hub,WH-Rockies-UT,HYD-1004,4,0,178.14
SALE-05069,2025-10-17 18:43:21,CUST-134,Nagpur Central Hub,WH-GreatLakes-MI,ELE-2004,1,0,379.12
SALE-05070,2025-10-19 18:13:22,CUST-131,Guwahati Northeast Hub,WH-Northeast-NY,HYD-1005,6,0,135.69
SALE-05071,2026-01-23 17:57:50,CUST-128,Delhi North Hub,WH-North-IL,FIL-4005,6,0,62.8
SALE-05072,2026-04-20 18:25:12,CUST-132,Nagpur Central Hub,WH-GreatLakes-MI,FIL-4002,5,0,33.07
SALE-05073,2026-05-25 19:09:38,CUST-117,Ahmedabad Southwest Hub,WH-Southwest-AZ,HYD-1004,7,0,174.9
SALE-05074,2026-03-27 20:50:14,CUST-115,Kolkata East Hub,WH-East-NC,FAS-3001,5,0,25.98
SALE-05075,2026-07-08 18:06:36,CUST-112,Pune Midwest Hub,WH-Midwest-OH,HYD-1005,1,0,131.73
SALE-05076,2026-06-12 19:54:35,CUST-140,Mumbai West Hub,WH-West-CA,FAS-3003,10,0,22.91
SALE-05077,2025-10-04 19:11:26,CUST-116,Nagpur Central Hub,WH-GreatLakes-MI,HYD-1004,5,0,182.92
SALE-05078,2025-09-03 19:57:19,CUST-134,Indore Central-West Hub,WH-Rockies-UT,FIL-4004,5,0,46.15
SALE-05079,2025-09-09 17:17:39,CUST-141,Nagpur Central Hub,WH-GreatLakes-MI,FIL-4005,8,0,60.84
SALE-05080,2025-11-06 18:52:11,CUST-130,Delhi North Hub,WH-North-IL,ELE-2004,4,0,397.34
SALE-05081,2025-11-18 18:26:15,CUST-123,Mumbai West Hub,WH-West-CA,FAS-3005,15,0,31.23
SALE-05082,2026-06-10 19:51:15,CUST-130,Hyderabad Central Hub,WH-Central-TX,FAS-3004,9,0,35.96
SALE-05083,2025-09-17 20:15:30,CUST-140,Hyderabad Central Hub,WH-Central-TX,FIL-4004,6,0,49.63
SALE-05084,2025-09-08 19:08:27,CUST-149,Delhi North Hub,WH-North-IL,ELE-2002,5,0,119.16
SALE-05085,2026-03-03 20:24:17,CUST-123,Guwahati Northeast Hub,WH-Northeast-NY,FAS-3002,10,0,17.08
SALE-05086,2026-07-13 17:59:07,CUST-103,Ahmedabad Southwest Hub,WH-Southwest-AZ,FAS-3001,14,0,26.85
SALE-05087,2026-02-24 19:45:10,CUST-147,Bengaluru Technology Hub,WH-Pacific-WA,FIL-4005,9,0,60.12
SALE-05088,2026-05-19 17:23:42,CUST-101,Delhi North Hub,WH-North-IL,FAS-3003,8,0,23.63
SALE-05089,2026-02-12 17:16:46,CUST-101,Delhi North Hub,WH-North-IL,FAS-3002,9,0,17.26
SALE-05090,2026-02-17 17:01:04,CUST-141,Delhi North Hub,WH-North-IL,ELE-2004,1,0,383.07
SALE-05091,2026-01-27 18:21:33,CUST-150,Delhi North Hub,WH-North-IL,ELE-2004,3,0,419.47
SALE-05092,2025-11-19 19:10:11,CUST-150,Lucknow Mid-India Hub,WH-MidAtlantic-VA,FAS-3003,11,6,22.71
SALE-05093,2025-09-29 17:15:40,CUST-158,Ahmedabad Southwest Hub,WH-Southwest-AZ,HYD-1005,4,0,148.15
SALE-05094,2026-03-07 17:05:30,CUST-119,Chennai South Hub,WH-South-FL,FAS-3005,8,0,31.92
SALE-05095,2026-05-20 19:48:44,CUST-152,Chennai South Hub,WH-South-FL,FAS-3002,11,4,17.39
SALE-05096,2026-02-09 17:01:51,CUST-107,Hyderabad Central Hub,WH-Central-TX,FAS-3005,13,0,29.47
SALE-05097,2026-04-30 18:06:39,CUST-109,Jaipur Regional Hub,WH-Mountain-CO,ELE-2002,1,0,127.24
SALE-05098,2026-05-28 17:34:46,CUST-137,Hyderabad Central Hub,WH-Central-TX,FIL-4002,10,0,33.67
SALE-05099,2025-09-06 17:51:30,CUST-128,Kolkata East Hub,WH-East-NC,ELE-2004,3,0,386.45
SALE-05100,2026-06-05 18:50:09,CUST-117,Ahmedabad Southwest Hub,WH-Southwest-AZ,ELE-2001,1,0,692.73
SALE-05101,2026-03-10 18:20:51,CUST-115,Chennai South Hub,WH-South-FL,HYD-1004,1,0,180.98
SALE-05102,2025-12-08 19:45:37,CUST-153,Kolkata East Hub,WH-East-NC,HYD-1003,3,0,89.12
SALE-05103,2026-05-11 18:42:58,CUST-107,Ahmedabad Southwest Hub,WH-Southwest-AZ,HYD-1003,5,0,85.84
SALE-05104,2026-03-26 20:28:14,CUST-111,Bhubaneswar Southeast Hub,WH-Southeast-GA,FIL-4005,4,0,61.76
SALE-05105,2026-07-07 17:52:04,CUST-112,Indore Central-West Hub,WH-Rockies-UT,FAS-3001,5,0,25.29
SALE-05106,2025-09-06 19:29:21,CUST-156,Bhubaneswar Southeast Hub,WH-Southeast-GA,FAS-3001,5,0,25.96
SALE-05107,2026-02-06 18:15:30,CUST-109,Bhubaneswar Southeast Hub,WH-Southeast-GA,HYD-1002,2,0,304.84
SALE-05108,2026-01-05 17:25:23,CUST-109,Guwahati Northeast Hub,WH-Northeast-NY,HYD-1001,1,0,460.25
SALE-05109,2026-03-18 18:11:51,CUST-140,Delhi North Hub,WH-North-IL,HYD-1001,1,0,430.05
SALE-05110,2025-10-20 18:05:39,CUST-135,Pune Midwest Hub,WH-Midwest-OH,ELE-2004,1,0,395.59
SALE-05111,2025-10-11 20:51:41,CUST-119,Mumbai West Hub,WH-West-CA,FIL-4004,9,0,47.38
SALE-05112,2025-12-31 19:18:35,CUST-128,Nagpur Central Hub,WH-GreatLakes-MI,FIL-4004,6,0,51.63
SALE-05113,2026-05-21 17:08:54,CUST-159,Bhubaneswar Southeast Hub,WH-Southeast-GA,FAS-3002,12,0,17.62
SALE-05114,2026-04-15 17:43:51,CUST-115,Mumbai West Hub,WH-West-CA,ELE-2005,3,0,216.38
SALE-05115,2026-03-05 19:51:44,CUST-121,Bengaluru Technology Hub,WH-Pacific-WA,HYD-1003,4,0,90.71
SALE-05116,2026-05-08 18:35:18,CUST-113,Bhubaneswar Southeast Hub,WH-Southeast-GA,ELE-2005,2,0,202.83
SALE-05117,2025-11-21 17:19:55,CUST-115,Guwahati Northeast Hub,WH-Northeast-NY,FAS-3002,11,0,18.17
SALE-05118,2026-04-19 17:00:04,CUST-152,Hyderabad Central Hub,WH-Central-TX,HYD-1004,7,0,182.05
SALE-05119,2026-03-16 20:18:27,CUST-157,Mumbai West Hub,WH-West-CA,HYD-1002,3,0,339.35
SALE-05120,2026-03-15 19:17:52,CUST-114,Bengaluru Technology Hub,WH-Pacific-WA,HYD-1005,5,0,148.54
SALE-05121,2026-07-14 17:34:32,CUST-114,Mumbai West Hub,WH-West-CA,HYD-1003,1,0,82.9
SALE-05122,2026-06-04 18:34:35,CUST-121,Mumbai West Hub,WH-West-CA,ELE-2003,2,0,73.51
SALE-05123,2026-02-04 18:50:54,CUST-101,Kolkata East Hub,WH-East-NC,FAS-3005,6,0,31.61
SALE-05124,2026-07-11 17:00:59,CUST-146,Nagpur Central Hub,WH-GreatLakes-MI,ELE-2003,1,0,71.69
SALE-05125,2026-03-09 18:19:15,CUST-134,Hyderabad Central Hub,WH-Central-TX,FIL-4004,3,3,50.4
SALE-05126,2025-12-19 20:56:07,CUST-135,Bhubaneswar Southeast Hub,WH-Southeast-GA,FAS-3005,3,0,30.41
SALE-05127,2025-10-13 20:26:48,CUST-128,Coimbatore South Central Hub,WH-SouthCentral-OK,HYD-1002,1,0,332.75
SALE-05128,2026-01-25 19:44:53,CUST-110,Pune Midwest Hub,WH-Midwest-OH,ELE-2002,2,0,128.56
SALE-05129,2025-09-07 17:20:50,CUST-136,Indore Central-West Hub,WH-Rockies-UT,FAS-3005,5,0,29.05
SALE-05130,2026-04-15 19:54:39,CUST-113,Jaipur Regional Hub,WH-Mountain-CO,FIL-4002,10,0,31.69
SALE-05131,2025-09-19 20:04:49,CUST-107,Hyderabad Central Hub,WH-Central-TX,ELE-2005,3,0,219.05
SALE-05132,2026-01-25 18:08:14,CUST-153,Hyderabad Central Hub,WH-Central-TX,FIL-4004,9,0,48.46
SALE-05133,2026-04-25 17:06:33,CUST-117,Ahmedabad Southwest Hub,WH-Southwest-AZ,FIL-4003,7,0,43.59
SALE-05134,2026-01-29 17:16:34,CUST-118,Bhubaneswar Southeast Hub,WH-Southeast-GA,ELE-2004,1,0,379.82
SALE-05135,2025-12-06 18:51:22,CUST-146,Indore Central-West Hub,WH-Rockies-UT,ELE-2005,2,0,224.51
SALE-05136,2026-02-10 19:54:15,CUST-126,Guwahati Northeast Hub,WH-Northeast-NY,ELE-2001,2,0,666.7
SALE-05137,2026-05-26 17:44:01,CUST-157,Coimbatore South Central Hub,WH-SouthCentral-OK,FAS-3003,15,0,23.49
SALE-05138,2026-06-27 18:53:53,CUST-111,Chennai South Hub,WH-South-FL,FAS-3004,7,0,36.38
SALE-05139,2026-05-22 18:03:51,CUST-147,Guwahati Northeast Hub,WH-Northeast-NY,FAS-3003,7,0,22.85
SALE-05140,2026-06-08 18:30:09,CUST-133,Delhi North Hub,WH-North-IL,ELE-2002,3,0,125.14
SALE-05141,2026-05-31 18:05:57,CUST-109,Hyderabad Central Hub,WH-Central-TX,ELE-2004,4,0,416.09
SALE-05142,2025-10-10 18:38:43,CUST-160,Guwahati Northeast Hub,WH-Northeast-NY,HYD-1002,1,0,340.11
SALE-05143,2025-12-18 19:06:33,CUST-156,Kolkata East Hub,WH-East-NC,ELE-2002,1,0,124.82
SALE-05144,2026-04-26 20:45:59,CUST-102,Mumbai West Hub,WH-West-CA,FAS-3005,7,0,28.94
SALE-05145,2026-01-26 19:55:35,CUST-108,Nagpur Central Hub,WH-GreatLakes-MI,FAS-3002,6,0,18.35
SALE-05146,2026-05-19 20:11:34,CUST-129,Ahmedabad Southwest Hub,WH-Southwest-AZ,ELE-2004,1,0,376.34
SALE-05147,2026-06-30 19:25:14,CUST-158,Nagpur Central Hub,WH-GreatLakes-MI,FAS-3002,10,0,19.06
SALE-05148,2026-06-23 18:38:26,CUST-140,Bhubaneswar Southeast Hub,WH-Southeast-GA,HYD-1005,2,0,133.44
SALE-05149,2026-05-07 17:23:43,CUST-112,Coimbatore South Central Hub,WH-SouthCentral-OK,FIL-4002,6,0,30.97
SALE-05150,2026-05-20 19:10:09,CUST-144,Mumbai West Hub,WH-West-CA,FAS-3005,3,0,29.25
SALE-05151,2026-06-04 17:38:00,CUST-139,Pune Midwest Hub,WH-Midwest-OH,HYD-1002,3,0,345.36
SALE-05152,2025-12-28 17:12:27,CUST-109,Jaipur Regional Hub,WH-Mountain-CO,HYD-1004,2,0,181.59
SALE-05153,2025-09-09 17:51:10,CUST-121,Jaipur Regional Hub,WH-Mountain-CO,ELE-2001,5,0,690.21
SALE-05154,2026-06-16 19:55:30,CUST-125,Bhubaneswar Southeast Hub,WH-Southeast-GA,HYD-1001,3,0,460.98
SALE-05155,2026-04-19 20:52:22,CUST-159,Kolkata East Hub,WH-East-NC,ELE-2002,1,0,117.59
SALE-05156,2026-02-13 20:45:20,CUST-120,Mumbai West Hub,WH-West-CA,ELE-2001,3,0,700.74
SALE-05157,2026-04-06 19:30:54,CUST-138,Mumbai West Hub,WH-West-CA,HYD-1002,2,0,303.82
SALE-05158,2026-02-21 19:52:10,CUST-150,Bengaluru Technology Hub,WH-Pacific-WA,ELE-2002,3,1,128.35
SALE-05159,2025-10-13 19:01:02,CUST-129,Kolkata East Hub,WH-East-NC,FAS-3002,9,0,17.08
SALE-05160,2026-06-03 19:34:53,CUST-106,Jaipur Regional Hub,WH-Mountain-CO,ELE-2002,1,0,124.87
SALE-05161,2026-04-19 17:50:59,CUST-144,Coimbatore South Central Hub,WH-SouthCentral-OK,HYD-1003,3,0,86.63
SALE-05162,2025-09-06 18:29:42,CUST-141,Jaipur Regional Hub,WH-Mountain-CO,ELE-2002,2,0,130.17
SALE-05163,2025-11-12 20:18:35,CUST-111,Nagpur Central Hub,WH-GreatLakes-MI,FIL-4003,7,0,40.66
SALE-05164,2026-05-28 19:08:33,CUST-115,Lucknow Mid-India Hub,WH-MidAtlantic-VA,ELE-2005,3,0,210.09
SALE-05165,2025-12-09 19:38:32,CUST-151,Nagpur Central Hub,WH-GreatLakes-MI,FIL-4001,9,4,52.76
SALE-05166,2025-11-07 20:44:40,CUST-150,Hyderabad Central Hub,WH-Central-TX,FIL-4002,4,0,30.42
SALE-05167,2025-11-07 20:57:13,CUST-148,Coimbatore South Central Hub,WH-SouthCentral-OK,ELE-2004,4,0,387.21
SALE-05168,2026-01-17 20:09:15,CUST-117,Nagpur Central Hub,WH-GreatLakes-MI,HYD-1005,2,0,142.3
SALE-05169,2026-05-17 19:48:01,CUST-129,Delhi North Hub,WH-North-IL,FAS-3005,12,0,28.49
SALE-05170,2025-10-20 19:46:24,CUST-119,Ahmedabad Southwest Hub,WH-Southwest-AZ,FAS-3005,13,0,30.62
SALE-05171,2025-12-12 20:46:36,CUST-130,Mumbai West Hub,WH-West-CA,ELE-2001,2,0,694.72
SALE-05172,2026-06-24 19:43:53,CUST-125,Jaipur Regional Hub,WH-Mountain-CO,FIL-4003,5,0,44.13
SALE-05173,2025-12-05 20:30:33,CUST-128,Lucknow Mid-India Hub,WH-MidAtlantic-VA,HYD-1003,5,0,84.25
SALE-05174,2026-07-14 20:21:05,CUST-110,Hyderabad Central Hub,WH-Central-TX,FIL-4005,9,0,66.67
SALE-05175,2026-06-01 18:24:45,CUST-148,Indore Central-West Hub,WH-Rockies-UT,ELE-2004,1,0,379.79
SALE-05176,2026-02-24 19:04:54,CUST-125,Ahmedabad Southwest Hub,WH-Southwest-AZ,FIL-4001,5,0,53.46
SALE-05177,2026-04-09 19:59:25,CUST-116,Kolkata East Hub,WH-East-NC,FIL-4001,8,0,57.95
SALE-05178,2026-02-01 18:35:37,CUST-147,Bengaluru Technology Hub,WH-Pacific-WA,FIL-4003,1,0,42.36
SALE-05179,2026-05-25 18:01:42,CUST-134,Guwahati Northeast Hub,WH-Northeast-NY,ELE-2004,2,0,411.65
SALE-05180,2026-01-02 19:43:50,CUST-155,Hyderabad Central Hub,WH-Central-TX,HYD-1004,7,0,180.74
SALE-05181,2026-04-27 20:24:12,CUST-132,Hyderabad Central Hub,WH-Central-TX,ELE-2005,1,1,198.74
SALE-05182,2026-05-17 20:45:55,CUST-153,Bhubaneswar Southeast Hub,WH-Southeast-GA,FIL-4005,12,0,60.78
SALE-05183,2025-09-30 20:51:37,CUST-137,Delhi North Hub,WH-North-IL,ELE-2002,3,0,117.96
SALE-05184,2026-04-30 18:53:39,CUST-113,Jaipur Regional Hub,WH-Mountain-CO,FAS-3001,13,0,25.86
SALE-05185,2026-02-15 19:50:25,CUST-135,Hyderabad Central Hub,WH-Central-TX,FIL-4001,10,0,52.0
SALE-05186,2026-05-17 20:11:46,CUST-119,Pune Midwest Hub,WH-Midwest-OH,FIL-4005,6,0,64.13
SALE-05187,2026-07-23 18:25:32,CUST-103,Pune Midwest Hub,WH-Midwest-OH,HYD-1005,1,0,140.58
SALE-05188,2026-03-19 18:34:29,CUST-148,Nagpur Central Hub,WH-GreatLakes-MI,FIL-4001,8,0,53.01
SALE-05189,2026-02-23 17:06:52,CUST-110,Chennai South Hub,WH-South-FL,FIL-4005,8,0,66.69
SALE-05190,2026-04-09 17:10:32,CUST-108,Mumbai West Hub,WH-West-CA,FAS-3001,11,0,23.59
SALE-05191,2025-09-25 19:37:12,CUST-112,Delhi North Hub,WH-North-IL,ELE-2002,1,0,123.62
SALE-05192,2026-03-08 19:30:56,CUST-123,Kolkata East Hub,WH-East-NC,HYD-1002,3,0,318.64
SALE-05193,2025-11-29 17:52:31,CUST-101,Jaipur Regional Hub,WH-Mountain-CO,HYD-1004,5,0,182.27
SALE-05194,2025-10-01 19:45:46,CUST-136,Jaipur Regional Hub,WH-Mountain-CO,FIL-4002,7,0,33.43
SALE-05195,2026-07-15 20:34:47,CUST-148,Jaipur Regional Hub,WH-Mountain-CO,FIL-4004,6,0,45.43
SALE-05196,2025-12-24 18:06:27,CUST-125,Bengaluru Technology Hub,WH-Pacific-WA,FIL-4005,10,0,59.19
SALE-05197,2026-05-24 20:16:04,CUST-139,Mumbai West Hub,WH-West-CA,ELE-2005,4,0,223.61
SALE-05198,2026-03-28 18:11:52,CUST-138,Chennai South Hub,WH-South-FL,ELE-2002,1,0,133.85
SALE-05199,2026-02-19 18:30:12,CUST-132,Guwahati Northeast Hub,WH-Northeast-NY,ELE-2001,1,0,682.51
SALE-05200,2025-09-14 18:28:36,CUST-125,Coimbatore South Central Hub,WH-SouthCentral-OK,ELE-2004,2,0,390.4
SALE-05201,2025-10-04 20:10:43,CUST-119,Kolkata East Hub,WH-East-NC,HYD-1003,7,0,84.71
SALE-05202,2026-03-21 20:41:21,CUST-109,Bhubaneswar Southeast Hub,WH-Southeast-GA,FIL-4005,9,0,59.82
SALE-05203,2026-04-20 17:04:21,CUST-138,Mumbai West Hub,WH-West-CA,FAS-3003,11,0,21.47
SALE-05204,2026-02-28 18:27:16,CUST-151,Hyderabad Central Hub,WH-Central-TX,FAS-3002,9,0,17.78
SALE-05205,2026-01-09 18:06:41,CUST-109,Hyderabad Central Hub,WH-Central-TX,FIL-4003,6,0,41.95
SALE-05206,2025-12-29 18:43:58,CUST-106,Bhubaneswar Southeast Hub,WH-Southeast-GA,HYD-1005,3,1,141.62
SALE-05207,2026-01-13 19:40:13,CUST-114,Coimbatore South Central Hub,WH-SouthCentral-OK,FIL-4001,3,0,59.02
SALE-05208,2025-12-12 17:49:14,CUST-146,Hyderabad Central Hub,WH-Central-TX,HYD-1003,3,0,89.42
SALE-05209,2026-02-15 18:31:53,CUST-139,Mumbai West Hub,WH-West-CA,FAS-3004,5,0,37.5
SALE-05210,2026-06-16 19:46:30,CUST-101,Guwahati Northeast Hub,WH-Northeast-NY,FAS-3005,4,3,30.17
SALE-05211,2026-06-15 20:24:52,CUST-116,Mumbai West Hub,WH-West-CA,HYD-1003,5,0,87.41
SALE-05212,2025-09-07 19:03:04,CUST-142,Ahmedabad Southwest Hub,WH-Southwest-AZ,ELE-2003,3,0,75.8
SALE-05213,2025-11-06 19:22:28,CUST-136,Mumbai West Hub,WH-West-CA,ELE-2002,2,0,119.35
SALE-05214,2025-12-19 20:28:05,CUST-148,Indore Central-West Hub,WH-Rockies-UT,FAS-3001,5,0,25.77
SALE-05215,2026-04-16 19:25:34,CUST-128,Kolkata East Hub,WH-East-NC,HYD-1002,3,0,310.12
SALE-05216,2026-05-03 20:30:54,CUST-156,Pune Midwest Hub,WH-Midwest-OH,FAS-3002,9,0,19.36
SALE-05217,2026-03-27 17:23:48,CUST-122,Bhubaneswar Southeast Hub,WH-Southeast-GA,FIL-4004,5,0,51.83
SALE-05218,2026-04-19 20:34:16,CUST-160,Chennai South Hub,WH-South-FL,HYD-1003,6,0,90.7
SALE-05219,2026-06-05 17:57:21,CUST-153,Hyderabad Central Hub,WH-Central-TX,HYD-1004,2,0,187.97
SALE-05220,2025-12-07 18:01:17,CUST-117,Delhi North Hub,WH-North-IL,FIL-4003,8,0,40.75
SALE-05221,2025-09-30 18:51:48,CUST-110,Pune Midwest Hub,WH-Midwest-OH,FIL-4002,2,0,32.12
SALE-05222,2026-01-20 19:06:10,CUST-132,Ahmedabad Southwest Hub,WH-Southwest-AZ,FAS-3003,7,0,21.83
SALE-05223,2026-03-22 17:11:05,CUST-118,Delhi North Hub,WH-North-IL,FIL-4004,5,0,45.82
SALE-05224,2026-05-19 18:56:41,CUST-105,Guwahati Northeast Hub,WH-Northeast-NY,ELE-2001,2,0,734.26
SALE-05225,2026-04-27 19:21:01,CUST-146,Guwahati Northeast Hub,WH-Northeast-NY,ELE-2005,1,0,209.72
SALE-05226,2025-11-17 17:10:36,CUST-151,Ahmedabad Southwest Hub,WH-Southwest-AZ,FIL-4001,5,0,54.81
SALE-05227,2026-05-02 20:27:04,CUST-107,Nagpur Central Hub,WH-GreatLakes-MI,ELE-2003,1,0,80.32
SALE-05228,2026-02-23 19:06:12,CUST-140,Bengaluru Technology Hub,WH-Pacific-WA,HYD-1001,2,0,462.37
SALE-05229,2025-09-01 19:17:29,CUST-138,Guwahati Northeast Hub,WH-Northeast-NY,ELE-2002,1,0,131.68
SALE-05230,2025-11-07 17:38:26,CUST-146,Lucknow Mid-India Hub,WH-MidAtlantic-VA,HYD-1002,1,0,312.34
SALE-05231,2025-12-08 20:24:03,CUST-118,Indore Central-West Hub,WH-Rockies-UT,ELE-2003,1,0,76.94
SALE-05232,2026-04-10 19:56:44,CUST-104,Delhi North Hub,WH-North-IL,HYD-1002,4,0,305.29
SALE-05233,2026-02-16 20:15:16,CUST-108,Ahmedabad Southwest Hub,WH-Southwest-AZ,FIL-4002,4,0,33.07
SALE-05234,2026-02-17 19:59:30,CUST-135,Chennai South Hub,WH-South-FL,HYD-1005,3,0,131.62
SALE-05235,2026-01-29 18:11:43,CUST-125,Chennai South Hub,WH-South-FL,ELE-2003,2,0,75.38
SALE-05236,2025-10-27 18:59:16,CUST-123,Hyderabad Central Hub,WH-Central-TX,FIL-4005,6,0,60.93
SALE-05237,2025-10-17 17:34:15,CUST-158,Pune Midwest Hub,WH-Midwest-OH,HYD-1001,3,0,458.17
SALE-05238,2026-02-20 19:31:04,CUST-124,Chennai South Hub,WH-South-FL,HYD-1004,5,0,177.52
SALE-05239,2026-07-13 17:32:39,CUST-143,Jaipur Regional Hub,WH-Mountain-CO,FIL-4002,9,0,31.92
SALE-05240,2026-07-03 17:00:58,CUST-112,Ahmedabad Southwest Hub,WH-Southwest-AZ,ELE-2004,1,0,396.5
SALE-05241,2026-06-15 18:03:14,CUST-134,Bengaluru Technology Hub,WH-Pacific-WA,FIL-4005,11,0,63.41
SALE-05242,2025-11-19 17:42:13,CUST-158,Chennai South Hub,WH-South-FL,HYD-1004,3,0,183.72
SALE-05243,2025-09-04 20:17:21,CUST-126,Nagpur Central Hub,WH-GreatLakes-MI,FAS-3005,6,0,32.17
SALE-05244,2025-12-08 17:57:14,CUST-141,Lucknow Mid-India Hub,WH-MidAtlantic-VA,HYD-1001,5,0,470.82
SALE-05245,2025-12-26 17:11:08,CUST-142,Hyderabad Central Hub,WH-Central-TX,ELE-2005,3,1,217.87
SALE-05246,2026-01-24 17:33:51,CUST-122,Pune Midwest Hub,WH-Midwest-OH,FAS-3002,14,0,18.27
SALE-05247,2025-10-23 20:11:54,CUST-102,Hyderabad Central Hub,WH-Central-TX,FIL-4002,6,0,32.27
SALE-05248,2026-07-26 17:04:23,CUST-110,Jaipur Regional Hub,WH-Mountain-CO,FAS-3002,4,0,18.99
SALE-05249,2025-10-27 17:51:23,CUST-121,Delhi North Hub,WH-North-IL,HYD-1004,3,0,181.74
SALE-05250,2026-04-02 20:34:17,CUST-121,Lucknow Mid-India Hub,WH-MidAtlantic-VA,ELE-2001,2,0,703.42
SALE-05251,2026-04-15 20:24:00,CUST-109,Guwahati Northeast Hub,WH-Northeast-NY,FIL-4003,7,0,42.36
SALE-05252,2026-01-19 18:23:00,CUST-149,Pune Midwest Hub,WH-Midwest-OH,FIL-4005,2,0,63.47
SALE-05253,2025-09-30 20:25:11,CUST-113,Guwahati Northeast Hub,WH-Northeast-NY,FIL-4001,6,0,53.1
SALE-05254,2025-09-11 19:54:29,CUST-160,Delhi North Hub,WH-North-IL,FAS-3001,6,0,23.53
SALE-05255,2026-03-28 20:00:15,CUST-102,Nagpur Central Hub,WH-GreatLakes-MI,ELE-2003,3,0,75.86
SALE-05256,2026-02-20 17:41:16,CUST-107,Jaipur Regional Hub,WH-Mountain-CO,ELE-2001,3,0,644.44
SALE-05257,2026-06-29 19:02:45,CUST-110,Chennai South Hub,WH-South-FL,ELE-2003,3,0,75.92
SALE-05258,2025-09-02 19:55:49,CUST-156,Jaipur Regional Hub,WH-Mountain-CO,FIL-4001,7,4,53.92
SALE-05259,2025-12-12 17:44:59,CUST-112,Pune Midwest Hub,WH-Midwest-OH,FIL-4001,4,0,52.38
SALE-05260,2026-07-16 17:26:52,CUST-135,Mumbai West Hub,WH-West-CA,ELE-2004,4,0,418.67
SALE-05261,2026-02-25 20:48:33,CUST-110,Kolkata East Hub,WH-East-NC,FIL-4004,4,0,48.45
SALE-05262,2026-02-21 20:31:06,CUST-126,Indore Central-West Hub,WH-Rockies-UT,FIL-4005,8,0,59.41
SALE-05263,2026-05-09 20:41:02,CUST-151,Ahmedabad Southwest Hub,WH-Southwest-AZ,FIL-4002,9,0,31.79
SALE-05264,2026-06-25 18:30:21,CUST-116,Guwahati Northeast Hub,WH-Northeast-NY,FAS-3001,8,0,24.91
SALE-05265,2026-04-21 18:31:51,CUST-108,Coimbatore South Central Hub,WH-SouthCentral-OK,FAS-3001,10,0,24.16
SALE-05266,2025-11-15 17:21:29,CUST-154,Coimbatore South Central Hub,WH-SouthCentral-OK,FIL-4002,3,0,31.79
SALE-05267,2026-01-10 19:52:08,CUST-103,Nagpur Central Hub,WH-GreatLakes-MI,FIL-4002,8,0,33.18
SALE-05268,2025-10-19 18:28:23,CUST-107,Lucknow Mid-India Hub,WH-MidAtlantic-VA,ELE-2005,2,0,224.61
SALE-05269,2025-10-21 17:46:48,CUST-120,Delhi North Hub,WH-North-IL,HYD-1003,3,0,91.01
SALE-05270,2025-12-19 17:47:22,CUST-130,Kolkata East Hub,WH-East-NC,ELE-2003,2,0,77.63
SALE-05271,2026-05-20 19:30:41,CUST-106,Nagpur Central Hub,WH-GreatLakes-MI,FAS-3005,6,0,28.2
SALE-05272,2026-05-01 20:05:58,CUST-102,Nagpur Central Hub,WH-GreatLakes-MI,ELE-2005,2,0,208.76
SALE-05273,2026-02-12 18:25:38,CUST-117,Guwahati Northeast Hub,WH-Northeast-NY,FAS-3002,9,0,19.15
SALE-05274,2026-04-08 17:07:23,CUST-158,Chennai South Hub,WH-South-FL,FAS-3004,10,0,33.37
SALE-05275,2026-04-01 18:45:44,CUST-104,Mumbai West Hub,WH-West-CA,FAS-3001,8,0,26.61
SALE-05276,2026-06-05 19:20:04,CUST-149,Hyderabad Central Hub,WH-Central-TX,FAS-3005,9,0,30.7
SALE-05277,2025-12-16 20:42:32,CUST-118,Ahmedabad Southwest Hub,WH-Southwest-AZ,FIL-4001,5,0,58.0
SALE-05278,2026-01-24 19:26:27,CUST-150,Nagpur Central Hub,WH-GreatLakes-MI,FIL-4004,8,0,47.56
SALE-05279,2026-01-30 18:50:37,CUST-117,Indore Central-West Hub,WH-Rockies-UT,HYD-1005,4,0,144.31
SALE-05280,2025-11-09 20:13:41,CUST-105,Guwahati Northeast Hub,WH-Northeast-NY,FAS-3003,11,0,21.13
SALE-05281,2026-07-11 20:54:30,CUST-119,Indore Central-West Hub,WH-Rockies-UT,ELE-2002,3,0,118.13
SALE-05282,2026-01-26 18:59:02,CUST-108,Lucknow Mid-India Hub,WH-MidAtlantic-VA,FAS-3005,11,0,28.89
SALE-05283,2025-12-06 18:33:49,CUST-101,Guwahati Northeast Hub,WH-Northeast-NY,HYD-1005,3,0,145.07
SALE-05284,2026-02-13 18:39:38,CUST-120,Guwahati Northeast Hub,WH-Northeast-NY,HYD-1002,2,0,343.89
SALE-05285,2026-01-12 19:11:43,CUST-134,Mumbai West Hub,WH-West-CA,FAS-3002,8,0,19.35
SALE-05286,2026-03-29 19:39:37,CUST-129,Chennai South Hub,WH-South-FL,ELE-2003,1,0,76.82
SALE-05287,2025-09-03 20:29:42,CUST-118,Guwahati Northeast Hub,WH-Northeast-NY,FIL-4001,8,0,56.16
SALE-05288,2025-11-25 19:22:51,CUST-135,Ahmedabad Southwest Hub,WH-Southwest-AZ,FIL-4002,12,0,31.65
SALE-05289,2025-11-04 18:02:10,CUST-110,Hyderabad Central Hub,WH-Central-TX,FAS-3001,10,0,24.01
SALE-05290,2025-11-30 18:27:52,CUST-160,Pune Midwest Hub,WH-Midwest-OH,FIL-4005,7,0,65.34
SALE-05291,2025-10-03 18:24:48,CUST-117,Pune Midwest Hub,WH-Midwest-OH,HYD-1002,4,0,339.97
SALE-05292,2025-10-26 18:19:01,CUST-154,Kolkata East Hub,WH-East-NC,FAS-3003,7,0,22.01
SALE-05293,2026-01-10 18:54:48,CUST-151,Indore Central-West Hub,WH-Rockies-UT,FAS-3002,9,2,18.71
SALE-05294,2026-03-18 17:45:08,CUST-152,Mumbai West Hub,WH-West-CA,ELE-2001,4,0,703.87
SALE-05295,2026-02-06 17:22:00,CUST-124,Nagpur Central Hub,WH-GreatLakes-MI,HYD-1003,7,1,79.92
SALE-05296,2026-06-19 18:40:52,CUST-137,Hyderabad Central Hub,WH-Central-TX,FAS-3004,7,0,33.96
SALE-05297,2026-05-09 17:53:15,CUST-155,Delhi North Hub,WH-North-IL,FAS-3001,6,0,25.1
SALE-05298,2026-07-19 17:38:00,CUST-152,Coimbatore South Central Hub,WH-SouthCentral-OK,ELE-2005,3,0,200.24
SALE-05299,2025-11-29 20:22:41,CUST-103,Jaipur Regional Hub,WH-Mountain-CO,ELE-2004,1,0,373.37
SALE-05300,2026-06-08 18:27:39,CUST-142,Bengaluru Technology Hub,WH-Pacific-WA,HYD-1002,4,0,308.1
SALE-05301,2026-06-11 17:40:03,CUST-112,Nagpur Central Hub,WH-GreatLakes-MI,FIL-4001,6,0,55.73
SALE-05302,2025-11-25 20:07:01,CUST-136,Lucknow Mid-India Hub,WH-MidAtlantic-VA,FAS-3005,7,0,29.02
SALE-05303,2025-11-06 18:32:07,CUST-142,Mumbai West Hub,WH-West-CA,HYD-1004,3,0,179.26
SALE-05304,2026-01-26 18:15:02,CUST-159,Nagpur Central Hub,WH-GreatLakes-MI,HYD-1005,1,0,149.92
SALE-05305,2026-01-03 19:07:47,CUST-147,Ahmedabad Southwest Hub,WH-Southwest-AZ,HYD-1002,1,0,338.72
SALE-05306,2025-12-12 20:46:16,CUST-145,Guwahati Northeast Hub,WH-Northeast-NY,ELE-2005,1,0,222.18
SALE-05307,2026-07-02 20:10:27,CUST-108,Coimbatore South Central Hub,WH-SouthCentral-OK,FAS-3004,14,7,35.38
SALE-05308,2026-07-23 19:14:48,CUST-112,Coimbatore South Central Hub,WH-SouthCentral-OK,FIL-4003,5,0,43.44
SALE-05309,2026-06-16 20:21:42,CUST-117,Hyderabad Central Hub,WH-Central-TX,FAS-3002,6,0,17.8
SALE-05310,2025-10-02 20:10:15,CUST-109,Coimbatore South Central Hub,WH-SouthCentral-OK,ELE-2004,3,0,381.82
SALE-05311,2025-10-08 20:39:22,CUST-116,Lucknow Mid-India Hub,WH-MidAtlantic-VA,ELE-2001,3,0,666.35
SALE-05312,2025-09-03 20:32:58,CUST-138,Mumbai West Hub,WH-West-CA,FAS-3003,7,0,22.55
SALE-05313,2025-12-13 19:00:57,CUST-119,Jaipur Regional Hub,WH-Mountain-CO,FIL-4001,5,0,59.17
SALE-05314,2026-02-28 17:42:40,CUST-151,Indore Central-West Hub,WH-Rockies-UT,HYD-1003,3,3,88.26
SALE-05315,2026-02-23 20:44:30,CUST-142,Indore Central-West Hub,WH-Rockies-UT,FAS-3001,6,0,25.25
SALE-05316,2025-09-06 20:17:45,CUST-111,Coimbatore South Central Hub,WH-SouthCentral-OK,ELE-2004,2,0,393.6
SALE-05317,2025-10-03 20:00:19,CUST-137,Pune Midwest Hub,WH-Midwest-OH,ELE-2003,2,0,76.94
SALE-05318,2025-09-30 17:36:27,CUST-135,Jaipur Regional Hub,WH-Mountain-CO,HYD-1002,2,0,332.26
SALE-05319,2025-09-05 20:51:26,CUST-105,Nagpur Central Hub,WH-GreatLakes-MI,HYD-1002,2,0,334.71
SALE-05320,2025-09-30 19:23:24,CUST-105,Chennai South Hub,WH-South-FL,FIL-4002,5,0,33.56
SALE-05321,2026-06-03 17:16:43,CUST-118,Coimbatore South Central Hub,WH-SouthCentral-OK,HYD-1001,4,0,449.1
SALE-05322,2026-04-06 19:54:00,CUST-143,Pune Midwest Hub,WH-Midwest-OH,ELE-2004,2,0,377.65
SALE-05323,2025-10-22 17:23:10,CUST-136,Bhubaneswar Southeast Hub,WH-Southeast-GA,FIL-4005,6,0,65.75
SALE-05324,2026-07-14 18:56:00,CUST-137,Coimbatore South Central Hub,WH-SouthCentral-OK,FAS-3003,6,0,21.68
SALE-05325,2025-09-01 18:31:05,CUST-106,Chennai South Hub,WH-South-FL,ELE-2005,5,0,223.38
SALE-05326,2026-02-03 20:54:05,CUST-158,Delhi North Hub,WH-North-IL,FAS-3005,10,0,29.22
SALE-05327,2026-01-09 19:12:05,CUST-142,Bhubaneswar Southeast Hub,WH-Southeast-GA,FIL-4005,3,0,66.59
SALE-05328,2025-10-29 20:04:13,CUST-142,Pune Midwest Hub,WH-Midwest-OH,HYD-1002,2,0,333.66
SALE-05329,2025-11-30 17:52:04,CUST-151,Mumbai West Hub,WH-West-CA,FAS-3002,11,0,17.11
SALE-05330,2026-05-15 19:24:23,CUST-152,Delhi North Hub,WH-North-IL,HYD-1003,6,0,89.74
SALE-05331,2026-07-18 20:44:10,CUST-157,Jaipur Regional Hub,WH-Mountain-CO,FIL-4002,6,0,31.14
SALE-05332,2025-11-25 18:56:54,CUST-128,Bhubaneswar Southeast Hub,WH-Southeast-GA,FAS-3001,3,0,25.04
SALE-05333,2026-03-21 20:54:58,CUST-109,Jaipur Regional Hub,WH-Mountain-CO,ELE-2003,2,0,72.31
SALE-05334,2026-04-04 19:42:39,CUST-110,Chennai South Hub,WH-South-FL,FAS-3001,12,0,24.66
SALE-05335,2026-06-26 20:54:55,CUST-116,Guwahati Northeast Hub,WH-Northeast-NY,FIL-4005,5,0,66.77
SALE-05336,2025-12-20 20:18:03,CUST-136,Lucknow Mid-India Hub,WH-MidAtlantic-VA,FIL-4001,8,0,57.36
SALE-05337,2025-10-02 20:42:30,CUST-141,Indore Central-West Hub,WH-Rockies-UT,HYD-1001,3,0,457.36
SALE-05338,2026-04-13 18:56:35,CUST-146,Coimbatore South Central Hub,WH-SouthCentral-OK,FIL-4003,5,0,44.16
SALE-05339,2025-10-03 20:50:26,CUST-147,Guwahati Northeast Hub,WH-Northeast-NY,HYD-1001,3,0,427.38
SALE-05340,2026-05-11 18:23:57,CUST-128,Mumbai West Hub,WH-West-CA,ELE-2005,3,0,207.38
SALE-05341,2026-06-24 19:42:13,CUST-145,Pune Midwest Hub,WH-Midwest-OH,ELE-2005,2,0,215.02
SALE-05342,2026-06-23 19:47:27,CUST-123,Coimbatore South Central Hub,WH-SouthCentral-OK,FAS-3001,12,0,25.05
SALE-05343,2026-03-03 18:25:19,CUST-111,Nagpur Central Hub,WH-GreatLakes-MI,ELE-2001,3,2,645.19
SALE-05344,2026-04-20 20:41:43,CUST-118,Coimbatore South Central Hub,WH-SouthCentral-OK,HYD-1001,5,0,461.03
SALE-05345,2026-03-28 20:03:20,CUST-156,Guwahati Northeast Hub,WH-Northeast-NY,FIL-4004,11,0,46.42
SALE-05346,2025-11-28 20:15:02,CUST-159,Bengaluru Technology Hub,WH-Pacific-WA,FIL-4004,15,8,47.71
SALE-05347,2026-01-28 17:39:49,CUST-111,Nagpur Central Hub,WH-GreatLakes-MI,FIL-4004,7,0,50.02
SALE-05348,2025-09-23 19:39:48,CUST-152,Indore Central-West Hub,WH-Rockies-UT,ELE-2001,2,0,686.89
SALE-05349,2026-01-08 19:47:01,CUST-156,Indore Central-West Hub,WH-Rockies-UT,FAS-3002,3,0,18.48
SALE-05350,2026-03-07 19:48:30,CUST-112,Delhi North Hub,WH-North-IL,ELE-2004,3,0,398.52
SALE-05351,2026-03-15 18:41:10,CUST-136,Pune Midwest Hub,WH-Midwest-OH,FAS-3004,8,0,35.22
SALE-05352,2025-10-05 20:32:05,CUST-141,Mumbai West Hub,WH-West-CA,HYD-1005,3,0,135.64
SALE-05353,2025-11-14 17:45:43,CUST-129,Chennai South Hub,WH-South-FL,FIL-4002,8,0,31.19
SALE-05354,2026-06-11 18:40:40,CUST-107,Ahmedabad Southwest Hub,WH-Southwest-AZ,ELE-2005,5,0,208.13
SALE-05355,2025-10-22 18:43:59,CUST-109,Lucknow Mid-India Hub,WH-MidAtlantic-VA,ELE-2003,2,0,73.19
SALE-05356,2025-12-16 19:09:27,CUST-106,Jaipur Regional Hub,WH-Mountain-CO,ELE-2003,1,0,73.65
SALE-05357,2026-04-19 20:28:30,CUST-137,Ahmedabad Southwest Hub,WH-Southwest-AZ,HYD-1002,1,0,310.55
SALE-05358,2026-03-10 19:37:15,CUST-119,Hyderabad Central Hub,WH-Central-TX,FAS-3005,8,0,30.28
SALE-05359,2025-10-19 19:57:23,CUST-141,Bhubaneswar Southeast Hub,WH-Southeast-GA,HYD-1003,2,0,80.94
SALE-05360,2025-09-02 18:58:48,CUST-159,Hyderabad Central Hub,WH-Central-TX,FAS-3001,13,0,24.0
SALE-05361,2026-05-17 19:10:30,CUST-120,Pune Midwest Hub,WH-Midwest-OH,FIL-4001,8,0,55.94
SALE-05362,2025-11-14 18:55:12,CUST-149,Ahmedabad Southwest Hub,WH-Southwest-AZ,HYD-1005,4,0,149.36
SALE-05363,2026-02-23 19:01:22,CUST-112,Nagpur Central Hub,WH-GreatLakes-MI,ELE-2002,3,0,128.72
SALE-05364,2025-12-08 19:39:24,CUST-139,Nagpur Central Hub,WH-GreatLakes-MI,ELE-2002,3,0,129.48
SALE-05365,2026-01-25 20:37:06,CUST-107,Bengaluru Technology Hub,WH-Pacific-WA,FIL-4003,5,0,43.32
SALE-05366,2026-01-24 20:43:53,CUST-119,Pune Midwest Hub,WH-Midwest-OH,HYD-1001,5,0,446.51
SALE-05367,2026-07-17 17:24:06,CUST-159,Kolkata East Hub,WH-East-NC,HYD-1001,4,0,478.66
SALE-05368,2026-04-25 19:02:53,CUST-156,Indore Central-West Hub,WH-Rockies-UT,FIL-4005,6,0,60.55
SALE-05369,2026-04-13 18:08:00,CUST-103,Coimbatore South Central Hub,WH-SouthCentral-OK,FAS-3001,12,0,25.14
SALE-05370,2026-01-01 20:22:13,CUST-138,Ahmedabad Southwest Hub,WH-Southwest-AZ,FAS-3004,11,0,36.69
SALE-05371,2026-07-26 17:57:24,CUST-152,Chennai South Hub,WH-South-FL,FAS-3002,16,0,18.84
SALE-05372,2026-06-14 19:49:03,CUST-105,Mumbai West Hub,WH-West-CA,HYD-1005,3,0,138.09
SALE-05373,2025-11-17 17:30:59,CUST-140,Nagpur Central Hub,WH-GreatLakes-MI,ELE-2002,3,0,133.16
SALE-05374,2025-11-08 17:07:06,CUST-150,Delhi North Hub,WH-North-IL,HYD-1004,7,0,171.88
SALE-05375,2026-05-21 20:49:36,CUST-104,Ahmedabad Southwest Hub,WH-Southwest-AZ,FAS-3004,8,0,34.17
SALE-05376,2026-05-01 19:34:46,CUST-103,Indore Central-West Hub,WH-Rockies-UT,FIL-4005,7,0,60.33
SALE-05377,2025-11-06 18:48:52,CUST-128,Chennai South Hub,WH-South-FL,FAS-3004,13,0,36.8
SALE-05378,2025-12-05 20:18:17,CUST-118,Kolkata East Hub,WH-East-NC,FIL-4004,5,0,47.62
SALE-05379,2026-05-29 17:18:22,CUST-116,Bengaluru Technology Hub,WH-Pacific-WA,FAS-3002,8,0,17.02
SALE-05380,2025-10-25 19:59:01,CUST-149,Indore Central-West Hub,WH-Rockies-UT,FAS-3004,4,0,34.7
SALE-05381,2026-05-15 19:13:56,CUST-143,Kolkata East Hub,WH-East-NC,FAS-3001,6,0,25.12
SALE-05382,2026-05-05 18:49:58,CUST-136,Guwahati Northeast Hub,WH-Northeast-NY,FAS-3002,5,0,18.08
SALE-05383,2026-06-06 18:02:56,CUST-157,Hyderabad Central Hub,WH-Central-TX,ELE-2003,1,0,76.73
SALE-05384,2026-02-13 17:01:07,CUST-158,Kolkata East Hub,WH-East-NC,ELE-2001,2,0,660.48
SALE-05385,2026-03-07 20:04:30,CUST-111,Coimbatore South Central Hub,WH-SouthCentral-OK,ELE-2001,1,0,705.08
SALE-05386,2025-11-03 19:42:56,CUST-133,Pune Midwest Hub,WH-Midwest-OH,ELE-2005,1,0,223.33
SALE-05387,2026-07-03 20:50:15,CUST-129,Guwahati Northeast Hub,WH-Northeast-NY,HYD-1001,3,0,434.88
SALE-05388,2026-03-26 19:05:10,CUST-142,Bengaluru Technology Hub,WH-Pacific-WA,ELE-2003,2,0,79.64
SALE-05389,2025-11-03 20:52:15,CUST-137,Hyderabad Central Hub,WH-Central-TX,HYD-1005,4,0,133.22
SALE-05390,2026-04-29 20:47:21,CUST-112,Pune Midwest Hub,WH-Midwest-OH,FIL-4005,4,0,62.82
SALE-05391,2026-07-10 18:05:42,CUST-160,Coimbatore South Central Hub,WH-SouthCentral-OK,ELE-2004,1,0,397.94
SALE-05392,2026-05-31 18:12:37,CUST-152,Chennai South Hub,WH-South-FL,FAS-3005,10,0,29.73
SALE-05393,2025-10-07 18:15:59,CUST-140,Delhi North Hub,WH-North-IL,FIL-4003,7,0,44.25
SALE-05394,2026-02-26 20:46:19,CUST-125,Bhubaneswar Southeast Hub,WH-Southeast-GA,HYD-1002,6,2,333.07
SALE-05395,2026-04-17 20:36:45,CUST-153,Coimbatore South Central Hub,WH-SouthCentral-OK,FAS-3001,9,0,23.84
SALE-05396,2026-06-03 20:39:43,CUST-130,Delhi North Hub,WH-North-IL,FAS-3003,7,0,22.65
SALE-05397,2025-12-27 18:31:23,CUST-108,Indore Central-West Hub,WH-Rockies-UT,FAS-3004,9,0,37.73
SALE-05398,2025-10-24 20:44:35,CUST-156,Mumbai West Hub,WH-West-CA,FAS-3003,10,0,21.91
SALE-05399,2026-02-08 19:53:33,CUST-130,Mumbai West Hub,WH-West-CA,HYD-1003,5,0,82.05
SALE-05400,2025-12-18 20:00:34,CUST-127,Bengaluru Technology Hub,WH-Pacific-WA,FIL-4005,4,0,59.06
SALE-05401,2026-05-02 19:06:38,CUST-134,Jaipur Regional Hub,WH-Mountain-CO,FIL-4001,6,0,55.97
SALE-05402,2025-11-23 17:14:53,CUST-141,Kolkata East Hub,WH-East-NC,HYD-1003,3,0,89.55
SALE-05403,2026-01-13 20:47:58,CUST-111,Pune Midwest Hub,WH-Midwest-OH,FIL-4005,4,0,59.01
SALE-05404,2026-01-29 19:20:44,CUST-136,Mumbai West Hub,WH-West-CA,FIL-4003,6,0,43.29
SALE-05405,2026-04-08 18:10:48,CUST-138,Chennai South Hub,WH-South-FL,FAS-3004,8,0,36.86
SALE-05406,2026-03-26 20:42:17,CUST-113,Ahmedabad Southwest Hub,WH-Southwest-AZ,ELE-2003,2,0,74.23
SALE-05407,2025-09-15 17:23:12,CUST-111,Guwahati Northeast Hub,WH-Northeast-NY,HYD-1005,2,0,136.22
SALE-05408,2026-02-17 18:24:37,CUST-134,Pune Midwest Hub,WH-Midwest-OH,ELE-2001,5,0,654.13
SALE-05409,2025-12-09 20:25:12,CUST-103,Pune Midwest Hub,WH-Midwest-OH,FIL-4002,3,0,34.42
SALE-05410,2026-02-26 17:45:09,CUST-135,Coimbatore South Central Hub,WH-SouthCentral-OK,FIL-4001,8,0,59.37
SALE-05411,2026-06-12 17:59:46,CUST-114,Delhi North Hub,WH-North-IL,FIL-4002,5,0,31.12
SALE-05412,2026-01-31 19:22:34,CUST-139,Nagpur Central Hub,WH-GreatLakes-MI,HYD-1003,7,0,79.95
SALE-05413,2026-03-02 18:41:41,CUST-146,Indore Central-West Hub,WH-Rockies-UT,FAS-3003,13,0,21.07
SALE-05414,2026-03-21 18:28:38,CUST-137,Indore Central-West Hub,WH-Rockies-UT,HYD-1005,1,0,143.58
SALE-05415,2026-01-05 17:44:14,CUST-159,Jaipur Regional Hub,WH-Mountain-CO,FAS-3003,7,0,22.4
SALE-05416,2026-05-29 18:31:34,CUST-139,Indore Central-West Hub,WH-Rockies-UT,HYD-1002,5,0,327.42
SALE-05417,2026-03-13 20:05:55,CUST-127,Indore Central-West Hub,WH-Rockies-UT,ELE-2003,2,0,80.44
SALE-05418,2026-01-02 20:38:40,CUST-118,Guwahati Northeast Hub,WH-Northeast-NY,FAS-3001,7,0,24.46
SALE-05419,2025-09-06 18:10:16,CUST-138,Nagpur Central Hub,WH-GreatLakes-MI,FAS-3002,5,0,17.74
SALE-05420,2025-12-08 18:33:05,CUST-126,Indore Central-West Hub,WH-Rockies-UT,ELE-2005,1,1,224.56
SALE-05421,2026-04-29 18:59:49,CUST-120,Delhi North Hub,WH-North-IL,HYD-1005,2,0,148.45
SALE-05422,2026-05-30 17:55:42,CUST-116,Kolkata East Hub,WH-East-NC,FIL-4002,6,0,32.27
SALE-05423,2026-05-04 17:12:05,CUST-128,Ahmedabad Southwest Hub,WH-Southwest-AZ,FIL-4002,5,0,31.28
SALE-05424,2025-09-11 17:07:02,CUST-129,Coimbatore South Central Hub,WH-SouthCentral-OK,HYD-1003,1,0,88.39
SALE-05425,2025-12-19 17:43:36,CUST-129,Chennai South Hub,WH-South-FL,FAS-3004,7,0,35.57
SALE-05426,2025-11-07 20:49:28,CUST-147,Coimbatore South Central Hub,WH-SouthCentral-OK,FIL-4001,8,4,53.66
SALE-05427,2026-02-28 20:00:17,CUST-153,Nagpur Central Hub,WH-GreatLakes-MI,HYD-1004,4,0,168.22
SALE-05428,2025-12-08 18:44:06,CUST-118,Indore Central-West Hub,WH-Rockies-UT,ELE-2004,2,0,418.72
SALE-05429,2026-01-12 20:28:38,CUST-107,Kolkata East Hub,WH-East-NC,FAS-3002,12,0,18.88
SALE-05430,2026-03-30 17:28:37,CUST-137,Bengaluru Technology Hub,WH-Pacific-WA,FIL-4004,6,0,48.14
SALE-05431,2026-06-13 19:43:46,CUST-113,Nagpur Central Hub,WH-GreatLakes-MI,FIL-4003,5,0,43.59
SALE-05432,2025-09-11 20:47:46,CUST-142,Bengaluru Technology Hub,WH-Pacific-WA,HYD-1005,1,0,134.4
SALE-05433,2025-10-05 18:34:07,CUST-156,Lucknow Mid-India Hub,WH-MidAtlantic-VA,ELE-2004,6,0,412.12
SALE-05434,2025-12-26 17:44:15,CUST-108,Lucknow Mid-India Hub,WH-MidAtlantic-VA,HYD-1002,4,0,316.11
SALE-05435,2026-02-14 17:57:27,CUST-152,Delhi North Hub,WH-North-IL,FAS-3001,12,0,24.65
SALE-05436,2026-07-17 20:25:44,CUST-118,Jaipur Regional Hub,WH-Mountain-CO,HYD-1002,4,0,302.48
SALE-05437,2026-04-28 18:42:43,CUST-123,Delhi North Hub,WH-North-IL,FIL-4002,5,0,32.95
SALE-05438,2026-05-12 19:34:25,CUST-139,Coimbatore South Central Hub,WH-SouthCentral-OK,FIL-4005,6,0,64.15
SALE-05439,2025-10-15 17:27:16,CUST-149,Pune Midwest Hub,WH-Midwest-OH,FIL-4003,9,0,44.78
SALE-05440,2026-05-24 17:36:12,CUST-129,Delhi North Hub,WH-North-IL,HYD-1004,3,0,171.41
SALE-05441,2025-10-19 19:15:22,CUST-106,Kolkata East Hub,WH-East-NC,FAS-3001,7,0,24.61
SALE-05442,2026-01-30 18:13:36,CUST-158,Bengaluru Technology Hub,WH-Pacific-WA,HYD-1002,3,0,309.25
SALE-05443,2026-05-07 19:46:46,CUST-158,Lucknow Mid-India Hub,WH-MidAtlantic-VA,FAS-3004,10,0,33.02
SALE-05444,2025-09-30 19:40:22,CUST-105,Hyderabad Central Hub,WH-Central-TX,ELE-2002,7,0,130.68
SALE-05445,2025-10-31 17:43:03,CUST-115,Pune Midwest Hub,WH-Midwest-OH,FIL-4004,5,0,48.37
SALE-05446,2026-06-15 18:27:25,CUST-134,Nagpur Central Hub,WH-GreatLakes-MI,HYD-1004,4,0,186.31
SALE-05447,2026-03-26 20:46:07,CUST-135,Delhi North Hub,WH-North-IL,ELE-2005,2,0,199.95
SALE-05448,2026-07-12 18:59:25,CUST-116,Ahmedabad Southwest Hub,WH-Southwest-AZ,HYD-1005,2,0,144.16
SALE-05449,2026-04-11 19:06:10,CUST-104,Mumbai West Hub,WH-West-CA,FIL-4003,7,0,43.19
SALE-05450,2025-12-26 19:52:11,CUST-107,Guwahati Northeast Hub,WH-Northeast-NY,HYD-1001,1,0,440.87
SALE-05451,2026-05-12 18:06:45,CUST-137,Lucknow Mid-India Hub,WH-MidAtlantic-VA,FIL-4004,7,0,45.4
SALE-05452,2026-03-29 17:38:44,CUST-135,Nagpur Central Hub,WH-GreatLakes-MI,FIL-4002,5,4,32.73
SALE-05453,2026-05-30 18:24:15,CUST-123,Coimbatore South Central Hub,WH-SouthCentral-OK,HYD-1001,6,0,424.72
SALE-05454,2026-01-11 18:09:26,CUST-131,Kolkata East Hub,WH-East-NC,FAS-3002,13,0,18.75
SALE-05455,2026-07-15 20:10:19,CUST-128,Hyderabad Central Hub,WH-Central-TX,FIL-4003,5,0,39.56
SALE-05456,2026-07-22 18:24:40,CUST-117,Bengaluru Technology Hub,WH-Pacific-WA,HYD-1002,4,0,339.11
SALE-05457,2025-12-07 18:27:24,CUST-160,Bengaluru Technology Hub,WH-Pacific-WA,FAS-3002,10,0,19.4
SALE-05458,2025-10-23 19:59:51,CUST-136,Mumbai West Hub,WH-West-CA,ELE-2005,3,0,202.98
SALE-05459,2025-11-28 18:42:39,CUST-107,Mumbai West Hub,WH-West-CA,HYD-1001,6,0,424.17
SALE-05460,2026-04-09 18:18:09,CUST-105,Bengaluru Technology Hub,WH-Pacific-WA,FAS-3005,7,0,28.9
SALE-05461,2025-09-21 17:14:03,CUST-105,Bengaluru Technology Hub,WH-Pacific-WA,HYD-1005,6,0,139.39
SALE-05462,2025-09-11 18:28:09,CUST-141,Mumbai West Hub,WH-West-CA,HYD-1003,2,0,89.27
SALE-05463,2026-06-12 18:11:13,CUST-113,Lucknow Mid-India Hub,WH-MidAtlantic-VA,FIL-4002,8,0,32.79
SALE-05464,2025-12-09 18:15:31,CUST-115,Ahmedabad Southwest Hub,WH-Southwest-AZ,HYD-1003,2,0,88.52
SALE-05465,2025-11-07 18:55:21,CUST-111,Hyderabad Central Hub,WH-Central-TX,HYD-1002,4,0,333.82
SALE-05466,2026-01-03 18:05:30,CUST-122,Jaipur Regional Hub,WH-Mountain-CO,HYD-1003,4,0,80.89
SALE-05467,2026-01-24 17:49:25,CUST-119,Ahmedabad Southwest Hub,WH-Southwest-AZ,FAS-3005,12,0,28.75
SALE-05468,2026-04-24 20:22:44,CUST-149,Indore Central-West Hub,WH-Rockies-UT,ELE-2001,4,0,713.83
SALE-05469,2026-04-06 18:49:42,CUST-143,Pune Midwest Hub,WH-Midwest-OH,FIL-4002,5,0,30.5
SALE-05470,2026-04-29 17:24:46,CUST-103,Bengaluru Technology Hub,WH-Pacific-WA,FIL-4004,5,0,48.19
SALE-05471,2025-10-07 19:37:08,CUST-120,Nagpur Central Hub,WH-GreatLakes-MI,FIL-4004,7,0,48.9
SALE-05472,2025-12-05 17:16:32,CUST-119,Nagpur Central Hub,WH-GreatLakes-MI,FIL-4004,7,0,45.33
SALE-05473,2025-12-06 19:17:54,CUST-146,Chennai South Hub,WH-South-FL,FAS-3001,8,0,23.86
SALE-05474,2026-02-17 20:27:50,CUST-124,Lucknow Mid-India Hub,WH-MidAtlantic-VA,FAS-3001,9,0,24.87
SALE-05475,2026-05-21 19:00:08,CUST-110,Bengaluru Technology Hub,WH-Pacific-WA,HYD-1005,2,0,136.24
SALE-05476,2025-12-03 17:27:25,CUST-132,Jaipur Regional Hub,WH-Mountain-CO,FAS-3005,11,0,31.86
SALE-05477,2025-10-15 17:58:39,CUST-103,Jaipur Regional Hub,WH-Mountain-CO,FIL-4003,2,0,40.03
SALE-05478,2025-12-30 18:14:15,CUST-115,Pune Midwest Hub,WH-Midwest-OH,HYD-1004,1,0,180.36
SALE-05479,2026-06-07 18:11:38,CUST-131,Jaipur Regional Hub,WH-Mountain-CO,FAS-3005,11,0,31.4
SALE-05480,2025-11-11 20:54:06,CUST-141,Mumbai West Hub,WH-West-CA,FIL-4005,6,0,59.92
SALE-05481,2026-03-12 18:04:08,CUST-117,Guwahati Northeast Hub,WH-Northeast-NY,ELE-2005,1,0,215.77
SALE-05482,2025-12-23 18:54:21,CUST-160,Chennai South Hub,WH-South-FL,FIL-4002,9,0,32.33
SALE-05483,2026-04-16 19:45:27,CUST-159,Coimbatore South Central Hub,WH-SouthCentral-OK,FAS-3004,10,0,36.26
SALE-05484,2025-10-24 18:28:18,CUST-107,Kolkata East Hub,WH-East-NC,HYD-1003,1,0,82.33
SALE-05485,2025-10-07 20:48:03,CUST-153,Delhi North Hub,WH-North-IL,FIL-4004,4,0,47.02
SALE-05486,2025-12-04 17:48:25,CUST-108,Nagpur Central Hub,WH-GreatLakes-MI,FIL-4005,5,0,63.23
SALE-05487,2026-02-10 18:25:36,CUST-142,Guwahati Northeast Hub,WH-Northeast-NY,FAS-3001,11,0,25.01
SALE-05488,2026-05-12 20:25:11,CUST-134,Kolkata East Hub,WH-East-NC,FIL-4004,4,0,45.7
SALE-05489,2025-11-11 18:50:17,CUST-102,Bengaluru Technology Hub,WH-Pacific-WA,HYD-1001,3,0,459.99
SALE-05490,2025-12-05 17:20:30,CUST-140,Lucknow Mid-India Hub,WH-MidAtlantic-VA,FAS-3001,11,0,25.31
SALE-05491,2025-11-30 17:56:26,CUST-150,Coimbatore South Central Hub,WH-SouthCentral-OK,ELE-2004,1,0,412.77
SALE-05492,2025-11-29 19:11:12,CUST-140,Indore Central-West Hub,WH-Rockies-UT,ELE-2003,1,0,76.69
SALE-05493,2026-06-17 19:28:40,CUST-119,Bhubaneswar Southeast Hub,WH-Southeast-GA,FIL-4003,10,0,43.44
SALE-05494,2026-03-12 19:39:02,CUST-160,Bengaluru Technology Hub,WH-Pacific-WA,ELE-2003,3,0,79.39
SALE-05495,2026-05-26 19:35:16,CUST-110,Lucknow Mid-India Hub,WH-MidAtlantic-VA,FIL-4001,6,0,58.41
SALE-05496,2025-12-21 19:52:37,CUST-155,Nagpur Central Hub,WH-GreatLakes-MI,FAS-3003,9,0,20.87
SALE-05497,2026-07-20 20:30:02,CUST-131,Bhubaneswar Southeast Hub,WH-Southeast-GA,FIL-4002,9,0,33.81
SALE-05498,2026-03-14 17:26:09,CUST-155,Coimbatore South Central Hub,WH-SouthCentral-OK,FIL-4003,8,0,43.09
SALE-05499,2025-11-20 20:32:29,CUST-131,Bhubaneswar Southeast Hub,WH-Southeast-GA,ELE-2003,2,2,75.42
SALE-05500,2026-03-02 19:24:41,CUST-148,Hyderabad Central Hub,WH-Central-TX,HYD-1001,2,0,468.35
SALE-05501,2026-07-06 19:13:09,CUST-136,Pune Midwest Hub,WH-Midwest-OH,HYD-1003,5,0,84.16
SALE-05502,2026-02-04 17:43:37,CUST-136,Kolkata East Hub,WH-East-NC,FAS-3004,5,0,35.67
SALE-05503,2025-09-30 18:59:43,CUST-118,Indore Central-West Hub,WH-Rockies-UT,ELE-2001,6,0,668.17
SALE-05504,2026-06-09 20:17:41,CUST-113,Kolkata East Hub,WH-East-NC,FIL-4002,6,0,30.78
SALE-05505,2025-12-21 18:58:41,CUST-158,Guwahati Northeast Hub,WH-Northeast-NY,FAS-3005,3,0,31.34
SALE-05506,2025-10-19 17:56:17,CUST-123,Pune Midwest Hub,WH-Midwest-OH,FAS-3001,9,0,25.21
SALE-05507,2026-07-05 19:54:08,CUST-115,Mumbai West Hub,WH-West-CA,FIL-4004,6,4,50.39
SALE-05508,2026-03-31 18:51:34,CUST-114,Lucknow Mid-India Hub,WH-MidAtlantic-VA,HYD-1003,3,0,86.24
SALE-05509,2025-11-15 19:19:04,CUST-145,Bhubaneswar Southeast Hub,WH-Southeast-GA,ELE-2001,2,0,716.8
SALE-05510,2025-11-04 20:47:40,CUST-109,Mumbai West Hub,WH-West-CA,ELE-2004,6,0,383.0
SALE-05511,2026-05-09 17:43:31,CUST-118,Indore Central-West Hub,WH-Rockies-UT,ELE-2005,2,0,202.21
SALE-05512,2026-01-04 19:00:29,CUST-113,Lucknow Mid-India Hub,WH-MidAtlantic-VA,FAS-3004,15,0,35.9
SALE-05513,2026-05-02 18:26:52,CUST-158,Lucknow Mid-India Hub,WH-MidAtlantic-VA,HYD-1002,1,0,344.18
SALE-05514,2025-11-28 17:18:54,CUST-106,Nagpur Central Hub,WH-GreatLakes-MI,FAS-3002,9,0,17.88
SALE-05515,2026-01-18 20:06:02,CUST-112,Kolkata East Hub,WH-East-NC,FIL-4001,7,0,51.81
SALE-05516,2025-10-30 17:50:42,CUST-152,Jaipur Regional Hub,WH-Mountain-CO,HYD-1002,4,0,328.33
SALE-05517,2026-02-02 18:02:55,CUST-123,Bhubaneswar Southeast Hub,WH-Southeast-GA,HYD-1002,4,0,333.34
SALE-05518,2025-09-11 17:10:56,CUST-145,Ahmedabad Southwest Hub,WH-Southwest-AZ,FIL-4002,8,0,31.61
SALE-05519,2026-04-10 20:24:21,CUST-101,Coimbatore South Central Hub,WH-SouthCentral-OK,FIL-4003,6,0,41.28
SALE-05520,2026-03-30 18:11:23,CUST-112,Guwahati Northeast Hub,WH-Northeast-NY,FAS-3003,8,0,21.32
SALE-05521,2025-11-29 18:20:36,CUST-110,Guwahati Northeast Hub,WH-Northeast-NY,FIL-4002,8,0,32.07
SALE-05522,2025-10-11 18:16:53,CUST-119,Kolkata East Hub,WH-East-NC,ELE-2002,3,0,126.94
SALE-05523,2026-03-22 18:36:35,CUST-137,Jaipur Regional Hub,WH-Mountain-CO,ELE-2003,2,0,80.8
SALE-05524,2026-02-07 20:57:09,CUST-116,Jaipur Regional Hub,WH-Mountain-CO,ELE-2003,2,0,75.78
SALE-05525,2026-06-19 18:10:31,CUST-148,Guwahati Northeast Hub,WH-Northeast-NY,ELE-2003,4,0,79.5
SALE-05526,2025-11-20 20:16:06,CUST-158,Chennai South Hub,WH-South-FL,HYD-1001,4,0,439.34
SALE-05527,2026-02-07 18:13:45,CUST-133,Pune Midwest Hub,WH-Midwest-OH,FAS-3005,11,0,31.47
SALE-05528,2026-05-05 19:30:03,CUST-134,Lucknow Mid-India Hub,WH-MidAtlantic-VA,FAS-3005,9,0,29.17
SALE-05529,2025-12-22 20:53:27,CUST-129,Guwahati Northeast Hub,WH-Northeast-NY,ELE-2002,1,0,120.19
SALE-05530,2026-06-07 19:44:28,CUST-159,Guwahati Northeast Hub,WH-Northeast-NY,HYD-1003,2,0,91.68
SALE-05531,2026-01-05 19:12:36,CUST-111,Lucknow Mid-India Hub,WH-MidAtlantic-VA,FIL-4004,4,0,50.68
SALE-05532,2026-06-06 20:43:26,CUST-157,Bengaluru Technology Hub,WH-Pacific-WA,FAS-3003,8,0,21.29
SALE-05533,2025-10-12 17:55:59,CUST-103,Coimbatore South Central Hub,WH-SouthCentral-OK,FIL-4001,8,0,59.11
SALE-05534,2026-01-14 19:00:43,CUST-132,Bengaluru Technology Hub,WH-Pacific-WA,FAS-3003,10,0,21.52
SALE-05535,2025-10-20 20:41:48,CUST-115,Kolkata East Hub,WH-East-NC,HYD-1003,4,0,87.01
SALE-05536,2025-09-15 17:26:20,CUST-101,Hyderabad Central Hub,WH-Central-TX,FIL-4004,7,0,51.82
SALE-05537,2026-03-01 19:16:18,CUST-117,Hyderabad Central Hub,WH-Central-TX,FAS-3005,6,0,31.37
SALE-05538,2025-12-21 17:10:03,CUST-138,Jaipur Regional Hub,WH-Mountain-CO,FAS-3002,14,0,18.45
SALE-05539,2026-06-14 20:50:32,CUST-127,Guwahati Northeast Hub,WH-Northeast-NY,HYD-1005,5,2,144.25
SALE-05540,2026-04-01 20:23:11,CUST-130,Chennai South Hub,WH-South-FL,FIL-4001,7,0,53.76
SALE-05541,2026-04-10 19:12:00,CUST-108,Lucknow Mid-India Hub,WH-MidAtlantic-VA,ELE-2004,5,0,385.1
SALE-05542,2026-06-01 18:48:30,CUST-154,Delhi North Hub,WH-North-IL,FIL-4002,4,0,32.8
SALE-05543,2025-12-27 17:33:43,CUST-140,Mumbai West Hub,WH-West-CA,HYD-1003,2,0,84.04
SALE-05544,2026-07-09 19:57:45,CUST-141,Lucknow Mid-India Hub,WH-MidAtlantic-VA,ELE-2003,2,0,71.08
SALE-05545,2026-06-28 19:53:36,CUST-123,Mumbai West Hub,WH-West-CA,HYD-1001,2,0,471.2
SALE-05546,2026-05-03 20:54:37,CUST-139,Delhi North Hub,WH-North-IL,HYD-1005,1,0,140.87
SALE-05547,2025-11-11 18:00:14,CUST-148,Hyderabad Central Hub,WH-Central-TX,HYD-1001,1,0,446.27
SALE-05548,2025-11-18 20:38:57,CUST-117,Kolkata East Hub,WH-East-NC,ELE-2003,2,0,80.99
SALE-05549,2025-12-09 19:50:31,CUST-109,Indore Central-West Hub,WH-Rockies-UT,FIL-4001,12,0,54.63
SALE-05550,2026-06-18 17:45:09,CUST-123,Nagpur Central Hub,WH-GreatLakes-MI,ELE-2002,4,0,117.65
SALE-05551,2025-09-01 19:16:07,CUST-143,Bhubaneswar Southeast Hub,WH-Southeast-GA,FAS-3003,6,0,22.95
SALE-05552,2026-07-09 17:38:06,CUST-150,Pune Midwest Hub,WH-Midwest-OH,FAS-3001,7,0,25.99
SALE-05553,2025-12-18 20:26:44,CUST-154,Coimbatore South Central Hub,WH-SouthCentral-OK,ELE-2002,2,0,130.04
SALE-05554,2025-12-23 19:39:34,CUST-121,Guwahati Northeast Hub,WH-Northeast-NY,ELE-2003,3,0,75.65
SALE-05555,2026-02-27 18:53:59,CUST-107,Indore Central-West Hub,WH-Rockies-UT,FIL-4005,12,0,63.7
SALE-05556,2025-12-04 17:42:33,CUST-132,Indore Central-West Hub,WH-Rockies-UT,ELE-2003,1,0,77.72
SALE-05557,2025-11-11 19:29:37,CUST-147,Chennai South Hub,WH-South-FL,FAS-3005,13,0,28.34
SALE-05558,2026-02-18 20:01:27,CUST-144,Delhi North Hub,WH-North-IL,HYD-1004,2,0,164.71
SALE-05559,2025-09-20 18:45:26,CUST-135,Guwahati Northeast Hub,WH-Northeast-NY,ELE-2004,3,0,415.71
SALE-05560,2026-03-05 17:44:55,CUST-120,Delhi North Hub,WH-North-IL,ELE-2003,1,0,78.63
SALE-05561,2026-05-14 20:58:31,CUST-151,Indore Central-West Hub,WH-Rockies-UT,ELE-2005,4,0,204.66
SALE-05562,2025-12-30 19:26:01,CUST-155,Bengaluru Technology Hub,WH-Pacific-WA,FAS-3004,10,0,36.91
SALE-05563,2026-04-24 18:39:11,CUST-107,Bhubaneswar Southeast Hub,WH-Southeast-GA,FAS-3002,8,0,17.63
SALE-05564,2026-06-07 18:39:28,CUST-146,Delhi North Hub,WH-North-IL,FIL-4001,5,0,51.86
SALE-05565,2025-09-23 19:06:44,CUST-154,Bengaluru Technology Hub,WH-Pacific-WA,ELE-2003,2,0,74.46
SALE-05566,2026-02-28 19:23:08,CUST-154,Bhubaneswar Southeast Hub,WH-Southeast-GA,FAS-3003,10,0,23.48
SALE-05567,2025-12-25 19:19:41,CUST-112,Lucknow Mid-India Hub,WH-MidAtlantic-VA,HYD-1001,4,0,433.51
SALE-05568,2025-11-22 17:11:04,CUST-101,Hyderabad Central Hub,WH-Central-TX,HYD-1005,2,0,137.91
SALE-05569,2026-07-19 19:43:32,CUST-117,Hyderabad Central Hub,WH-Central-TX,HYD-1002,3,0,330.17
SALE-05570,2026-06-10 20:27:41,CUST-139,Jaipur Regional Hub,WH-Mountain-CO,FIL-4005,7,0,59.86
SALE-05571,2025-11-05 20:34:46,CUST-128,Bengaluru Technology Hub,WH-Pacific-WA,ELE-2001,1,0,719.45
SALE-05572,2025-09-23 19:22:36,CUST-145,Pune Midwest Hub,WH-Midwest-OH,HYD-1001,3,0,476.25
SALE-05573,2025-09-17 18:07:35,CUST-122,Mumbai West Hub,WH-West-CA,FIL-4002,3,0,30.81
SALE-05574,2026-01-05 17:58:06,CUST-136,Chennai South Hub,WH-South-FL,FIL-4003,8,0,43.38
SALE-05575,2026-02-16 19:12:33,CUST-138,Kolkata East Hub,WH-East-NC,HYD-1001,3,1,474.24
SALE-05576,2025-09-02 20:23:07,CUST-101,Guwahati Northeast Hub,WH-Northeast-NY,FIL-4005,8,0,65.48
SALE-05577,2026-02-09 17:35:14,CUST-105,Pune Midwest Hub,WH-Midwest-OH,HYD-1002,1,0,319.88
SALE-05578,2026-07-20 20:43:45,CUST-140,Coimbatore South Central Hub,WH-SouthCentral-OK,FIL-4001,10,5,51.83
SALE-05579,2025-10-07 17:06:32,CUST-131,Hyderabad Central Hub,WH-Central-TX,FAS-3003,12,0,22.35
SALE-05580,2026-05-14 18:54:23,CUST-114,Lucknow Mid-India Hub,WH-MidAtlantic-VA,FIL-4002,5,0,33.21
SALE-05581,2026-02-23 17:28:59,CUST-149,Kolkata East Hub,WH-East-NC,FIL-4004,8,0,51.58
SALE-05582,2026-01-19 20:15:31,CUST-112,Bhubaneswar Southeast Hub,WH-Southeast-GA,HYD-1004,1,0,169.29
SALE-05583,2025-09-29 18:57:10,CUST-144,Guwahati Northeast Hub,WH-Northeast-NY,FAS-3004,9,0,33.98
SALE-05584,2026-02-25 18:26:50,CUST-105,Chennai South Hub,WH-South-FL,HYD-1001,7,0,426.84
SALE-05585,2026-04-09 17:35:52,CUST-101,Pune Midwest Hub,WH-Midwest-OH,FAS-3004,11,0,34.34
SALE-05586,2026-03-02 17:36:01,CUST-143,Chennai South Hub,WH-South-FL,HYD-1005,2,0,142.79
SALE-05587,2026-04-05 17:05:17,CUST-121,Chennai South Hub,WH-South-FL,FIL-4003,2,0,41.72
SALE-05588,2026-05-17 18:36:51,CUST-120,Jaipur Regional Hub,WH-Mountain-CO,FIL-4001,8,0,59.05
SALE-05589,2025-12-20 17:29:13,CUST-159,Bhubaneswar Southeast Hub,WH-Southeast-GA,ELE-2001,2,0,674.35
SALE-05590,2025-09-07 17:27:29,CUST-141,Pune Midwest Hub,WH-Midwest-OH,HYD-1005,7,0,136.31
SALE-05591,2025-09-14 19:13:56,CUST-115,Pune Midwest Hub,WH-Midwest-OH,FIL-4002,4,0,32.97
SALE-05592,2025-09-10 17:55:08,CUST-101,Lucknow Mid-India Hub,WH-MidAtlantic-VA,HYD-1004,5,0,167.69
SALE-05593,2026-03-11 20:18:31,CUST-118,Bengaluru Technology Hub,WH-Pacific-WA,HYD-1002,1,0,340.9
SALE-05594,2025-10-20 20:13:33,CUST-104,Bhubaneswar Southeast Hub,WH-Southeast-GA,FIL-4002,7,0,33.03
SALE-05595,2025-11-21 19:35:31,CUST-125,Hyderabad Central Hub,WH-Central-TX,FAS-3001,9,0,25.11
SALE-05596,2026-02-18 20:27:27,CUST-109,Mumbai West Hub,WH-West-CA,FIL-4004,4,0,45.2
SALE-05597,2026-03-15 19:00:21,CUST-141,Hyderabad Central Hub,WH-Central-TX,FAS-3005,9,0,31.63
SALE-05598,2026-04-26 17:12:32,CUST-148,Pune Midwest Hub,WH-Midwest-OH,ELE-2005,2,0,207.34
SALE-05599,2026-04-14 20:29:38,CUST-151,Bhubaneswar Southeast Hub,WH-Southeast-GA,FIL-4005,3,0,62.46
SALE-05600,2025-09-09 18:33:40,CUST-112,Bhubaneswar Southeast Hub,WH-Southeast-GA,FAS-3001,4,0,25.36
SALE-05601,2026-01-02 20:12:12,CUST-153,Pune Midwest Hub,WH-Midwest-OH,ELE-2004,2,0,400.4
SALE-05602,2026-01-31 20:47:39,CUST-141,Delhi North Hub,WH-North-IL,HYD-1004,5,0,167.58
SALE-05603,2026-01-22 20:17:26,CUST-114,Delhi North Hub,WH-North-IL,HYD-1003,2,0,84.61
SALE-05604,2026-07-07 17:26:19,CUST-149,Coimbatore South Central Hub,WH-SouthCentral-OK,HYD-1002,5,0,301.16
SALE-05605,2026-03-20 19:05:31,CUST-159,Indore Central-West Hub,WH-Rockies-UT,FAS-3003,19,0,23.32
SALE-05606,2026-03-22 19:49:03,CUST-123,Ahmedabad Southwest Hub,WH-Southwest-AZ,ELE-2005,3,0,209.38
SALE-05607,2025-09-19 20:04:30,CUST-136,Bhubaneswar Southeast Hub,WH-Southeast-GA,HYD-1002,4,0,308.27
SALE-05608,2026-01-07 19:19:54,CUST-156,Hyderabad Central Hub,WH-Central-TX,HYD-1005,4,0,133.46
SALE-05609,2026-04-20 20:58:46,CUST-130,Lucknow Mid-India Hub,WH-MidAtlantic-VA,FIL-4004,6,0,48.24
SALE-05610,2025-09-06 19:12:17,CUST-115,Hyderabad Central Hub,WH-Central-TX,FIL-4005,5,0,63.21
SALE-05611,2026-04-28 17:54:23,CUST-141,Nagpur Central Hub,WH-GreatLakes-MI,HYD-1005,1,0,137.05
SALE-05612,2026-05-01 20:48:43,CUST-149,Delhi North Hub,WH-North-IL,ELE-2003,2,0,77.32
SALE-05613,2025-10-04 20:51:18,CUST-143,Kolkata East Hub,WH-East-NC,HYD-1002,4,0,318.36
SALE-05614,2025-09-02 17:24:42,CUST-119,Hyderabad Central Hub,WH-Central-TX,FAS-3002,9,0,18.29
SALE-05615,2025-09-09 17:12:49,CUST-142,Kolkata East Hub,WH-East-NC,FIL-4005,8,3,58.32
SALE-05616,2026-03-07 17:24:09,CUST-123,Hyderabad Central Hub,WH-Central-TX,FIL-4001,7,0,57.77
SALE-05617,2025-10-28 19:40:30,CUST-151,Pune Midwest Hub,WH-Midwest-OH,ELE-2003,5,1,77.66
SALE-05618,2026-05-01 17:03:58,CUST-138,Jaipur Regional Hub,WH-Mountain-CO,FIL-4005,8,0,66.37
SALE-05619,2025-10-13 17:39:37,CUST-113,Guwahati Northeast Hub,WH-Northeast-NY,FAS-3004,10,0,37.33
SALE-05620,2026-05-22 20:42:54,CUST-120,Indore Central-West Hub,WH-Rockies-UT,FAS-3001,11,0,26.78
SALE-05621,2025-11-03 19:26:00,CUST-133,Mumbai West Hub,WH-West-CA,FAS-3004,10,0,33.82
SALE-05622,2025-11-25 18:31:45,CUST-117,Ahmedabad Southwest Hub,WH-Southwest-AZ,ELE-2003,1,1,74.03
SALE-05623,2025-09-09 19:24:24,CUST-110,Hyderabad Central Hub,WH-Central-TX,HYD-1003,2,0,83.82
SALE-05624,2025-12-18 19:20:16,CUST-153,Ahmedabad Southwest Hub,WH-Southwest-AZ,FIL-4005,5,0,61.14
SALE-05625,2026-07-23 18:14:20,CUST-119,Delhi North Hub,WH-North-IL,FIL-4001,11,0,53.1
SALE-05626,2026-01-18 19:22:59,CUST-125,Mumbai West Hub,WH-West-CA,FIL-4002,9,0,32.11
SALE-05627,2025-09-05 19:23:53,CUST-157,Lucknow Mid-India Hub,WH-MidAtlantic-VA,FIL-4002,4,0,33.71
SALE-05628,2025-12-30 19:12:59,CUST-143,Coimbatore South Central Hub,WH-SouthCentral-OK,FAS-3004,8,0,37.25
SALE-05629,2026-04-22 20:45:52,CUST-147,Chennai South Hub,WH-South-FL,FIL-4002,5,0,34.04
SALE-05630,2025-11-18 20:11:56,CUST-153,Bhubaneswar Southeast Hub,WH-Southeast-GA,ELE-2001,3,0,656.53
SALE-05631,2025-12-16 18:59:33,CUST-114,Bengaluru Technology Hub,WH-Pacific-WA,HYD-1004,4,0,175.78
SALE-05632,2026-04-21 18:18:53,CUST-116,Delhi North Hub,WH-North-IL,FIL-4001,7,0,56.02
SALE-05633,2026-01-16 19:33:10,CUST-131,Pune Midwest Hub,WH-Midwest-OH,HYD-1003,4,0,84.04
SALE-05634,2026-04-16 17:30:04,CUST-147,Lucknow Mid-India Hub,WH-MidAtlantic-VA,ELE-2001,1,0,696.14
SALE-05635,2025-09-18 17:52:18,CUST-123,Guwahati Northeast Hub,WH-Northeast-NY,HYD-1004,5,0,184.86
SALE-05636,2026-02-11 20:55:18,CUST-109,Lucknow Mid-India Hub,WH-MidAtlantic-VA,FAS-3003,10,0,21.36
SALE-05637,2026-05-13 19:30:16,CUST-132,Indore Central-West Hub,WH-Rockies-UT,FIL-4005,4,0,61.81
SALE-05638,2026-01-12 20:58:59,CUST-150,Chennai South Hub,WH-South-FL,FIL-4004,6,0,50.36
SALE-05639,2026-06-08 18:11:50,CUST-102,Hyderabad Central Hub,WH-Central-TX,FAS-3004,8,0,34.3
SALE-05640,2026-06-01 18:36:22,CUST-138,Hyderabad Central Hub,WH-Central-TX,FIL-4004,5,0,49.6
SALE-05641,2025-12-23 18:30:18,CUST-154,Hyderabad Central Hub,WH-Central-TX,FAS-3004,9,0,37.64
SALE-05642,2026-05-20 20:21:26,CUST-129,Guwahati Northeast Hub,WH-Northeast-NY,ELE-2001,2,0,666.82
SALE-05643,2025-11-13 20:08:07,CUST-145,Lucknow Mid-India Hub,WH-MidAtlantic-VA,FAS-3003,8,0,21.21
SALE-05644,2026-02-21 19:32:08,CUST-133,Mumbai West Hub,WH-West-CA,FIL-4001,7,0,57.28
SALE-05645,2026-02-21 19:20:21,CUST-135,Chennai South Hub,WH-South-FL,ELE-2003,2,0,76.11
SALE-05646,2025-12-06 19:24:42,CUST-117,Ahmedabad Southwest Hub,WH-Southwest-AZ,ELE-2005,1,0,217.82
SALE-05647,2025-12-07 20:57:46,CUST-129,Nagpur Central Hub,WH-GreatLakes-MI,HYD-1003,1,0,82.49
SALE-05648,2026-01-09 19:34:43,CUST-107,Bhubaneswar Southeast Hub,WH-Southeast-GA,FAS-3005,11,0,30.9
SALE-05649,2025-10-12 18:10:20,CUST-140,Bhubaneswar Southeast Hub,WH-Southeast-GA,FAS-3001,8,0,23.75
SALE-05650,2026-01-17 19:29:25,CUST-103,Coimbatore South Central Hub,WH-SouthCentral-OK,FIL-4005,5,4,60.93
SALE-05651,2026-04-05 18:10:31,CUST-122,Hyderabad Central Hub,WH-Central-TX,HYD-1004,4,0,185.17
SALE-05652,2026-03-30 17:46:33,CUST-122,Delhi North Hub,WH-North-IL,HYD-1002,4,0,323.48
SALE-05653,2026-02-19 20:02:09,CUST-108,Kolkata East Hub,WH-East-NC,HYD-1004,5,0,185.72
SALE-05654,2025-10-15 17:29:43,CUST-139,Delhi North Hub,WH-North-IL,ELE-2005,1,0,218.09
SALE-05655,2026-04-25 20:52:47,CUST-123,Ahmedabad Southwest Hub,WH-Southwest-AZ,FIL-4002,8,0,31.06
SALE-05656,2025-10-06 19:24:06,CUST-103,Delhi North Hub,WH-North-IL,ELE-2005,7,0,217.97
SALE-05657,2026-07-18 19:20:45,CUST-142,Bhubaneswar Southeast Hub,WH-Southeast-GA,ELE-2002,4,0,122.67
SALE-05658,2025-12-14 20:24:55,CUST-153,Lucknow Mid-India Hub,WH-MidAtlantic-VA,HYD-1003,5,0,87.84
SALE-05659,2026-01-12 17:49:44,CUST-102,Coimbatore South Central Hub,WH-SouthCentral-OK,HYD-1003,9,0,82.5
SALE-05660,2026-07-20 18:53:17,CUST-114,Hyderabad Central Hub,WH-Central-TX,ELE-2004,5,0,408.84
SALE-05661,2025-12-24 20:15:53,CUST-142,Nagpur Central Hub,WH-GreatLakes-MI,HYD-1005,6,0,148.02
SALE-05662,2026-06-14 18:30:21,CUST-141,Bhubaneswar Southeast Hub,WH-Southeast-GA,ELE-2003,1,0,78.71
SALE-05663,2026-05-29 17:01:48,CUST-149,Coimbatore South Central Hub,WH-SouthCentral-OK,FIL-4004,1,0,45.39
SALE-05664,2026-03-07 17:12:51,CUST-121,Hyderabad Central Hub,WH-Central-TX,FIL-4004,4,0,46.26
SALE-05665,2026-07-01 20:46:51,CUST-118,Kolkata East Hub,WH-East-NC,ELE-2003,2,0,80.02
SALE-05666,2026-07-09 17:13:59,CUST-125,Nagpur Central Hub,WH-GreatLakes-MI,HYD-1003,3,0,86.2
SALE-05667,2026-05-17 18:22:48,CUST-101,Bhubaneswar Southeast Hub,WH-Southeast-GA,HYD-1005,1,0,142.18
SALE-05668,2025-10-17 18:33:00,CUST-105,Guwahati Northeast Hub,WH-Northeast-NY,FAS-3002,10,0,19.0
SALE-05669,2026-01-29 17:47:08,CUST-111,Pune Midwest Hub,WH-Midwest-OH,FIL-4005,11,0,65.89
SALE-05670,2026-01-18 18:21:07,CUST-114,Mumbai West Hub,WH-West-CA,FAS-3003,8,0,23.3
SALE-05671,2025-10-05 20:53:05,CUST-152,Chennai South Hub,WH-South-FL,ELE-2002,3,0,124.48
SALE-05672,2026-02-01 19:18:02,CUST-138,Nagpur Central Hub,WH-GreatLakes-MI,FIL-4005,10,1,58.85
SALE-05673,2026-04-10 20:18:48,CUST-140,Coimbatore South Central Hub,WH-SouthCentral-OK,ELE-2001,1,0,641.82
SALE-05674,2025-11-23 17:58:26,CUST-157,Kolkata East Hub,WH-East-NC,HYD-1005,4,0,133.07
SALE-05675,2025-09-07 18:19:33,CUST-157,Bengaluru Technology Hub,WH-Pacific-WA,HYD-1005,5,0,146.22
SALE-05676,2025-10-16 17:42:39,CUST-134,Indore Central-West Hub,WH-Rockies-UT,FIL-4002,8,0,30.95
SALE-05677,2026-07-09 18:25:25,CUST-120,Guwahati Northeast Hub,WH-Northeast-NY,FAS-3001,9,0,25.36
SALE-05678,2026-04-11 18:22:15,CUST-114,Guwahati Northeast Hub,WH-Northeast-NY,HYD-1002,6,0,335.26
SALE-05679,2025-10-09 18:50:09,CUST-155,Bengaluru Technology Hub,WH-Pacific-WA,FAS-3003,14,0,23.54
SALE-05680,2025-10-02 18:45:51,CUST-140,Guwahati Northeast Hub,WH-Northeast-NY,FIL-4005,3,0,63.8
SALE-05681,2025-10-06 20:48:39,CUST-114,Guwahati Northeast Hub,WH-Northeast-NY,FIL-4005,4,0,62.74
SALE-05682,2025-12-09 17:36:09,CUST-105,Guwahati Northeast Hub,WH-Northeast-NY,FIL-4001,5,0,56.42
SALE-05683,2025-09-12 19:37:10,CUST-115,Delhi North Hub,WH-North-IL,ELE-2003,4,0,70.59
SALE-05684,2026-02-18 18:35:52,CUST-146,Indore Central-West Hub,WH-Rockies-UT,ELE-2001,5,0,724.63
SALE-05685,2025-10-27 20:57:33,CUST-146,Pune Midwest Hub,WH-Midwest-OH,FIL-4003,5,0,43.48
SALE-05686,2025-09-11 19:02:55,CUST-109,Hyderabad Central Hub,WH-Central-TX,ELE-2002,2,0,132.64
SALE-05687,2025-10-21 19:24:30,CUST-108,Lucknow Mid-India Hub,WH-MidAtlantic-VA,HYD-1002,4,0,326.06
SALE-05688,2025-10-05 18:52:00,CUST-154,Indore Central-West Hub,WH-Rockies-UT,ELE-2005,1,0,215.4
SALE-05689,2026-03-08 20:26:04,CUST-121,Indore Central-West Hub,WH-Rockies-UT,FIL-4003,11,0,42.04
SALE-05690,2025-12-01 20:57:51,CUST-137,Bengaluru Technology Hub,WH-Pacific-WA,HYD-1002,4,0,302.9
SALE-05691,2025-11-26 18:07:39,CUST-122,Delhi North Hub,WH-North-IL,FIL-4002,4,0,30.25
SALE-05692,2025-09-05 18:09:28,CUST-109,Guwahati Northeast Hub,WH-Northeast-NY,FAS-3004,12,0,33.52
SALE-05693,2025-11-23 18:58:54,CUST-131,Bhubaneswar Southeast Hub,WH-Southeast-GA,ELE-2005,5,4,204.48
SALE-05694,2025-09-18 18:20:18,CUST-149,Ahmedabad Southwest Hub,WH-Southwest-AZ,HYD-1003,4,0,85.68
SALE-05695,2026-07-04 17:46:03,CUST-132,Indore Central-West Hub,WH-Rockies-UT,FAS-3001,13,9,25.95
SALE-05696,2026-05-04 18:27:24,CUST-147,Hyderabad Central Hub,WH-Central-TX,ELE-2001,3,0,716.8
SALE-05697,2025-12-24 18:15:46,CUST-139,Jaipur Regional Hub,WH-Mountain-CO,FAS-3002,8,0,18.45
SALE-05698,2026-05-02 18:22:40,CUST-125,Chennai South Hub,WH-South-FL,ELE-2005,1,0,212.02
SALE-05699,2026-03-06 20:08:43,CUST-150,Nagpur Central Hub,WH-GreatLakes-MI,FAS-3003,11,0,21.99
SALE-05700,2026-03-27 18:44:52,CUST-153,Kolkata East Hub,WH-East-NC,HYD-1002,5,0,335.75
SALE-05701,2025-10-11 20:21:19,CUST-114,Nagpur Central Hub,WH-GreatLakes-MI,ELE-2001,4,0,692.42
SALE-05702,2026-03-07 18:04:48,CUST-155,Chennai South Hub,WH-South-FL,HYD-1003,1,0,84.73
SALE-05703,2026-01-09 19:38:36,CUST-148,Hyderabad Central Hub,WH-Central-TX,HYD-1005,6,0,150.03
SALE-05704,2026-01-16 19:31:44,CUST-116,Ahmedabad Southwest Hub,WH-Southwest-AZ,ELE-2003,3,0,79.7
SALE-05705,2025-09-29 19:38:01,CUST-122,Kolkata East Hub,WH-East-NC,HYD-1003,3,0,89.54
SALE-05706,2025-11-20 19:24:40,CUST-159,Bengaluru Technology Hub,WH-Pacific-WA,HYD-1004,1,0,176.35
SALE-05707,2026-06-19 17:53:39,CUST-120,Indore Central-West Hub,WH-Rockies-UT,HYD-1005,1,0,146.92
SALE-05708,2026-06-30 19:30:38,CUST-158,Mumbai West Hub,WH-West-CA,FAS-3002,12,0,17.71
SALE-05709,2026-02-12 18:34:36,CUST-146,Hyderabad Central Hub,WH-Central-TX,FAS-3005,8,0,30.97
SALE-05710,2026-03-04 19:28:58,CUST-107,Chennai South Hub,WH-South-FL,FAS-3004,4,0,35.47
SALE-05711,2026-01-08 20:40:47,CUST-147,Indore Central-West Hub,WH-Rockies-UT,FAS-3004,10,0,36.16
SALE-05712,2026-05-29 17:02:09,CUST-113,Chennai South Hub,WH-South-FL,HYD-1003,3,0,80.19
SALE-05713,2026-01-24 18:12:06,CUST-143,Ahmedabad Southwest Hub,WH-Southwest-AZ,FAS-3004,5,0,34.88
SALE-05714,2026-01-18 19:59:04,CUST-142,Kolkata East Hub,WH-East-NC,FAS-3002,2,0,18.55
SALE-05715,2026-01-18 19:34:46,CUST-123,Jaipur Regional Hub,WH-Mountain-CO,FIL-4005,5,0,62.9
SALE-05716,2025-10-16 17:45:15,CUST-116,Lucknow Mid-India Hub,WH-MidAtlantic-VA,FAS-3004,10,0,36.36
SALE-05717,2026-04-26 18:38:34,CUST-115,Bhubaneswar Southeast Hub,WH-Southeast-GA,ELE-2003,3,0,77.12
SALE-05718,2025-10-09 20:26:57,CUST-132,Mumbai West Hub,WH-West-CA,FAS-3004,7,0,37.15
SALE-05719,2025-12-12 19:40:35,CUST-145,Pune Midwest Hub,WH-Midwest-OH,FAS-3004,9,0,35.25
SALE-05720,2026-01-03 19:17:16,CUST-146,Nagpur Central Hub,WH-GreatLakes-MI,FAS-3001,14,0,26.58
SALE-05721,2025-11-03 18:03:05,CUST-126,Ahmedabad Southwest Hub,WH-Southwest-AZ,ELE-2005,2,0,215.75
SALE-05722,2025-11-09 18:05:42,CUST-159,Bengaluru Technology Hub,WH-Pacific-WA,FIL-4001,6,5,54.77
SALE-05723,2026-07-02 20:37:32,CUST-122,Pune Midwest Hub,WH-Midwest-OH,ELE-2005,2,0,205.15
SALE-05724,2026-07-11 18:22:16,CUST-152,Nagpur Central Hub,WH-GreatLakes-MI,FIL-4005,3,0,61.33
SALE-05725,2025-12-13 18:17:07,CUST-111,Delhi North Hub,WH-North-IL,FIL-4003,3,0,44.54
SALE-05726,2026-04-26 17:02:28,CUST-121,Chennai South Hub,WH-South-FL,ELE-2005,1,0,219.67
SALE-05727,2026-01-11 19:46:00,CUST-106,Delhi North Hub,WH-North-IL,FAS-3002,10,0,17.95
SALE-05728,2025-09-16 19:47:13,CUST-157,Nagpur Central Hub,WH-GreatLakes-MI,HYD-1001,9,0,472.27
SALE-05729,2026-01-27 19:03:52,CUST-156,Kolkata East Hub,WH-East-NC,ELE-2003,4,0,74.63
SALE-05730,2026-04-18 19:57:11,CUST-137,Bengaluru Technology Hub,WH-Pacific-WA,ELE-2001,3,0,719.05
SALE-05731,2026-02-19 18:14:35,CUST-158,Nagpur Central Hub,WH-GreatLakes-MI,HYD-1004,3,0,188.53
SALE-05732,2025-12-17 18:28:52,CUST-156,Coimbatore South Central Hub,WH-SouthCentral-OK,FIL-4004,10,0,47.06
SALE-05733,2026-05-27 20:53:39,CUST-143,Bengaluru Technology Hub,WH-Pacific-WA,HYD-1001,1,0,452.09
SALE-05734,2025-11-04 17:47:45,CUST-128,Bengaluru Technology Hub,WH-Pacific-WA,ELE-2004,2,0,386.27
SALE-05735,2025-12-16 20:57:36,CUST-123,Bhubaneswar Southeast Hub,WH-Southeast-GA,ELE-2001,4,0,673.86
SALE-05736,2026-04-17 20:52:09,CUST-159,Indore Central-West Hub,WH-Rockies-UT,HYD-1004,2,0,177.34
SALE-05737,2026-03-17 18:05:33,CUST-138,Bhubaneswar Southeast Hub,WH-Southeast-GA,FIL-4003,6,0,42.68
SALE-05738,2026-01-11 17:24:50,CUST-160,Ahmedabad Southwest Hub,WH-Southwest-AZ,HYD-1001,1,1,464.23
SALE-05739,2025-09-05 17:04:24,CUST-121,Pune Midwest Hub,WH-Midwest-OH,FIL-4002,3,0,30.37
SALE-05740,2026-06-29 19:00:34,CUST-126,Bengaluru Technology Hub,WH-Pacific-WA,ELE-2005,4,0,221.05
SALE-05741,2026-03-19 19:02:23,CUST-157,Mumbai West Hub,WH-West-CA,FIL-4002,4,0,33.08
SALE-05742,2025-12-16 17:46:27,CUST-101,Ahmedabad Southwest Hub,WH-Southwest-AZ,ELE-2004,3,0,399.29
SALE-05743,2026-02-27 19:49:41,CUST-134,Bhubaneswar Southeast Hub,WH-Southeast-GA,FAS-3003,10,0,20.84
SALE-05744,2025-10-17 19:41:52,CUST-159,Ahmedabad Southwest Hub,WH-Southwest-AZ,FAS-3005,9,0,29.15
SALE-05745,2026-03-02 17:54:53,CUST-121,Lucknow Mid-India Hub,WH-MidAtlantic-VA,FAS-3003,8,0,21.28
SALE-05746,2025-12-23 17:08:07,CUST-119,Lucknow Mid-India Hub,WH-MidAtlantic-VA,HYD-1002,5,0,307.85
SALE-05747,2026-07-20 20:46:05,CUST-115,Lucknow Mid-India Hub,WH-MidAtlantic-VA,FIL-4005,6,0,63.34
SALE-05748,2026-01-19 18:01:06,CUST-122,Indore Central-West Hub,WH-Rockies-UT,FIL-4003,7,0,43.3
SALE-05749,2025-11-26 20:42:56,CUST-154,Ahmedabad Southwest Hub,WH-Southwest-AZ,FIL-4004,3,0,46.77
SALE-05750,2025-10-07 20:14:02,CUST-149,Guwahati Northeast Hub,WH-Northeast-NY,HYD-1002,2,0,318.99
SALE-05751,2025-10-28 17:36:23,CUST-159,Delhi North Hub,WH-North-IL,HYD-1001,4,0,480.43
SALE-05752,2025-11-11 19:41:05,CUST-144,Indore Central-West Hub,WH-Rockies-UT,HYD-1001,6,0,466.77
SALE-05753,2026-02-24 20:30:14,CUST-138,Bengaluru Technology Hub,WH-Pacific-WA,FAS-3003,9,0,23.36
SALE-05754,2026-05-18 17:20:01,CUST-156,Nagpur Central Hub,WH-GreatLakes-MI,FAS-3002,3,0,17.85
SALE-05755,2026-03-21 18:23:02,CUST-134,Guwahati Northeast Hub,WH-Northeast-NY,HYD-1002,6,0,325.97
SALE-05756,2026-02-07 18:57:06,CUST-150,Chennai South Hub,WH-South-FL,ELE-2003,2,0,70.77
SALE-05757,2026-03-26 17:10:41,CUST-126,Chennai South Hub,WH-South-FL,ELE-2004,3,0,373.29
SALE-05758,2026-04-23 18:04:48,CUST-128,Guwahati Northeast Hub,WH-Northeast-NY,ELE-2003,1,0,79.07
SALE-05759,2026-03-07 20:50:27,CUST-137,Ahmedabad Southwest Hub,WH-Southwest-AZ,ELE-2004,2,0,388.06
SALE-05760,2025-12-26 19:37:09,CUST-135,Hyderabad Central Hub,WH-Central-TX,HYD-1001,4,0,482.28
SALE-05761,2026-03-10 20:28:07,CUST-122,Pune Midwest Hub,WH-Midwest-OH,FIL-4002,9,5,32.48
SALE-05762,2025-12-21 20:57:17,CUST-119,Hyderabad Central Hub,WH-Central-TX,HYD-1004,6,0,188.8
SALE-05763,2025-09-28 19:56:21,CUST-131,Coimbatore South Central Hub,WH-SouthCentral-OK,FIL-4002,7,0,32.61
SALE-05764,2026-01-09 20:22:35,CUST-140,Ahmedabad Southwest Hub,WH-Southwest-AZ,FAS-3005,10,0,29.48
SALE-05765,2026-06-23 19:07:02,CUST-140,Delhi North Hub,WH-North-IL,FIL-4002,4,1,30.37
SALE-05766,2026-02-09 20:23:50,CUST-137,Guwahati Northeast Hub,WH-Northeast-NY,ELE-2002,3,0,131.52
SALE-05767,2025-09-10 20:14:42,CUST-143,Delhi North Hub,WH-North-IL,FAS-3002,7,0,18.23
SALE-05768,2026-02-16 19:44:09,CUST-117,Chennai South Hub,WH-South-FL,HYD-1005,4,0,145.99
SALE-05769,2026-05-13 17:12:41,CUST-113,Kolkata East Hub,WH-East-NC,FIL-4002,2,0,31.1
SALE-05770,2026-01-29 19:53:34,CUST-122,Ahmedabad Southwest Hub,WH-Southwest-AZ,HYD-1004,4,1,168.7
SALE-05771,2026-01-15 20:58:12,CUST-105,Coimbatore South Central Hub,WH-SouthCentral-OK,FAS-3002,7,0,17.06
SALE-05772,2025-12-26 18:09:42,CUST-142,Kolkata East Hub,WH-East-NC,FAS-3002,6,0,17.48
SALE-05773,2026-02-26 17:47:12,CUST-159,Jaipur Regional Hub,WH-Mountain-CO,HYD-1001,6,0,457.55
SALE-05774,2026-02-08 18:50:51,CUST-103,Jaipur Regional Hub,WH-Mountain-CO,FAS-3001,10,0,26.96
SALE-05775,2026-04-16 19:36:53,CUST-119,Ahmedabad Southwest Hub,WH-Southwest-AZ,FIL-4002,7,0,33.61
SALE-05776,2026-01-12 19:56:39,CUST-145,Bengaluru Technology Hub,WH-Pacific-WA,HYD-1005,1,0,148.61
SALE-05777,2025-09-13 20:47:27,CUST-125,Mumbai West Hub,WH-West-CA,HYD-1003,6,0,83.66
SALE-05778,2025-10-24 18:16:29,CUST-124,Pune Midwest Hub,WH-Midwest-OH,HYD-1003,2,0,82.15
SALE-05779,2026-06-23 20:53:09,CUST-106,Jaipur Regional Hub,WH-Mountain-CO,ELE-2002,5,0,126.67
SALE-05780,2025-09-07 17:47:53,CUST-108,Coimbatore South Central Hub,WH-SouthCentral-OK,FIL-4001,9,0,56.33
SALE-05781,2026-04-18 19:42:45,CUST-155,Bhubaneswar Southeast Hub,WH-Southeast-GA,ELE-2003,4,0,76.53
SALE-05782,2026-07-07 17:38:17,CUST-111,Bengaluru Technology Hub,WH-Pacific-WA,ELE-2002,2,0,125.64
SALE-05783,2025-10-29 19:09:45,CUST-132,Bhubaneswar Southeast Hub,WH-Southeast-GA,HYD-1004,5,0,168.29
SALE-05784,2026-05-12 17:21:10,CUST-156,Indore Central-West Hub,WH-Rockies-UT,HYD-1003,2,0,89.29
SALE-05785,2026-06-05 20:10:13,CUST-120,Coimbatore South Central Hub,WH-SouthCentral-OK,FIL-4001,5,0,56.35
SALE-05786,2025-09-12 17:58:41,CUST-153,Pune Midwest Hub,WH-Midwest-OH,ELE-2004,3,0,400.39
SALE-05787,2026-02-28 19:28:12,CUST-139,Ahmedabad Southwest Hub,WH-Southwest-AZ,ELE-2004,2,0,406.47
SALE-05788,2026-01-07 19:08:13,CUST-155,Kolkata East Hub,WH-East-NC,FAS-3003,8,0,23.14
SALE-05789,2026-01-30 18:39:45,CUST-147,Chennai South Hub,WH-South-FL,ELE-2004,1,0,367.72
SALE-05790,2026-05-04 20:29:31,CUST-119,Ahmedabad Southwest Hub,WH-Southwest-AZ,ELE-2001,2,0,651.91
SALE-05791,2026-04-28 20:09:28,CUST-149,Indore Central-West Hub,WH-Rockies-UT,FIL-4005,2,0,63.67
SALE-05792,2026-06-23 20:03:27,CUST-113,Kolkata East Hub,WH-East-NC,ELE-2004,1,0,415.4
SALE-05793,2026-03-08 17:11:19,CUST-110,Bengaluru Technology Hub,WH-Pacific-WA,FIL-4002,3,0,30.63
SALE-05794,2026-02-05 19:10:46,CUST-119,Chennai South Hub,WH-South-FL,ELE-2003,4,0,70.69
SALE-05795,2026-06-04 19:50:00,CUST-129,Jaipur Regional Hub,WH-Mountain-CO,HYD-1005,5,0,146.57
SALE-05796,2025-10-12 17:38:57,CUST-101,Indore Central-West Hub,WH-Rockies-UT,FAS-3003,7,0,22.06
SALE-05797,2025-09-05 18:00:07,CUST-126,Guwahati Northeast Hub,WH-Northeast-NY,HYD-1003,1,0,80.25
SALE-05798,2026-07-20 19:57:14,CUST-111,Ahmedabad Southwest Hub,WH-Southwest-AZ,ELE-2003,1,0,71.18
SALE-05799,2026-04-19 17:36:15,CUST-141,Hyderabad Central Hub,WH-Central-TX,FAS-3004,8,0,36.87
SALE-05800,2026-04-10 18:21:00,CUST-131,Mumbai West Hub,WH-West-CA,ELE-2004,3,0,366.61
SALE-05801,2026-07-14 17:57:56,CUST-139,Kolkata East Hub,WH-East-NC,ELE-2005,6,0,206.37
SALE-05802,2026-04-05 20:33:57,CUST-131,Bhubaneswar Southeast Hub,WH-Southeast-GA,FAS-3004,7,0,34.21
SALE-05803,2025-11-01 19:43:48,CUST-153,Bengaluru Technology Hub,WH-Pacific-WA,ELE-2003,6,0,72.78
SALE-05804,2025-09-13 17:04:50,CUST-123,Delhi North Hub,WH-North-IL,ELE-2003,1,0,72.09
SALE-05805,2025-09-14 18:46:26,CUST-107,Nagpur Central Hub,WH-GreatLakes-MI,FIL-4001,9,0,52.99
SALE-05806,2025-12-26 20:27:25,CUST-156,Kolkata East Hub,WH-East-NC,ELE-2001,4,0,724.1
SALE-05807,2025-10-25 20:34:49,CUST-148,Hyderabad Central Hub,WH-Central-TX,FIL-4004,4,0,51.53
SALE-05808,2026-07-10 20:49:54,CUST-125,Coimbatore South Central Hub,WH-SouthCentral-OK,ELE-2005,2,0,211.71
SALE-05809,2026-06-07 17:03:01,CUST-126,Ahmedabad Southwest Hub,WH-Southwest-AZ,FAS-3004,6,0,34.86
SALE-05810,2025-12-29 20:20:00,CUST-125,Indore Central-West Hub,WH-Rockies-UT,HYD-1002,4,0,306.25
SALE-05811,2026-03-31 19:45:37,CUST-118,Guwahati Northeast Hub,WH-Northeast-NY,FAS-3003,5,0,20.87
SALE-05812,2026-02-05 20:40:04,CUST-105,Ahmedabad Southwest Hub,WH-Southwest-AZ,FAS-3004,8,0,37.13
SALE-05813,2025-11-09 17:53:11,CUST-122,Delhi North Hub,WH-North-IL,HYD-1004,3,3,174.57
SALE-05814,2026-06-22 20:48:14,CUST-152,Chennai South Hub,WH-South-FL,HYD-1002,3,0,313.15
SALE-05815,2026-03-22 17:12:31,CUST-111,Nagpur Central Hub,WH-GreatLakes-MI,FAS-3002,9,0,18.12
SALE-05816,2025-09-16 19:32:48,CUST-158,Jaipur Regional Hub,WH-Mountain-CO,FAS-3002,11,0,18.75
SALE-05817,2025-11-21 18:49:34,CUST-101,Guwahati Northeast Hub,WH-Northeast-NY,ELE-2004,1,0,392.8
SALE-05818,2025-09-17 20:06:24,CUST-145,Bengaluru Technology Hub,WH-Pacific-WA,ELE-2003,3,0,79.77
SALE-05819,2026-04-09 18:45:41,CUST-107,Kolkata East Hub,WH-East-NC,ELE-2004,2,0,384.41
SALE-05820,2026-06-18 17:31:17,CUST-146,Jaipur Regional Hub,WH-Mountain-CO,ELE-2002,2,0,134.49
SALE-05821,2026-06-27 18:56:07,CUST-144,Nagpur Central Hub,WH-GreatLakes-MI,FAS-3002,9,2,18.45
SALE-05822,2026-01-15 19:02:00,CUST-111,Bhubaneswar Southeast Hub,WH-Southeast-GA,ELE-2005,4,0,219.45
SALE-05823,2026-04-20 20:44:38,CUST-142,Chennai South Hub,WH-South-FL,FIL-4005,3,0,64.11
SALE-05824,2026-07-01 20:58:02,CUST-139,Hyderabad Central Hub,WH-Central-TX,ELE-2005,1,0,205.57
SALE-05825,2026-05-14 20:46:55,CUST-123,Indore Central-West Hub,WH-Rockies-UT,FAS-3003,11,0,22.49
SALE-05826,2026-07-04 19:34:03,CUST-146,Jaipur Regional Hub,WH-Mountain-CO,FAS-3004,12,0,33.53
SALE-05827,2025-11-23 20:22:11,CUST-149,Mumbai West Hub,WH-West-CA,HYD-1004,4,0,177.3
SALE-05828,2025-10-21 18:31:22,CUST-115,Bhubaneswar Southeast Hub,WH-Southeast-GA,FAS-3003,7,0,21.51
SALE-05829,2026-05-22 19:02:11,CUST-144,Bengaluru Technology Hub,WH-Pacific-WA,ELE-2002,2,0,129.72
SALE-05830,2026-07-02 20:20:34,CUST-138,Ahmedabad Southwest Hub,WH-Southwest-AZ,ELE-2003,1,0,71.59
SALE-05831,2025-12-16 17:22:37,CUST-139,Mumbai West Hub,WH-West-CA,FIL-4002,8,0,30.59
SALE-05832,2025-12-03 18:33:09,CUST-153,Chennai South Hub,WH-South-FL,ELE-2005,5,0,211.41
SALE-05833,2026-06-01 19:03:39,CUST-111,Kolkata East Hub,WH-East-NC,HYD-1004,1,0,165.01
SALE-05834,2025-10-23 17:21:33,CUST-112,Delhi North Hub,WH-North-IL,ELE-2001,2,0,648.64
SALE-05835,2025-09-22 18:54:12,CUST-103,Mumbai West Hub,WH-West-CA,HYD-1003,4,0,82.67
SALE-05836,2026-03-04 20:48:17,CUST-109,Coimbatore South Central Hub,WH-SouthCentral-OK,ELE-2001,3,0,728.3
SALE-05837,2026-07-22 17:55:42,CUST-151,Lucknow Mid-India Hub,WH-MidAtlantic-VA,HYD-1004,8,0,167.57
SALE-05838,2025-09-03 17:48:52,CUST-140,Coimbatore South Central Hub,WH-SouthCentral-OK,FAS-3004,8,0,37.29
SALE-05839,2026-01-16 20:58:03,CUST-110,Lucknow Mid-India Hub,WH-MidAtlantic-VA,HYD-1005,4,0,140.68
SALE-05840,2026-04-24 19:46:43,CUST-139,Delhi North Hub,WH-North-IL,HYD-1004,4,0,170.2
SALE-05841,2026-04-13 17:21:07,CUST-121,Pune Midwest Hub,WH-Midwest-OH,HYD-1003,4,0,87.2
SALE-05842,2026-02-03 17:27:19,CUST-119,Pune Midwest Hub,WH-Midwest-OH,HYD-1002,2,0,321.88
SALE-05843,2026-01-05 17:57:08,CUST-113,Mumbai West Hub,WH-West-CA,FIL-4004,7,0,46.29
SALE-05844,2025-11-16 20:38:46,CUST-119,Nagpur Central Hub,WH-GreatLakes-MI,FAS-3003,7,0,22.17
SALE-05845,2026-02-08 19:11:13,CUST-157,Nagpur Central Hub,WH-GreatLakes-MI,FIL-4002,9,0,30.72
SALE-05846,2026-01-15 19:58:16,CUST-160,Bengaluru Technology Hub,WH-Pacific-WA,FAS-3001,4,0,24.28
SALE-05847,2026-01-30 19:04:20,CUST-148,Ahmedabad Southwest Hub,WH-Southwest-AZ,FAS-3004,7,0,37.13
SALE-05848,2026-05-08 18:58:11,CUST-115,Mumbai West Hub,WH-West-CA,HYD-1003,2,0,82.41
SALE-05849,2026-04-22 18:23:47,CUST-104,Lucknow Mid-India Hub,WH-MidAtlantic-VA,FIL-4004,7,0,51.37
SALE-05850,2026-04-07 19:49:30,CUST-109,Bengaluru Technology Hub,WH-Pacific-WA,ELE-2003,1,0,71.35
SALE-05851,2026-03-26 18:53:33,CUST-148,Bengaluru Technology Hub,WH-Pacific-WA,ELE-2003,2,0,75.12
SALE-05852,2025-12-23 19:25:45,CUST-134,Kolkata East Hub,WH-East-NC,ELE-2002,3,0,118.04
SALE-05853,2025-11-06 19:26:27,CUST-105,Hyderabad Central Hub,WH-Central-TX,ELE-2002,2,0,121.2
SALE-05854,2026-07-03 19:40:28,CUST-115,Chennai South Hub,WH-South-FL,HYD-1001,3,0,481.63
SALE-05855,2026-04-07 19:48:52,CUST-111,Mumbai West Hub,WH-West-CA,FAS-3003,9,0,22.38
SALE-05856,2025-09-06 18:05:49,CUST-127,Delhi North Hub,WH-North-IL,ELE-2004,2,0,380.05
SALE-05857,2025-09-16 20:55:28,CUST-114,Lucknow Mid-India Hub,WH-MidAtlantic-VA,HYD-1004,1,0,179.65
SALE-05858,2025-11-01 20:40:30,CUST-147,Indore Central-West Hub,WH-Rockies-UT,FAS-3003,6,0,22.9
SALE-05859,2026-01-28 20:42:02,CUST-109,Kolkata East Hub,WH-East-NC,ELE-2005,3,0,208.43
SALE-05860,2026-06-05 20:14:58,CUST-158,Coimbatore South Central Hub,WH-SouthCentral-OK,ELE-2003,3,0,75.35
SALE-05861,2026-06-29 20:19:21,CUST-131,Mumbai West Hub,WH-West-CA,HYD-1003,1,0,83.82
SALE-05862,2026-05-05 18:57:11,CUST-112,Ahmedabad Southwest Hub,WH-Southwest-AZ,HYD-1005,2,0,139.76
SALE-05863,2026-06-20 19:59:58,CUST-120,Lucknow Mid-India Hub,WH-MidAtlantic-VA,FIL-4005,7,0,61.95
SALE-05864,2025-12-06 17:55:49,CUST-138,Chennai South Hub,WH-South-FL,HYD-1001,2,0,466.74
SALE-05865,2025-10-20 17:35:30,CUST-121,Hyderabad Central Hub,WH-Central-TX,FIL-4002,8,0,32.93
SALE-05866,2026-05-20 19:10:49,CUST-125,Hyderabad Central Hub,WH-Central-TX,ELE-2004,3,0,407.5
SALE-05867,2026-05-25 19:34:49,CUST-149,Mumbai West Hub,WH-West-CA,HYD-1004,2,0,177.02
SALE-05868,2026-05-08 19:36:49,CUST-150,Bengaluru Technology Hub,WH-Pacific-WA,FAS-3002,14,0,18.79
SALE-05869,2026-03-17 18:50:55,CUST-157,Coimbatore South Central Hub,WH-SouthCentral-OK,HYD-1003,5,0,86.22
SALE-05870,2026-02-11 20:47:51,CUST-122,Coimbatore South Central Hub,WH-SouthCentral-OK,HYD-1005,5,0,134.46
SALE-05871,2026-02-09 17:20:34,CUST-137,Pune Midwest Hub,WH-Midwest-OH,HYD-1003,6,0,84.56
SALE-05872,2025-10-27 18:05:20,CUST-147,Hyderabad Central Hub,WH-Central-TX,FAS-3001,7,0,25.68
SALE-05873,2026-03-10 20:16:51,CUST-155,Guwahati Northeast Hub,WH-Northeast-NY,FAS-3005,6,0,30.6
SALE-05874,2025-11-12 20:27:59,CUST-104,Chennai South Hub,WH-South-FL,HYD-1005,4,0,140.11
SALE-05875,2025-09-10 18:57:44,CUST-160,Pune Midwest Hub,WH-Midwest-OH,ELE-2005,3,0,203.62
SALE-05876,2026-01-15 19:52:04,CUST-126,Jaipur Regional Hub,WH-Mountain-CO,FIL-4001,7,0,52.3
SALE-05877,2025-10-11 20:23:42,CUST-120,Indore Central-West Hub,WH-Rockies-UT,ELE-2001,7,0,731.87
SALE-05878,2026-06-12 17:20:41,CUST-117,Chennai South Hub,WH-South-FL,FIL-4002,5,0,33.2
SALE-05879,2025-10-07 19:34:08,CUST-123,Kolkata East Hub,WH-East-NC,FAS-3002,6,0,18.84
SALE-05880,2026-06-04 20:07:25,CUST-109,Lucknow Mid-India Hub,WH-MidAtlantic-VA,FIL-4001,4,0,59.14
SALE-05881,2025-10-11 19:07:49,CUST-110,Hyderabad Central Hub,WH-Central-TX,FIL-4003,9,4,39.96
SALE-05882,2026-06-22 18:19:16,CUST-149,Nagpur Central Hub,WH-GreatLakes-MI,FIL-4002,11,0,34.07
SALE-05883,2026-02-22 19:51:23,CUST-108,Kolkata East Hub,WH-East-NC,HYD-1004,2,0,178.71
SALE-05884,2026-02-27 20:59:41,CUST-147,Chennai South Hub,WH-South-FL,HYD-1004,4,0,181.77
SALE-05885,2025-10-31 18:47:19,CUST-154,Hyderabad Central Hub,WH-Central-TX,FAS-3001,5,0,24.9
SALE-05886,2025-09-26 19:09:17,CUST-141,Bengaluru Technology Hub,WH-Pacific-WA,FAS-3002,8,0,17.99
SALE-05887,2025-12-13 20:26:27,CUST-117,Mumbai West Hub,WH-West-CA,HYD-1003,3,0,81.85
SALE-05888,2025-12-11 19:59:40,CUST-147,Delhi North Hub,WH-North-IL,FIL-4004,12,0,48.32
SALE-05889,2026-04-19 17:33:15,CUST-151,Mumbai West Hub,WH-West-CA,HYD-1001,3,0,451.73
SALE-05890,2026-03-24 20:51:06,CUST-119,Bhubaneswar Southeast Hub,WH-Southeast-GA,FAS-3001,7,0,26.72
SALE-05891,2026-02-26 18:44:57,CUST-129,Hyderabad Central Hub,WH-Central-TX,FIL-4004,10,0,48.53
SALE-05892,2026-07-08 18:52:19,CUST-101,Chennai South Hub,WH-South-FL,FAS-3004,8,0,32.98
SALE-05893,2026-04-04 19:28:18,CUST-125,Ahmedabad Southwest Hub,WH-Southwest-AZ,HYD-1001,1,0,432.0
SALE-05894,2026-07-04 19:45:41,CUST-155,Delhi North Hub,WH-North-IL,FIL-4002,9,0,32.13
SALE-05895,2025-10-04 19:16:38,CUST-119,Kolkata East Hub,WH-East-NC,FAS-3004,8,0,33.07
SALE-05896,2026-07-24 18:05:19,CUST-152,Delhi North Hub,WH-North-IL,FIL-4005,5,0,64.08
SALE-05897,2026-07-06 18:02:10,CUST-142,Guwahati Northeast Hub,WH-Northeast-NY,FIL-4001,5,0,57.06
SALE-05898,2026-03-04 18:50:38,CUST-140,Guwahati Northeast Hub,WH-Northeast-NY,FAS-3003,18,0,20.84
SALE-05899,2025-10-23 20:00:31,CUST-115,Indore Central-West Hub,WH-Rockies-UT,HYD-1004,1,0,177.65
SALE-05900,2025-09-03 19:34:43,CUST-121,Kolkata East Hub,WH-East-NC,ELE-2004,3,0,375.86
SALE-05901,2026-02-06 20:56:53,CUST-138,Lucknow Mid-India Hub,WH-MidAtlantic-VA,FAS-3001,12,0,25.12
SALE-05902,2025-09-09 20:58:56,CUST-112,Delhi North Hub,WH-North-IL,ELE-2001,3,0,680.09
SALE-05903,2026-07-19 18:01:37,CUST-109,Nagpur Central Hub,WH-GreatLakes-MI,FAS-3001,10,0,24.68
SALE-05904,2026-03-09 20:41:42,CUST-160,Coimbatore South Central Hub,WH-SouthCentral-OK,FAS-3003,11,0,21.4
SALE-05905,2026-01-25 17:45:12,CUST-131,Delhi North Hub,WH-North-IL,FAS-3005,9,0,29.89
SALE-05906,2026-02-10 20:46:17,CUST-123,Ahmedabad Southwest Hub,WH-Southwest-AZ,FAS-3003,13,0,21.13
SALE-05907,2025-11-08 18:05:51,CUST-146,Kolkata East Hub,WH-East-NC,FAS-3003,14,0,22.98
SALE-05908,2026-01-02 18:19:13,CUST-128,Lucknow Mid-India Hub,WH-MidAtlantic-VA,FAS-3003,6,5,21.09
SALE-05909,2026-03-14 17:55:10,CUST-101,Indore Central-West Hub,WH-Rockies-UT,ELE-2002,2,0,132.86
SALE-05910,2025-09-14 19:06:22,CUST-154,Coimbatore South Central Hub,WH-SouthCentral-OK,ELE-2003,3,0,78.02
SALE-05911,2025-12-23 20:34:43,CUST-121,Hyderabad Central Hub,WH-Central-TX,FAS-3003,11,0,21.11
SALE-05912,2025-10-24 18:04:13,CUST-150,Mumbai West Hub,WH-West-CA,FIL-4004,8,0,47.02
SALE-05913,2026-01-01 17:18:38,CUST-150,Coimbatore South Central Hub,WH-SouthCentral-OK,ELE-2002,2,1,134.12
SALE-05914,2025-09-24 17:27:24,CUST-146,Ahmedabad Southwest Hub,WH-Southwest-AZ,ELE-2003,1,0,73.89
SALE-05915,2026-05-11 19:18:06,CUST-142,Jaipur Regional Hub,WH-Mountain-CO,FAS-3003,8,0,22.23
SALE-05916,2025-10-28 18:24:42,CUST-113,Coimbatore South Central Hub,WH-SouthCentral-OK,ELE-2003,2,0,78.38
SALE-05917,2026-02-13 20:27:30,CUST-139,Delhi North Hub,WH-North-IL,FIL-4001,7,0,54.99
SALE-05918,2026-03-20 19:00:12,CUST-101,Pune Midwest Hub,WH-Midwest-OH,HYD-1004,3,0,183.28
SALE-05919,2026-02-25 19:59:04,CUST-104,Kolkata East Hub,WH-East-NC,FAS-3002,10,0,19.01
SALE-05920,2026-07-25 18:44:08,CUST-154,Guwahati Northeast Hub,WH-Northeast-NY,ELE-2004,1,0,386.28
SALE-05921,2026-03-09 19:54:25,CUST-121,Guwahati Northeast Hub,WH-Northeast-NY,HYD-1005,1,0,143.91
SALE-05922,2025-09-14 17:57:23,CUST-144,Jaipur Regional Hub,WH-Mountain-CO,FAS-3004,5,0,36.79
SALE-05923,2025-11-07 20:49:11,CUST-125,Pune Midwest Hub,WH-Midwest-OH,ELE-2005,1,0,223.77
SALE-05924,2025-09-30 18:21:40,CUST-106,Bengaluru Technology Hub,WH-Pacific-WA,FIL-4005,8,0,64.66
SALE-05925,2025-12-04 19:34:40,CUST-139,Guwahati Northeast Hub,WH-Northeast-NY,ELE-2001,2,0,643.52
SALE-05926,2026-03-27 17:08:50,CUST-139,Lucknow Mid-India Hub,WH-MidAtlantic-VA,FIL-4001,2,0,58.92
SALE-05927,2026-07-13 19:22:25,CUST-145,Pune Midwest Hub,WH-Midwest-OH,FAS-3002,9,0,18.05
SALE-05928,2026-04-17 18:22:43,CUST-134,Mumbai West Hub,WH-West-CA,ELE-2005,1,0,209.18
SALE-05929,2026-03-22 19:56:45,CUST-103,Jaipur Regional Hub,WH-Mountain-CO,ELE-2001,1,1,683.68
SALE-05930,2025-10-28 17:17:33,CUST-103,Hyderabad Central Hub,WH-Central-TX,ELE-2003,3,0,74.92
SALE-05931,2026-06-10 19:16:23,CUST-153,Coimbatore South Central Hub,WH-SouthCentral-OK,FIL-4002,6,6,32.74
SALE-05932,2025-10-02 17:26:32,CUST-120,Jaipur Regional Hub,WH-Mountain-CO,FIL-4001,6,6,59.17
SALE-05933,2026-01-08 17:41:04,CUST-133,Bengaluru Technology Hub,WH-Pacific-WA,HYD-1004,2,0,184.8
SALE-05934,2025-10-01 20:31:24,CUST-114,Kolkata East Hub,WH-East-NC,FAS-3004,8,0,33.45
SALE-05935,2026-05-23 19:51:29,CUST-135,Guwahati Northeast Hub,WH-Northeast-NY,FAS-3003,6,0,22.65
SALE-05936,2026-03-04 19:19:04,CUST-132,Guwahati Northeast Hub,WH-Northeast-NY,HYD-1002,4,0,333.22
SALE-05937,2026-01-03 17:48:31,CUST-114,Lucknow Mid-India Hub,WH-MidAtlantic-VA,HYD-1003,1,0,86.59
SALE-05938,2026-05-30 19:23:07,CUST-109,Kolkata East Hub,WH-East-NC,ELE-2002,2,0,119.88
SALE-05939,2026-01-07 19:05:03,CUST-134,Delhi North Hub,WH-North-IL,FIL-4004,5,0,51.06
SALE-05940,2026-07-08 18:43:48,CUST-134,Kolkata East Hub,WH-East-NC,FAS-3003,3,0,21.52
SALE-05941,2025-09-04 19:11:26,CUST-151,Mumbai West Hub,WH-West-CA,FAS-3005,8,0,29.2
SALE-05942,2026-04-03 20:30:43,CUST-125,Indore Central-West Hub,WH-Rockies-UT,FAS-3004,7,0,36.25
SALE-05943,2025-12-09 17:26:10,CUST-144,Nagpur Central Hub,WH-GreatLakes-MI,FIL-4004,4,0,47.7
SALE-05944,2025-12-07 17:23:47,CUST-144,Chennai South Hub,WH-South-FL,HYD-1001,1,0,479.92
SALE-05945,2026-01-16 20:29:06,CUST-124,Coimbatore South Central Hub,WH-SouthCentral-OK,FAS-3005,10,0,29.01
SALE-05946,2025-10-19 18:34:26,CUST-148,Nagpur Central Hub,WH-GreatLakes-MI,HYD-1003,4,0,85.26
SALE-05947,2025-09-10 20:59:15,CUST-116,Indore Central-West Hub,WH-Rockies-UT,HYD-1001,6,0,453.98
SALE-05948,2026-03-13 19:19:10,CUST-124,Guwahati Northeast Hub,WH-Northeast-NY,HYD-1005,3,0,132.98
SALE-05949,2026-02-11 20:46:41,CUST-160,Nagpur Central Hub,WH-GreatLakes-MI,ELE-2005,1,0,226.53
SALE-05950,2026-05-29 17:47:28,CUST-146,Bhubaneswar Southeast Hub,WH-Southeast-GA,ELE-2001,2,0,694.81
SALE-05951,2026-05-05 19:00:45,CUST-116,Nagpur Central Hub,WH-GreatLakes-MI,ELE-2002,1,0,125.17
SALE-05952,2026-01-29 17:25:08,CUST-114,Guwahati Northeast Hub,WH-Northeast-NY,HYD-1001,5,0,430.63
SALE-05953,2026-02-05 19:58:08,CUST-149,Bengaluru Technology Hub,WH-Pacific-WA,HYD-1001,6,0,471.86
SALE-05954,2025-10-11 17:03:32,CUST-122,Kolkata East Hub,WH-East-NC,ELE-2005,5,0,206.42
SALE-05955,2026-01-16 18:09:08,CUST-157,Pune Midwest Hub,WH-Midwest-OH,HYD-1001,5,3,448.89
SALE-05956,2026-02-27 18:00:40,CUST-129,Kolkata East Hub,WH-East-NC,ELE-2001,1,0,667.94
SALE-05957,2025-10-04 17:30:29,CUST-141,Chennai South Hub,WH-South-FL,HYD-1003,3,0,80.38
SALE-05958,2026-02-17 18:20:29,CUST-122,Bhubaneswar Southeast Hub,WH-Southeast-GA,FIL-4001,9,0,57.25
SALE-05959,2026-03-11 18:03:59,CUST-149,Bengaluru Technology Hub,WH-Pacific-WA,FAS-3003,4,0,21.57
SALE-05960,2026-02-26 18:11:11,CUST-125,Ahmedabad Southwest Hub,WH-Southwest-AZ,HYD-1004,2,0,184.58
SALE-05961,2025-09-11 20:04:06,CUST-144,Ahmedabad Southwest Hub,WH-Southwest-AZ,FIL-4003,9,4,41.52
SALE-05962,2026-04-27 19:29:14,CUST-146,Delhi North Hub,WH-North-IL,ELE-2003,1,0,71.42
SALE-05963,2026-04-21 17:11:57,CUST-118,Guwahati Northeast Hub,WH-Northeast-NY,HYD-1003,5,0,90.38
SALE-05964,2026-07-11 18:54:04,CUST-140,Delhi North Hub,WH-North-IL,FIL-4004,6,0,49.33
SALE-05965,2026-07-20 17:09:42,CUST-121,Chennai South Hub,WH-South-FL,FIL-4001,1,1,51.78
SALE-05966,2025-11-06 17:08:09,CUST-113,Indore Central-West Hub,WH-Rockies-UT,ELE-2004,1,0,383.14
SALE-05967,2026-07-07 20:47:36,CUST-126,Mumbai West Hub,WH-West-CA,ELE-2004,2,0,419.93
SALE-05968,2026-05-03 17:00:58,CUST-111,Lucknow Mid-India Hub,WH-MidAtlantic-VA,HYD-1005,3,0,150.21
SALE-05969,2025-09-05 20:07:23,CUST-102,Hyderabad Central Hub,WH-Central-TX,FIL-4003,4,0,44.83
SALE-05970,2026-03-08 17:18:30,CUST-133,Delhi North Hub,WH-North-IL,FIL-4002,11,0,32.78
SALE-05971,2025-09-15 19:22:27,CUST-116,Bhubaneswar Southeast Hub,WH-Southeast-GA,ELE-2004,2,0,401.72
SALE-05972,2026-02-22 17:54:22,CUST-142,Ahmedabad Southwest Hub,WH-Southwest-AZ,ELE-2001,2,0,686.59
SALE-05973,2025-10-19 18:54:16,CUST-157,Coimbatore South Central Hub,WH-SouthCentral-OK,FIL-4001,6,0,58.24
SALE-05974,2025-11-11 19:56:24,CUST-141,Ahmedabad Southwest Hub,WH-Southwest-AZ,FIL-4002,5,0,32.52
SALE-05975,2026-04-06 19:28:51,CUST-156,Coimbatore South Central Hub,WH-SouthCentral-OK,FIL-4002,2,0,33.68
SALE-05976,2025-09-30 18:59:50,CUST-137,Nagpur Central Hub,WH-GreatLakes-MI,FAS-3002,8,0,18.85
SALE-05977,2025-10-26 17:25:28,CUST-119,Pune Midwest Hub,WH-Midwest-OH,FIL-4002,6,0,33.88
SALE-05978,2026-05-15 17:46:05,CUST-127,Bengaluru Technology Hub,WH-Pacific-WA,FAS-3004,14,0,33.02
SALE-05979,2026-04-13 18:42:12,CUST-123,Mumbai West Hub,WH-West-CA,FAS-3002,8,0,17.11
SALE-05980,2025-11-12 18:14:00,CUST-104,Chennai South Hub,WH-South-FL,ELE-2003,4,0,79.37
SALE-05981,2026-04-29 18:01:00,CUST-127,Kolkata East Hub,WH-East-NC,FIL-4003,5,1,39.78
SALE-05982,2026-03-12 17:26:15,CUST-129,Hyderabad Central Hub,WH-Central-TX,ELE-2003,2,0,79.81
SALE-05983,2026-04-03 17:42:35,CUST-128,Nagpur Central Hub,WH-GreatLakes-MI,FIL-4003,6,0,43.75
SALE-05984,2026-04-21 19:48:28,CUST-143,Bhubaneswar Southeast Hub,WH-Southeast-GA,ELE-2002,2,0,130.74
SALE-05985,2025-10-24 18:21:48,CUST-123,Nagpur Central Hub,WH-GreatLakes-MI,FAS-3003,5,0,23.71
SALE-05986,2026-05-18 18:30:36,CUST-147,Kolkata East Hub,WH-East-NC,ELE-2004,1,0,377.32
SALE-05987,2025-11-18 19:44:04,CUST-145,Kolkata East Hub,WH-East-NC,ELE-2003,1,0,70.5
SALE-05988,2026-02-19 17:11:16,CUST-101,Bhubaneswar Southeast Hub,WH-Southeast-GA,FIL-4002,6,3,34.49
SALE-05989,2026-04-11 20:48:20,CUST-138,Hyderabad Central Hub,WH-Central-TX,FIL-4003,8,0,40.92
SALE-05990,2025-11-17 19:26:54,CUST-105,Ahmedabad Southwest Hub,WH-Southwest-AZ,HYD-1003,1,0,81.32
SALE-05991,2025-09-19 18:52:33,CUST-105,Bengaluru Technology Hub,WH-Pacific-WA,FAS-3005,12,0,30.79
SALE-05992,2025-12-27 19:27:13,CUST-120,Bengaluru Technology Hub,WH-Pacific-WA,HYD-1004,4,0,183.45
SALE-05993,2025-10-23 17:10:51,CUST-136,Chennai South Hub,WH-South-FL,FIL-4005,9,0,59.37
SALE-05994,2025-10-28 18:55:03,CUST-104,Pune Midwest Hub,WH-Midwest-OH,FAS-3001,12,0,24.23
SALE-05995,2025-12-07 19:49:41,CUST-153,Mumbai West Hub,WH-West-CA,FAS-3003,8,0,20.85
SALE-05996,2026-04-15 19:50:10,CUST-148,Pune Midwest Hub,WH-Midwest-OH,FAS-3004,6,0,35.97
SALE-05997,2025-11-22 19:15:51,CUST-149,Lucknow Mid-India Hub,WH-MidAtlantic-VA,HYD-1002,5,0,332.46
SALE-05998,2026-06-14 19:23:45,CUST-120,Hyderabad Central Hub,WH-Central-TX,HYD-1001,6,0,472.67
SALE-05999,2026-06-03 18:41:15,CUST-132,Guwahati Northeast Hub,WH-Northeast-NY,ELE-2004,3,0,396.59
SALE-06000,2026-01-05 20:59:00,CUST-108,Ahmedabad Southwest Hub,WH-Southwest-AZ,ELE-2002,2,0,118.83
